Handle,Title,Body (HTML),Vendor,Product Category,Type,Tags,Published,Option1 Name,Option1 Value,Option1 Linked To,Option2 Name,Option2 Value,Option2 Linked To,Option3 Name,Option3 Value,Option3 Linked To,Variant SKU,Variant Grams,Variant Inventory Tracker,Variant Inventory Qty,Variant Inventory Policy,Variant Fulfillment Service,Variant Price,Variant Compare At Price,Variant Requires Shipping,Variant Taxable,Unit Price Total Measure,Unit Price Total Measure Unit,Unit Price Base Measure,Unit Price Base Measure Unit,Variant Barcodes,Image Src,Image Position,Image Alt Text,Gift Card,SEO Title,SEO Description,Product rating count (product.metafields.reviews.rating_count),CODK Hide Product (product.metafields.seo.hidden),Age group (product.metafields.shopify.age-group),Color (product.metafields.shopify.color-pattern),Dress occasion (product.metafields.shopify.dress-occasion),Dress style (product.metafields.shopify.dress-style),Fabric (product.metafields.shopify.fabric),Neckline (product.metafields.shopify.neckline),Pants length type (product.metafields.shopify.pants-length-type),Set items included (product.metafields.shopify.set-items-included),Size (product.metafields.shopify.size),Skirt/Dress length type (product.metafields.shopify.skirt-dress-length-type),Sleeve length type (product.metafields.shopify.sleeve-length-type),Target gender (product.metafields.shopify.target-gender),Top length type (product.metafields.shopify.top-length-type),Variant Image,Variant Weight Unit,Variant Tax Code,Cost per item,Status
vichitra-silk-anarkali-lehenga-set,Vichitra Silk Anarkali Lehenga Set,"<p><span>STYLE CODE : 6075</span></p>
<p><span>ANARKALI DETAILS</span><span><br> </span><span>• Fabric : Heavy Vichitra Silk</span><span><br> </span><span>• Lining : Soft Micro Cotton</span><span><br> </span><span>• Work : Thread &amp; Sequence Work With Gotta Patti Lace</span><span><br> </span><span>• Flair : 3.5 Meters</span><span><br> </span><span>• Size : M(38), L(40), XL(42), XXL(44) With 3XL Margin</span></p>
<p><span>LEHENGA DETAILS</span><span><br> </span><span>• Fabric : Heavy Vichitra Silk</span><span><br> </span><span>• Lining : Soft Micro Cotton</span><span><br> </span><span>• Work : Lagadi Patta Lace</span><span><br> </span><span>• Flair : 2.5 Meters</span><span><br> </span><span>• Length : 42 Inches</span><span><br> </span><span>• Stitching : Fully Stitched Up To Size 44</span></p>
<p><span>DUPATTA DETAILS</span><span><br> </span><span>• Fabric : Heavy Vichitra Silk</span><span><br> </span><span>• Work : Thread &amp; Sequence Work</span><span><br> </span><span>• Length : 2.2 Meters</span></p>",Anjuclothing ,Apparel & Accessories > Clothing > Traditional & Ceremonial Clothing > Saris & Lehengas > Lehengas,"","",true,Size,M,,,,,,,,,0.0,shopify,10,deny,manual,1699.00,4500.00,true,false,,,,,"",https://cdn.shopify.com/s/files/1/1020/9912/4593/files/79E22484-5C5D-46F7-8E73-C2646FEA540A.png?v=1789627932,1,"",false,,,,,,,,,,,,,,,,,,,kg,,,active
vichitra-silk-anarkali-lehenga-set,,,,,,,,,L,,,,,,,,,0.0,shopify,10,deny,manual,1699.00,4500.00,true,false,,,,,"",https://cdn.shopify.com/s/files/1/1020/9912/4593/files/0CBBEFC4-105E-4444-93F5-4F047299B03C.jpg?v=1789627932,2,"",,,,,,,,,,,,,,,,,,,,kg,,,
vichitra-silk-anarkali-lehenga-set,,,,,,,,,XL,,,,,,,,,0.0,shopify,10,deny,manual,1699.00,4500.00,true,false,,,,,"",https://cdn.shopify.com/s/files/1/1020/9912/4593/files/E83B9B0A-5C01-4140-B732-3E459701F98E.jpg?v=1789627932,3,"",,,,,,,,,,,,,,,,,,,,kg,,,
vichitra-silk-anarkali-lehenga-set,,,,,,,,,2XL,,,,,,,,,0.0,shopify,10,deny,manual,1699.00,4500.00,true,false,,,,,"",https://cdn.shopify.com/s/files/1/1020/9912/4593/files/BE52C762-D796-458E-B79D-00F95ADDEE26.jpg?v=1789627932,4,"",,,,,,,,,,,,,,,,,,,,kg,,,
vichitra-silk-anarkali-lehenga-set,,,,,,,,,,,,,,,,,,,,,,,,,,,,,,,"",https://cdn.shopify.com/s/files/1/1020/9912/4593/files/5891E602-0061-4427-84CF-F97E0F5A8B2A.jpg?v=1789627932,5,"",,,,,,,,,,,,,,,,,,,,,,,
vichitra-silk-anarkali-lehenga-set,,,,,,,,,,,,,,,,,,,,,,,,,,,,,,,"",https://cdn.shopify.com/s/files/1/1020/9912/4593/files/C62FC0F2-6AA9-4312-8110-26FE6A29AE8F.jpg?v=1789627932,6,"",,,,,,,,,,,,,,,,,,,,,,,
faux-georgette-mirror-work-palazzo-set,Faux Georgette Mirror Work Palazzo Set,"<p><span>STYLE CODE : AF 1646</span></p>
<p><span>TOP DETAILS</span><span><br> </span><span>• Fabric : Faux Georgette</span><span><br> </span><span>• Lining : Soft Micro Inner</span><span><br> </span><span>• Work : Premium Handwork With Real Mirror</span><span><br> </span><span>• Length : 32 Inches</span><span><br> </span><span>• Size : M(38), L(40), XL(42), XXL(44) With 3XL Margin</span></p>
<p><span>PLAZZO DETAILS</span><span><br> </span><span>• Fabric : Faux Georgette</span><span><br> </span><span>• Lining : Comfortable Micro</span><span><br> </span><span>• Work : Plain</span><span><br> </span><span>• Size : Fully Stitched Up To Size 44 With Elastic Waistband</span></p>
<p><span>DUPATTA DETAILS</span><span><br> </span><span>• Fabric : Faux Georgette</span><span><br> </span><span>• Work : Fancy Lace With Moti Work</span><span><br> </span><span>• Length : 2.20 Meters</span></p>",Anjuclothing ,,"","",true,Size,M,,,,,,,,,0.0,shopify,10,deny,manual,1799.00,3500.00,true,false,,,,,"",https://cdn.shopify.com/s/files/1/1020/9912/4593/files/9F419097-C5B2-415F-9E18-2CA4156622DB.png?v=1789564514,1,"",false,,,,,,,,,,,,,,,,,,,kg,,,active
faux-georgette-mirror-work-palazzo-set,,,,,,,,,L,,,,,,,,,0.0,shopify,10,deny,manual,1799.00,3500.00,true,false,,,,,"",https://cdn.shopify.com/s/files/1/1020/9912/4593/files/9F550618-5134-431D-8397-70CB8D9F7BE7.jpg?v=1789564514,2,"",,,,,,,,,,,,,,,,,,,,kg,,,
faux-georgette-mirror-work-palazzo-set,,,,,,,,,XL,,,,,,,,,0.0,shopify,10,deny,manual,1799.00,3500.00,true,false,,,,,"",https://cdn.shopify.com/s/files/1/1020/9912/4593/files/C4235CE1-248F-4EA4-9AEA-0461C20F0244.jpg?v=1789564514,3,"",,,,,,,,,,,,,,,,,,,,kg,,,
faux-georgette-mirror-work-palazzo-set,,,,,,,,,XXL,,,,,,,,,0.0,shopify,10,deny,manual,1799.00,3500.00,true,false,,,,,"",https://cdn.shopify.com/s/files/1/1020/9912/4593/files/577F3653-5EC7-4E05-A9DE-3915BE8F7FF6.jpg?v=1789564514,4,"",,,,,,,,,,,,,,,,,,,,kg,,,
faux-georgette-mirror-work-palazzo-set,,,,,,,,,,,,,,,,,,,,,,,,,,,,,,,"",https://cdn.shopify.com/s/files/1/1020/9912/4593/files/591FEB80-AB9F-431E-AD33-973B0C146B69.jpg?v=1789564514,5,"",,,,,,,,,,,,,,,,,,,,,,,
faux-georgette-mirror-work-palazzo-set,,,,,,,,,,,,,,,,,,,,,,,,,,,,,,,"",https://cdn.shopify.com/s/files/1/1020/9912/4593/files/E08CD27E-7589-4972-8AAF-19297B150C46.jpg?v=1789564514,6,"",,,,,,,,,,,,,,,,,,,,,,,
pure-roman-silk-chanderi-gown-set,Pure Roman Silk Chanderi Gown Set,"<p><span>GOWN DETAILS</span><span><br> </span><span>• Fabric : Pure Roman Silk Chanderi</span><span><br> </span><span>• Inner : Micro Silk</span><span><br> </span><span>• Size : M, L, XL, XXL</span><span><br> </span><span>• Length : 55 Inches</span><span><br> </span><span>• Neck : Round Neck</span><span><br> </span><span>• Sleeves : 24 Inches</span><span><br> </span><span>• Stitching : Fully Stitched</span></p>
<p><span>JACKET DETAILS</span><span><br> </span><span>• Fabric : Pure Roman Silk Chanderi</span><span><br> </span><span>• Work : Embroidery &amp; Sequence Work</span><span><br> </span><span>• Inner : Micro Silk</span><span><br> </span><span>• Size : M/L Up To 40, XL/XXL Up To 44</span><span><br> </span><span>• Length : 15 Inches</span></p>
<p><span>DUPATTA DETAILS</span><span><br> </span><span>• Fabric : Pure Mal Chanderi Cotton</span><span><br> </span><span>• Work : Lace &amp; Moti Work</span><span><br> </span><span>• Length : 2.2 Meters</span></p>",Anjuclothing ,,"","",true,Size,M,,,,,,,,,0.0,shopify,10,deny,manual,1850.00,6500.00,true,false,,,,,"",https://cdn.shopify.com/s/files/1/1020/9912/4593/files/B7F436C0-8E94-4668-BF8E-CD21B25579C2.png?v=1789542518,1,"",false,,,,,,,,,,,,,,,,,,,kg,,,active
pure-roman-silk-chanderi-gown-set,,,,,,,,,L,,,,,,,,,0.0,shopify,10,deny,manual,1850.00,6500.00,true,false,,,,,"",https://cdn.shopify.com/s/files/1/1020/9912/4593/files/E2F2E717-825D-4D46-B7F0-100AD05FD611.jpg?v=1789542518,2,"",,,,,,,,,,,,,,,,,,,,kg,,,
pure-roman-silk-chanderi-gown-set,,,,,,,,,XL,,,,,,,,,0.0,shopify,10,deny,manual,1850.00,6500.00,true,false,,,,,"",https://cdn.shopify.com/s/files/1/1020/9912/4593/files/E612EAC5-8455-46E1-A103-F56736796022.jpg?v=1789542518,3,"",,,,,,,,,,,,,,,,,,,,kg,,,
pure-roman-silk-chanderi-gown-set,,,,,,,,,2XL,,,,,,,,,0.0,shopify,10,deny,manual,1850.00,6500.00,true,false,,,,,"",https://cdn.shopify.com/s/files/1/1020/9912/4593/files/FF2DDF6E-C530-4FE5-8E21-5A886B93B1CC.jpg?v=1789542518,4,"",,,,,,,,,,,,,,,,,,,,kg,,,
pure-sartin-jaquard-ghungroo-saree,Pure Sartin jaquard ghungroo saree,<p>▪️ Saree Fabric : Pure Sartin jaquard saree<br>▪️ Saree Work : weaving jaquard nd mina work in all over saree with hand khatli cutdana nd moti work with cording work fancy lace border nd tussels<br>▪️ Saree Cut : 5.5 Mtr<br>▪️ Blouse Fabric : Pure Sartin jaquard saree<br>▪️ Blouse Work : weaving Buti pattern blouse <br>▪️ Blouse Size : Unstitched 0.80 Meter Running With Saree</p>,Anjuclothing ,,"","",true,Colour,Rani pink,,,,,,,,,0.0,shopify,10,deny,manual,2450.00,8500.00,true,false,,,,,"",https://cdn.shopify.com/s/files/1/1020/9912/4593/files/IMG-2581.png?v=1789299838,1,"",false,,,,,,,,,,,,,,,,,,https://cdn.shopify.com/s/files/1/1020/9912/4593/files/IMG-2581.png?v=1789299838,kg,,,active
pure-sartin-jaquard-ghungroo-saree,,,,,,,,,Red,,,,,,,,,0.0,shopify,10,deny,manual,2450.00,8500.00,true,false,,,,,"",https://cdn.shopify.com/s/files/1/1020/9912/4593/files/90810947-9560-4626-8424-E99C06BB3609.jpg?v=1789299690,2,"",,,,,,,,,,,,,,,,,,,,kg,,,
pure-sartin-jaquard-ghungroo-saree,,,,,,,,,,,,,,,,,,,,,,,,,,,,,,,"",https://cdn.shopify.com/s/files/1/1020/9912/4593/files/6F31BAEC-F0BB-466B-867D-8E742F5DAF5D.jpg?v=1789299690,3,"",,,,,,,,,,,,,,,,,,,,,,,
pure-sartin-jaquard-ghungroo-saree,,,,,,,,,,,,,,,,,,,,,,,,,,,,,,,"",https://cdn.shopify.com/s/files/1/1020/9912/4593/files/EB174063-9F59-41FF-AD71-BDCE1EF907EF.jpg?v=1789299690,4,"",,,,,,,,,,,,,,,,,,,,,,,
pure-sartin-jaquard-ghungroo-saree,,,,,,,,,,,,,,,,,,,,,,,,,,,,,,,"",https://cdn.shopify.com/s/files/1/1020/9912/4593/files/6BC45EBB-D290-46D5-A277-321DC3447F94.jpg?v=1789299690,5,"",,,,,,,,,,,,,,,,,,,,,,,
pure-sartin-jaquard-ghungroo-saree,,,,,,,,,,,,,,,,,,,,,,,,,,,,,,,"",https://cdn.shopify.com/s/files/1/1020/9912/4593/files/79D808AE-2340-41DE-BC09-C3998C6C2DCC.jpg?v=1789299690,6,"",,,,,,,,,,,,,,,,,,,,,,,
pure-sartin-jaquard-ghungroo-saree,,,,,,,,,,,,,,,,,,,,,,,,,,,,,,,"",https://cdn.shopify.com/s/files/1/1020/9912/4593/files/A6CC3B55-C8BA-4792-B496-7B1CB99F4D45.jpg?v=1789299690,7,"",,,,,,,,,,,,,,,,,,,,,,,
georgette-zari-handpainted-corset-anarkali,Georgette Zari Handpainted Corset Anarkali,"<p><span>STYLE CODE : AF-348</span></p>
<p><span>ANARKALI DETAILS</span><span><br> </span><span>• Fabric : Georgette</span><span><br> </span><span>• Style : Corset Pattern Anarkali</span><span><br> </span><span>• Work : Zari &amp; Handpaint Work</span><span><br> </span><span>• Flair : 7 Meters</span><span><br> </span><span>• Size : 34, 36, 38, 40, 42 With 44 Margin</span><span><br> </span><span>• Stitching : Fully Stitched</span></p>
<p><span>PANT DETAILS</span><span><br> </span><span>• Fabric : Butter Silk</span><span><br> </span><span>• Waist : Elastic</span></p>
<p><span>DUPATTA DETAILS</span><span><br> </span><span>• Fabric : Georgette</span><span><br> </span><span>• Work : Zari &amp; Handpaint Work</span><span><br> </span><span>• Length : 2.20 Meters</span></p>",Anjuclothing ,,"","",true,Size,XS,,,,,,,,,0.0,shopify,10,deny,manual,1850.00,6500.00,true,false,,,,,"",https://cdn.shopify.com/s/files/1/1020/9912/4593/files/214FB823-83F1-4020-B440-4969CA948B87.png?v=1789126274,1,"",false,,,,,,,,,,,,,,,,,,,kg,,,active
georgette-zari-handpainted-corset-anarkali,,,,,,,,,S,,,,,,,,,0.0,shopify,10,deny,manual,1850.00,6500.00,true,false,,,,,"",https://cdn.shopify.com/s/files/1/1020/9912/4593/files/D2CADE19-0876-49A2-8178-5EAD642D8964.png?v=1789126274,2,"",,,,,,,,,,,,,,,,,,,,kg,,,
georgette-zari-handpainted-corset-anarkali,,,,,,,,,M,,,,,,,,,0.0,shopify,10,deny,manual,1850.00,6500.00,true,false,,,,,"",https://cdn.shopify.com/s/files/1/1020/9912/4593/files/C021DEB4-36D7-4560-AE1A-935E79B04E6A.jpg?v=1789126274,3,"",,,,,,,,,,,,,,,,,,,,kg,,,
georgette-zari-handpainted-corset-anarkali,,,,,,,,,L,,,,,,,,,0.0,shopify,10,deny,manual,1850.00,6500.00,true,false,,,,,"",https://cdn.shopify.com/s/files/1/1020/9912/4593/files/351D1F0C-E9E3-4303-8EBA-2B2918C4BC87.jpg?v=1789126274,4,"",,,,,,,,,,,,,,,,,,,,kg,,,
georgette-zari-handpainted-corset-anarkali,,,,,,,,,XL,,,,,,,,,0.0,shopify,10,deny,manual,1850.00,6500.00,true,false,,,,,"",https://cdn.shopify.com/s/files/1/1020/9912/4593/files/B8C15EEC-946F-4171-8F92-9D9FE443E42A.jpg?v=1789126274,5,"",,,,,,,,,,,,,,,,,,,,kg,,,
faux-georgette-mirror-work-gown-set,Faux Georgette Mirror Work Gown Set,"<p><span>STYLE CODE : AF-7123</span></p>
<p><span>GOWN DETAILS</span><span><br> </span><span>• Fabric : Faux Georgette</span><span><br> </span><span>• Work : Fancy Mirror Work With Attached Cups</span><span><br> </span><span>• Inner : Micro</span><span><br> </span><span>• Length : 48 Inches</span><span><br> </span><span>• Flair : 3 Meters</span><span><br> </span><span>• Size : M(38), L(40), XL(42), XXL(44)</span></p>
<p><span>PLAZZO DETAILS</span><span><br> </span><span>• Fabric : Faux Georgette</span><span><br> </span><span>• Inner : Micro</span><span><br> </span><span>• Size : Free Size</span><span><br> </span><span>• Length : 40 Inches</span><span><br> </span><span>• Stitching : Fully Stitched</span></p>
<p><span>DUPATTA DETAILS</span><span><br> </span><span>• Fabric : Faux Georgette</span><span><br> </span><span>• Length : 2.2 Meters</span></p>",Anjuclothing ,,"","",true,Size,M,,,,,,,,,0.0,shopify,10,deny,manual,1399.00,3500.00,true,false,,,,,"",https://cdn.shopify.com/s/files/1/1020/9912/4593/files/70A63A56-0E42-4984-A0A3-816ABC89BDB7.png?v=1789107245,1,"",false,,,,,,,,,,,,,,,,,,,kg,,,active
faux-georgette-mirror-work-gown-set,,,,,,,,,L,,,,,,,,,0.0,shopify,10,deny,manual,1399.00,3500.00,true,false,,,,,"",https://cdn.shopify.com/s/files/1/1020/9912/4593/files/7D204247-7594-45A2-9109-CDE45E8FDF6C.jpg?v=1789107244,2,"",,,,,,,,,,,,,,,,,,,,kg,,,
faux-georgette-mirror-work-gown-set,,,,,,,,,XL,,,,,,,,,0.0,shopify,10,deny,manual,1399.00,3500.00,true,false,,,,,"",https://cdn.shopify.com/s/files/1/1020/9912/4593/files/BB38DA3A-C534-4F2F-A5F2-29444165FE03.jpg?v=1789107245,3,"",,,,,,,,,,,,,,,,,,,,kg,,,
faux-georgette-mirror-work-gown-set,,,,,,,,,2XL,,,,,,,,,0.0,shopify,10,deny,manual,1399.00,3500.00,true,false,,,,,"",https://cdn.shopify.com/s/files/1/1020/9912/4593/files/930FBB56-03BA-4DE3-8786-38392640500C.jpg?v=1789107244,4,"",,,,,,,,,,,,,,,,,,,,kg,,,
faux-georgette-mirror-work-gown-set,,,,,,,,,,,,,,,,,,,,,,,,,,,,,,,"",https://cdn.shopify.com/s/files/1/1020/9912/4593/files/D3B8B000-BE34-4FA8-A367-04CD36DF7A44.jpg?v=1789107245,5,"",,,,,,,,,,,,,,,,,,,,,,,
fendy-silk-sleeveless-embroidered-set,Fendy Silk Sleeveless Embroidered Set,"<p><span>STYLE CODE : AF-7122</span></p>
<p><span>TOP DETAILS</span><span><br> </span><span>• Fabric : Fendy Silk</span><span><br> </span><span>• Work : Heavy Embroidery &amp; Sequence Work</span><span><br> </span><span>• Sleeves : Sleeveless</span><span><br> </span><span>• Inner : Micro</span><span><br> </span><span>• Length : 41–42 Inches</span><span><br> </span><span>• Size : M(38), L(40), XL(42), XXL(44)</span></p>
<p><span>PLAZZO DETAILS</span><span><br> </span><span>• Fabric : Fendy Silk</span><span><br> </span><span>• Inner : Micro</span><span><br> </span><span>• Style : Full Flair</span><span><br> </span><span>• Size : Free Size</span><span><br> </span><span>• Length : 40 Inches</span><span><br> </span><span>• Stitching : Fully Stitched</span></p>
<p><span>DUPATTA DETAILS</span><span><br> </span><span>• Fabric : Fendy Silk</span><span><br> </span><span>• Work : Four-Side Fancy Lace</span><span><br> </span><span>• Length : 2.2 Meters</span></p>",Anjuclothing ,Apparel & Accessories > Clothing > Traditional & Ceremonial Clothing > Salwar Kameez & Suit Sets,"","",true,Colour,Golden,,Size,M,,,,,,0.0,shopify,10,deny,manual,1599.00,,true,false,,,,,"",https://cdn.shopify.com/s/files/1/1020/9912/4593/files/463CF62D-507B-4220-853E-6D7708DB3FB9.png?v=1789114671,1,"",false,,,,,,,,,,round,,,,,sleeveless,,,,kg,,,active
fendy-silk-sleeveless-embroidered-set,,,,,,,,,Green,,,M,,,,,,0.0,shopify,10,deny,manual,1599.00,,true,false,,,,,"",https://cdn.shopify.com/s/files/1/1020/9912/4593/files/DB7C1B6A-B4B2-4869-9C19-204B28484B53.jpg?v=1789059469,2,"",,,,,,,,,,,,,,,,,,,,kg,,,
fendy-silk-sleeveless-embroidered-set,,,,,,,,,Golden,,,L,,,,,,0.0,shopify,10,deny,manual,1599.00,,true,false,,,,,"",https://cdn.shopify.com/s/files/1/1020/9912/4593/files/88DCFB45-F5D7-464E-868E-3D54F7B9F295.jpg?v=1789059469,3,"",,,,,,,,,,,,,,,,,,,,kg,,,
fendy-silk-sleeveless-embroidered-set,,,,,,,,,Golden,,,XL,,,,,,0.0,shopify,10,deny,manual,1599.00,,true,false,,,,,"",https://cdn.shopify.com/s/files/1/1020/9912/4593/files/9CACF870-DD5E-40C8-BDFB-76B5882E0FEF.jpg?v=1789059469,4,"",,,,,,,,,,,,,,,,,,,,kg,,,
fendy-silk-sleeveless-embroidered-set,,,,,,,,,Golden,,,2XL,,,,,,0.0,shopify,10,deny,manual,1599.00,,true,false,,,,,"",https://cdn.shopify.com/s/files/1/1020/9912/4593/files/F08B5BE5-100E-4458-9B39-04810656946C.jpg?v=1789059469,5,"",,,,,,,,,,,,,,,,,,,,kg,,,
fendy-silk-sleeveless-embroidered-set,,,,,,,,,Green,,,L,,,,,,0.0,shopify,10,deny,manual,1599.00,,true,false,,,,,"",,,,,,,,,,,,,,,,,,,,,,,kg,,,
fendy-silk-sleeveless-embroidered-set,,,,,,,,,Green,,,XL,,,,,,0.0,shopify,10,deny,manual,1599.00,,true,false,,,,,"",,,,,,,,,,,,,,,,,,,,,,,kg,,,
fendy-silk-sleeveless-embroidered-set,,,,,,,,,Green,,,2XL,,,,,,0.0,shopify,10,deny,manual,1599.00,,true,false,,,,,"",,,,,,,,,,,,,,,,,,,,,,,kg,,,
salsa-silk-mirror-work-set,Salsa Silk Mirror Work Set,"<p><span>STYLE CODE : AF 1642</span></p>
<p><span>TOP DETAILS</span><span><br> </span><span>• Fabric : Salsa Silk</span><span><br> </span><span>• Work : Original Mirror Work</span><span><br> </span><span>• Length : 47 Inches</span><span><br> </span><span>• Size : M(38), L(40), XL(42), XXL(44) With 3XL Margin</span></p>
<p><span>PLAZZO DETAILS</span><span><br> </span><span>• Fabric : Salsa Silk</span><span><br> </span><span>• Length : Soft Micro Cotton</span><span><br> </span><span>• Size : Fully Stitched Up To Size 44 With Elastic Waistband &amp; Canvas Belt</span></p>
<p><span>INNERTUBE DETAILS</span><span><br> </span><span>• Fabric : Rayon</span><span><br> </span><span>• Lining : Soft Micro Inner</span><span><br> </span><span>• Work : Digital Print</span><span><br> </span><span>• Size : M(38), L(40), XL(42), XXL(44) With 3XL Margin</span><span><br> </span><span>• Padded : Yes</span><span><br> </span><span>• Closure : Side Zipper</span></p>",Anjuclothing ,Apparel & Accessories > Clothing > Traditional & Ceremonial Clothing > Salwar Kameez & Suit Sets,"","",true,Size,M,,,,,,,,,0.0,shopify,10,deny,manual,1450.00,2500.00,true,false,,,,,"",https://cdn.shopify.com/s/files/1/1020/9912/4593/files/7EB0C4C7-4ED0-4BD7-AD69-44BDE58FEEA8.png?v=1789141939,1,"",false,,,,,,,,,,round,,,,,long,,,,kg,,,active
salsa-silk-mirror-work-set,,,,,,,,,L,,,,,,,,,0.0,shopify,10,deny,manual,1450.00,2500.00,true,false,,,,,"",https://cdn.shopify.com/s/files/1/1020/9912/4593/files/32336031-4D99-411F-91B4-A848976AA947.jpg?v=1789057487,2,"",,,,,,,,,,,,,,,,,,,,kg,,,
salsa-silk-mirror-work-set,,,,,,,,,XL,,,,,,,,,0.0,shopify,10,deny,manual,1450.00,2500.00,true,false,,,,,"",https://cdn.shopify.com/s/files/1/1020/9912/4593/files/81096641-7EA7-4DFA-A9DA-5B5529307951.jpg?v=1789057487,3,"",,,,,,,,,,,,,,,,,,,,kg,,,
salsa-silk-mirror-work-set,,,,,,,,,2XL,,,,,,,,,0.0,shopify,10,deny,manual,1450.00,2500.00,true,false,,,,,"",https://cdn.shopify.com/s/files/1/1020/9912/4593/files/427641B8-4E72-4892-A1CF-569E0C1CE4FB.jpg?v=1789057487,4,"",,,,,,,,,,,,,,,,,,,,kg,,,
salsa-silk-mirror-work-set,,,,,,,,,,,,,,,,,,,,,,,,,,,,,,,"",https://cdn.shopify.com/s/files/1/1020/9912/4593/files/2254FCDD-0418-4B17-99B1-5142AB6978A0.jpg?v=1789057487,5,"",,,,,,,,,,,,,,,,,,,,,,,
salsa-silk-mirror-work-set,,,,,,,,,,,,,,,,,,,,,,,,,,,,,,,"",https://cdn.shopify.com/s/files/1/1020/9912/4593/files/CFF67895-1640-4B39-825B-2535E967794C.jpg?v=1789057487,6,"",,,,,,,,,,,,,,,,,,,,,,,
salsa-silk-mirror-work-set,,,,,,,,,,,,,,,,,,,,,,,,,,,,,,,"",https://cdn.shopify.com/s/files/1/1020/9912/4593/files/0AD6E9C3-904D-4144-969C-AC0695A2FB86.jpg?v=1789057487,7,"",,,,,,,,,,,,,,,,,,,,,,,
fendy-silk-morpankh-embroidered-flared-gown-set,Fendy Silk Morpankh Embroidered Flared Gown Set,"<p><span>GOWN DETAILS</span><span><br> </span><span>• Fabric : Fendy Silk</span><span><br> </span><span>• Work : Sequence Embroidery Work</span><span><br> </span><span>• Sleeves : Full Sleeves</span><span><br> </span><span>• Inner : Heavy Micro Cotton</span><span><br> </span><span>• Length : 49–50 Inches</span><span><br> </span><span>• Flair : 4 Meters</span><span><br> </span><span>• Size : M(38), L(40), XL(42), XXL(44)</span><span><br> </span><span>• Stitching : Fully Stitched Ready To Wear</span></p>
<p><span>PANT DETAILS</span><span><br> </span><span>• Fabric : Micro Cotton</span><span><br> </span><span>• Length : 39–40 Inches</span></p>
<p><span>DUPATTA DETAILS</span><span><br> </span><span>• Fabric : Fendy Silk</span><span><br> </span><span>• Work : Sequence Embroidery Work</span></p>",Anjuclothing ,,"","",true,Colour,White,,Size,M,,,,,,0.0,shopify,10,deny,manual,2150.00,6500.00,true,false,,,,,"",https://cdn.shopify.com/s/files/1/1020/9912/4593/files/7CDA412E-3B71-4BA2-9FB2-2E43FDE61E78.png?v=1789131072,1,"",false,,,,,,,,,,,,,,,,,,,kg,,,active
fendy-silk-morpankh-embroidered-flared-gown-set,,,,,,,,,Red,,,M,,,,,,0.0,shopify,10,deny,manual,2150.00,6500.00,true,false,,,,,"",https://cdn.shopify.com/s/files/1/1020/9912/4593/files/051B60C2-7B8B-4E24-9C8D-A398F4EFFA2D.jpg?v=1789046205,2,"",,,,,,,,,,,,,,,,,,,,kg,,,
fendy-silk-morpankh-embroidered-flared-gown-set,,,,,,,,,White,,,L,,,,,,0.0,shopify,10,deny,manual,2150.00,6500.00,true,false,,,,,"",https://cdn.shopify.com/s/files/1/1020/9912/4593/files/31D4B45C-83B4-4EBF-A782-63F16CFB41C5.jpg?v=1789046204,3,"",,,,,,,,,,,,,,,,,,,,kg,,,
fendy-silk-morpankh-embroidered-flared-gown-set,,,,,,,,,White,,,XL,,,,,,0.0,shopify,10,deny,manual,2150.00,6500.00,true,false,,,,,"",https://cdn.shopify.com/s/files/1/1020/9912/4593/files/IMG-2227.png?v=1789131274,4,"",,,,,,,,,,,,,,,,,,,,kg,,,
fendy-silk-morpankh-embroidered-flared-gown-set,,,,,,,,,White,,,2XL,,,,,,0.0,shopify,10,deny,manual,2150.00,6500.00,true,false,,,,,"",https://cdn.shopify.com/s/files/1/1020/9912/4593/files/25FE4165-7589-40D7-A95F-6ED42211B4A8.jpg?v=1789046204,5,"",,,,,,,,,,,,,,,,,,,,kg,,,
fendy-silk-morpankh-embroidered-flared-gown-set,,,,,,,,,Red,,,L,,,,,,0.0,shopify,10,deny,manual,2150.00,6500.00,true,false,,,,,"",https://cdn.shopify.com/s/files/1/1020/9912/4593/files/8E0F6BA9-F6A0-477A-868D-3329496E86D6.jpg?v=1789046204,6,"",,,,,,,,,,,,,,,,,,,,kg,,,
fendy-silk-morpankh-embroidered-flared-gown-set,,,,,,,,,Red,,,XL,,,,,,0.0,shopify,10,deny,manual,2150.00,6500.00,true,false,,,,,"",https://cdn.shopify.com/s/files/1/1020/9912/4593/files/9EBF6D04-0736-48C0-819E-91CB95F9C23F.jpg?v=1789046204,7,"",,,,,,,,,,,,,,,,,,,,kg,,,
fendy-silk-morpankh-embroidered-flared-gown-set,,,,,,,,,Red,,,2XL,,,,,,0.0,shopify,10,deny,manual,2150.00,6500.00,true,false,,,,,"",,,,,,,,,,,,,,,,,,,,,,,kg,,,
doremon-crush-embroidered-gown-set,Doremon Crush Embroidered Gown Set,"<p><span>GOWN DETAILS</span><span><br> </span><span>• Fabric : Doremon Crush</span><span><br> </span><span>• Work : Embroidery &amp; Sequence Work</span><span><br> </span><span>• Sleeves : Sleeveless</span><span><br> </span><span>• Inner : Heavy Micro Cotton</span><span><br> </span><span>• Size : M(38), L(40), XL(42), XXL(44)</span><span><br> </span><span>• Stitching : Fully Stitched Ready To Wear</span></p>
<p><span>PENT DETAILS</span><span><br> </span><span>• Fabric : Micro Cotton</span></p>
<p><span>DUPATTA DETAILS</span><span><br> </span><span>• Fabric : Nazmin</span><span><br> </span><span>• Work : Lace Border</span></p>",Anjuclothing ,Apparel & Accessories > Clothing > Traditional & Ceremonial Clothing > Salwar Kameez & Suit Sets,"","",true,Size,M,,,,,,,,,0.0,shopify,10,deny,manual,1799.00,6500.00,true,false,,,,,"",https://cdn.shopify.com/s/files/1/1020/9912/4593/files/60F10D5E-5B63-491B-A245-AD4252E6FF89.png?v=1789112436,1,"",false,,,,,,,,,,round,,,,,sleeveless,,,,kg,,,active
doremon-crush-embroidered-gown-set,,,,,,,,,L,,,,,,,,,0.0,shopify,10,deny,manual,1799.00,6500.00,true,false,,,,,"",https://cdn.shopify.com/s/files/1/1020/9912/4593/files/3FD5D65B-9DD1-414B-8877-F0C97E1B8221.jpg?v=1789042892,2,"",,,,,,,,,,,,,,,,,,,,kg,,,
doremon-crush-embroidered-gown-set,,,,,,,,,XL,,,,,,,,,0.0,shopify,10,deny,manual,1799.00,6500.00,true,false,,,,,"",https://cdn.shopify.com/s/files/1/1020/9912/4593/files/1EA4D04D-C875-4236-B710-BFBA75C8945F.jpg?v=1789042892,3,"",,,,,,,,,,,,,,,,,,,,kg,,,
doremon-crush-embroidered-gown-set,,,,,,,,,2XL,,,,,,,,,0.0,shopify,10,deny,manual,1799.00,6500.00,true,false,,,,,"",https://cdn.shopify.com/s/files/1/1020/9912/4593/files/A3593890-A094-4D48-9469-E6BD9BBBD0D4.jpg?v=1789042892,4,"",,,,,,,,,,,,,,,,,,,,kg,,,
doremon-crush-embroidered-gown-set,,,,,,,,,,,,,,,,,,,,,,,,,,,,,,,"",https://cdn.shopify.com/s/files/1/1020/9912/4593/files/C7BF9821-D935-4A39-B75C-C2841A63C4EF.jpg?v=1789042891,5,"",,,,,,,,,,,,,,,,,,,,,,,
premium-maska-cotton-real-hand-mirror-work-top-pant-with-digital-print-dupatta-set,Premium Maska Cotton Real Hand Mirror Work Top Pant With Digital Print Dupatta Set,"<p><span>TOP DETAILS</span><span><br> </span><span>• Fabric : Maska Cotton &amp; Digital Print</span><span><br> </span><span>• Work : Real Hand Mirror Work</span><span><br> </span><span>• Sleeve : Fancy Sleeve Lace Work</span><span><br> </span><span>• Inner : Micro</span><span><br> </span><span>• Length : 47-48 Inches</span><span><br> </span><span>• Size : M-38, L-40, XL-42, XXL-44</span></p>
<p><span>PANT DETAILS</span><span><br> </span><span>• Fabric : Cotton Silk</span><span><br> </span><span>• Length : 39-40 Inches</span><span><br> </span><span>• Stitching : Fully Stitched</span></p>
<p><span>DUPATTA DETAILS</span><span><br> </span><span>• Fabric : Maska Cotton &amp; Digital Print</span><span><br> </span><span>• Work : Real Hand Mirror Work</span><span><br> </span><span>• Length : 2.30 Meters</span></p>",Anjuclothing ,,"","",true,Size,M,,,,,,,,,0.0,shopify,10,deny,manual,1499.00,3500.00,true,false,,,,,"",https://cdn.shopify.com/s/files/1/1020/9912/4593/files/6D8EF66B-F82B-42B2-8E49-3D163D7C620F.png?v=1789141939,1,"",false,,,,,,,,,,,,,,,,,,,kg,,,active
premium-maska-cotton-real-hand-mirror-work-top-pant-with-digital-print-dupatta-set,,,,,,,,,L,,,,,,,,,0.0,shopify,10,deny,manual,1499.00,3500.00,true,false,,,,,"",https://cdn.shopify.com/s/files/1/1020/9912/4593/files/15E2F28A-7FC0-4FFA-8A15-402E55087277.jpg?v=1789021133,2,"",,,,,,,,,,,,,,,,,,,,kg,,,
premium-maska-cotton-real-hand-mirror-work-top-pant-with-digital-print-dupatta-set,,,,,,,,,XL,,,,,,,,,0.0,shopify,10,deny,manual,1499.00,3500.00,true,false,,,,,"",https://cdn.shopify.com/s/files/1/1020/9912/4593/files/26F760A5-9238-4659-8AD8-D04D3119814E.jpg?v=1789021133,3,"",,,,,,,,,,,,,,,,,,,,kg,,,
premium-maska-cotton-real-hand-mirror-work-top-pant-with-digital-print-dupatta-set,,,,,,,,,2XL,,,,,,,,,0.0,shopify,10,deny,manual,1499.00,3500.00,true,false,,,,,"",https://cdn.shopify.com/s/files/1/1020/9912/4593/files/CF14C497-25D9-46B9-88F0-1C240259628F.jpg?v=1789021133,4,"",,,,,,,,,,,,,,,,,,,,kg,,,
premium-fendy-silk-sequence-embroidery-gown-with-dupatta-set,Premium Fendy Silk Sequence Embroidery Gown With Dupatta Set,"<p><span>GOWN DETAILS</span><span><br> </span><span>• Fabric : Fendy Silk</span><span><br> </span><span>• Work : Sequence Embroidery Work</span><span><br> </span><span>• Sleeves : 20 Inches</span><span><br> </span><span>• Length : 56 Inches</span><span><br> </span><span>• Size : M, L, XL, XXL</span><span><br> </span><span>• Stitching : Fully Stitched</span></p>
<p><span>DUPATTA DETAILS</span><span><br> </span><span>• Fabric : Fendy Silk</span><span><br> </span><span>• Work : Sequence Embroidery Work</span><span><br> </span><span>• Length : 2.20 Meters</span></p>",Anjuclothing ,,"","",true,Colour,Orange,,Size,M,,,,,,0.0,shopify,10,deny,manual,1799.00,4500.00,true,false,,,,,"",https://cdn.shopify.com/s/files/1/1020/9912/4593/files/87179A64-5F71-46F3-9189-6D05A6800324.png?v=1789112550,1,"",false,,,,,,,,,,,,,,,,,,,kg,,,active
premium-fendy-silk-sequence-embroidery-gown-with-dupatta-set,,,,,,,,,Orange,,,L,,,,,,0.0,shopify,10,deny,manual,1799.00,4500.00,true,false,,,,,"",https://cdn.shopify.com/s/files/1/1020/9912/4593/files/8DC8E4A5-4F98-4FAB-A5A8-CA22BAB05A55.jpg?v=1789018072,2,"",,,,,,,,,,,,,,,,,,,,kg,,,
premium-fendy-silk-sequence-embroidery-gown-with-dupatta-set,,,,,,,,,Orange,,,XL,,,,,,0.0,shopify,10,deny,manual,1799.00,4500.00,true,false,,,,,"",https://cdn.shopify.com/s/files/1/1020/9912/4593/files/F322E303-E695-489B-9CC3-80CF48626BE8.jpg?v=1789018072,3,"",,,,,,,,,,,,,,,,,,,,kg,,,
premium-fendy-silk-sequence-embroidery-gown-with-dupatta-set,,,,,,,,,Orange,,,2XL,,,,,,0.0,shopify,10,deny,manual,1799.00,4500.00,true,false,,,,,"",https://cdn.shopify.com/s/files/1/1020/9912/4593/files/6D8C85ED-4DE5-40BA-BD51-FF5DB3DCE813.jpg?v=1789018072,4,"",,,,,,,,,,,,,,,,,,,,kg,,,
premium-fendy-silk-sequence-embroidery-gown-with-dupatta-set,,,,,,,,,Blue,,,M,,,,,,0.0,shopify,10,deny,manual,1799.00,4500.00,true,false,,,,,"",https://cdn.shopify.com/s/files/1/1020/9912/4593/files/08A0C7AE-0A89-4DD5-B00A-E52BE4F3DF63.jpg?v=1789018072,5,"",,,,,,,,,,,,,,,,,,,,kg,,,
premium-fendy-silk-sequence-embroidery-gown-with-dupatta-set,,,,,,,,,Blue,,,L,,,,,,0.0,shopify,10,deny,manual,1799.00,4500.00,true,false,,,,,"",https://cdn.shopify.com/s/files/1/1020/9912/4593/files/BFF3CD00-3A09-4171-96DA-09002925AD7C.jpg?v=1789018072,6,"",,,,,,,,,,,,,,,,,,,,kg,,,
premium-fendy-silk-sequence-embroidery-gown-with-dupatta-set,,,,,,,,,Blue,,,XL,,,,,,0.0,shopify,10,deny,manual,1799.00,4500.00,true,false,,,,,"",https://cdn.shopify.com/s/files/1/1020/9912/4593/files/DCD56328-7817-4A6D-B951-935EF2F8A14D.jpg?v=1789018072,7,"",,,,,,,,,,,,,,,,,,,,kg,,,
premium-fendy-silk-sequence-embroidery-gown-with-dupatta-set,,,,,,,,,Blue,,,2XL,,,,,,0.0,shopify,10,deny,manual,1799.00,4500.00,true,false,,,,,"",,,,,,,,,,,,,,,,,,,,,,,kg,,,
roman-silk-mirror-work-anarkali-set,Roman Silk Mirror Work Anarkali Set,"<p><span>GOWN DETAILS</span><span><br> </span><span>• Fabric : Roman Silk</span><span><br> </span><span>• Work : Embroidery, Sequence &amp; Real Mirror Work</span><span><br> </span><span>• Sleeves : Full Sleeves</span><span><br> </span><span>• Inner : Heavy Micro Cotton</span><span><br> </span><span>• Length : 48–49 Inches</span><span><br> </span><span>• Size : M(38), L(40), XL(42), XXL(44)</span><span><br> </span><span>• Stitching : Fully Stitched Ready To Wear</span></p>
<p><span>BOTTOM DETAILS</span><span><br> </span><span>• Fabric : Roman Silk</span><span><br> </span><span>• Length : 39–40 Inches</span></p>
<p><span>DUPATTA DETAILS</span><span><br> </span><span>• Fabric : Roman Silk</span><span><br> </span><span>• Work : Embroidery &amp; Sequence Work</span><span><br> </span><span>• Length : 2.10 Meters</span></p>",Anjuclothing ,Apparel & Accessories > Clothing > Traditional & Ceremonial Clothing > Salwar Kameez & Suit Sets,"","",true,Size,M,,,,,,,,,0.0,shopify,10,deny,manual,1699.00,5500.00,true,false,,,,,"",https://cdn.shopify.com/s/files/1/1020/9912/4593/files/IMG-2271.png?v=1789134727,1,"",false,,,,,,,,,,v-neck,,,,,long,,,,kg,,,active
roman-silk-mirror-work-anarkali-set,,,,,,,,,L,,,,,,,,,0.0,shopify,10,deny,manual,1699.00,5500.00,true,false,,,,,"",https://cdn.shopify.com/s/files/1/1020/9912/4593/files/F78F146D-F314-43FD-B6BE-8515F824F953.jpg?v=1788879983,2,"",,,,,,,,,,,,,,,,,,,,kg,,,
roman-silk-mirror-work-anarkali-set,,,,,,,,,XL,,,,,,,,,0.0,shopify,10,deny,manual,1699.00,5500.00,true,false,,,,,"",https://cdn.shopify.com/s/files/1/1020/9912/4593/files/18F295C1-AD4B-420B-B302-64656A5A372B.jpg?v=1788879983,3,"",,,,,,,,,,,,,,,,,,,,kg,,,
roman-silk-mirror-work-anarkali-set,,,,,,,,,2XL,,,,,,,,,0.0,shopify,10,deny,manual,1699.00,5500.00,true,false,,,,,"",https://cdn.shopify.com/s/files/1/1020/9912/4593/files/91B57C1C-3B5A-4DEF-A8A1-A8E5149C6AA7.jpg?v=1788879983,4,"",,,,,,,,,,,,,,,,,,,,kg,,,
fendy-silk-embroidered-sharara-set,Fendy Silk Embroidered Sharara Set,"<p><span>TOP DETAILS</span><span><br> </span><span>• Fabric : Fendy Silk</span><span><br> </span><span>• Work : Embroidery &amp; Sequence Work</span><span><br> </span><span>• Sleeves : Full Sleeves</span><span><br> </span><span>• Inner : Heavy Micro Cotton</span><span><br> </span><span>• Size : S(36), M(38), L(40), XL(42), XXL(44)</span><span><br> </span><span>• Stitching : Fully Stitched Ready To Wear</span></p>
<p><span>SHARARA PLAZZO DETAILS</span><span><br> </span><span>• Fabric : Fendy Silk</span><span><br> </span><span>• Style : Full Flair Sharara Palazzo</span><span><br> </span><span>• Length : 40–41 Inches</span></p>
<p><span>DUPATTA DETAILS</span><span><br> </span><span>• Fabric : Fendy Silk</span><span><br> </span><span>• Work : Embroidery &amp; Sequence Work With Lace Border</span></p>",Anjuclothing ,,"","",true,Colour,Teal,,Size,S,,,,,,0.0,shopify,10,deny,manual,1200.00,,true,false,,,,,"",https://cdn.shopify.com/s/files/1/1020/9912/4593/files/IMG-2337.png?v=1789142640,1,"",false,,,,,,,,,,,,,,,,,,,kg,,,active
fendy-silk-embroidered-sharara-set,,,,,,,,,Pink,,,S,,,,,,0.0,shopify,10,deny,manual,1200.00,,true,false,,,,,"",https://cdn.shopify.com/s/files/1/1020/9912/4593/files/A1C7E444-0BA5-4D2B-BAD1-11215464DE34.jpg?v=1788794948,2,"",,,,,,,,,,,,,,,,,,,,kg,,,
fendy-silk-embroidered-sharara-set,,,,,,,,,Teal,,,M,,,,,,0.0,shopify,10,deny,manual,1200.00,,true,false,,,,,"",https://cdn.shopify.com/s/files/1/1020/9912/4593/files/B25E771A-D460-46D3-A8B7-3E713BBB5B2A.jpg?v=1788794948,3,"",,,,,,,,,,,,,,,,,,,,kg,,,
fendy-silk-embroidered-sharara-set,,,,,,,,,Teal,,,L,,,,,,0.0,shopify,10,deny,manual,1200.00,,true,false,,,,,"",https://cdn.shopify.com/s/files/1/1020/9912/4593/files/5AD5A7CA-80E6-4D03-B7DC-83ADB1C65B0E.jpg?v=1788794948,4,"",,,,,,,,,,,,,,,,,,,,kg,,,
fendy-silk-embroidered-sharara-set,,,,,,,,,Teal,,,XL,,,,,,0.0,shopify,10,deny,manual,1200.00,,true,false,,,,,"",https://cdn.shopify.com/s/files/1/1020/9912/4593/files/0C2AFC44-2B13-46F4-AFA9-FD47F19B050C.jpg?v=1788794948,5,"",,,,,,,,,,,,,,,,,,,,kg,,,
fendy-silk-embroidered-sharara-set,,,,,,,,,Teal,,,2XL,,,,,,0.0,shopify,10,deny,manual,1200.00,,true,false,,,,,"",https://cdn.shopify.com/s/files/1/1020/9912/4593/files/542F9F35-8100-4C08-8801-E1BE055B43E8.jpg?v=1788794948,6,"",,,,,,,,,,,,,,,,,,,,kg,,,
fendy-silk-embroidered-sharara-set,,,,,,,,,Pink,,,M,,,,,,0.0,shopify,10,deny,manual,1200.00,,true,false,,,,,"",,,,,,,,,,,,,,,,,,,,,,,kg,,,
fendy-silk-embroidered-sharara-set,,,,,,,,,Pink,,,L,,,,,,0.0,shopify,10,deny,manual,1200.00,,true,false,,,,,"",,,,,,,,,,,,,,,,,,,,,,,kg,,,
fendy-silk-embroidered-sharara-set,,,,,,,,,Pink,,,XL,,,,,,0.0,shopify,10,deny,manual,1200.00,,true,false,,,,,"",,,,,,,,,,,,,,,,,,,,,,,kg,,,
fendy-silk-embroidered-sharara-set,,,,,,,,,Pink,,,2XL,,,,,,0.0,shopify,10,deny,manual,1200.00,,true,false,,,,,"",,,,,,,,,,,,,,,,,,,,,,,kg,,,
pure-faux-georgette-embroidered-anarkali-set,Pure Faux Georgette Embroidered Anarkali Set,"<p><span>GOWN DETAILS</span><span><br> </span><span>• Fabric : Pure Faux Georgette</span><span><br> </span><span>• Work : 9mm Sequence &amp; Lace Work With Full Sleeves</span><span><br> </span><span>• Detailing : Attached Pad With Fancy Criss-Cross Handwork &amp; Moti Lace Work</span><span><br> </span><span>• Inner : Micro Cotton</span><span><br> </span><span>• Length : 50–52 Inches</span><span><br> </span><span>• Flair : 4 Meters Anarkali Cut</span><span><br> </span><span>• Size : S(36), M(38), L(40), XL(42), XXL(44)</span><span><br> </span><span>• Stitching : Fully Stitched</span></p>
<p><span>PENT DETAILS</span><span><br> </span><span>• Fabric : Pure Micro Cotton</span><span><br> </span><span>• Length : 39–40 Inches</span><span><br> </span><span>• Stitching : Fully Stitched</span></p>
<p><span>DUPATTA DETAILS</span><span><br> </span><span>• Fabric : Pure Faux Georgette</span><span><br> </span><span>• Work : Fancy Lace Work</span><span><br> </span><span>• Length : 2.10–2.15 Meters</span></p>",Anjuclothing ,,"","",true,Colour,Pink,,Size,S,,,,,,0.0,shopify,10,deny,manual,1100.00,,true,false,,,,,"",https://cdn.shopify.com/s/files/1/1020/9912/4593/files/AEA06661-E351-4B29-BC91-0774521D4B84.png?v=1789141939,1,"",false,,,,,,,,,,,,,,,,,,,kg,,,active
pure-faux-georgette-embroidered-anarkali-set,,,,,,,,,Red,,,S,,,,,,0.0,shopify,10,deny,manual,1100.00,,true,false,,,,,"",https://cdn.shopify.com/s/files/1/1020/9912/4593/files/C76E159D-D56F-455E-8D3F-CFE4479AA683.jpg?v=1788794306,2,"",,,,,,,,,,,,,,,,,,,,kg,,,
pure-faux-georgette-embroidered-anarkali-set,,,,,,,,,Pink,,,M,,,,,,0.0,shopify,10,deny,manual,1100.00,,true,false,,,,,"",https://cdn.shopify.com/s/files/1/1020/9912/4593/files/4FB93C97-8FA1-4AFB-B791-6E4031590BD3.jpg?v=1788794306,3,"",,,,,,,,,,,,,,,,,,,,kg,,,
pure-faux-georgette-embroidered-anarkali-set,,,,,,,,,Pink,,,L,,,,,,0.0,shopify,10,deny,manual,1100.00,,true,false,,,,,"",https://cdn.shopify.com/s/files/1/1020/9912/4593/files/A0C8568D-AE49-46A2-A435-F5C98B389FAF.jpg?v=1788794306,4,"",,,,,,,,,,,,,,,,,,,,kg,,,
pure-faux-georgette-embroidered-anarkali-set,,,,,,,,,Pink,,,XL,,,,,,0.0,shopify,10,deny,manual,1100.00,,true,false,,,,,"",,,,,,,,,,,,,,,,,,,,,,,kg,,,
pure-faux-georgette-embroidered-anarkali-set,,,,,,,,,Pink,,,2XL,,,,,,0.0,shopify,10,deny,manual,1100.00,,true,false,,,,,"",,,,,,,,,,,,,,,,,,,,,,,kg,,,
pure-faux-georgette-embroidered-anarkali-set,,,,,,,,,Red,,,M,,,,,,0.0,shopify,10,deny,manual,1100.00,,true,false,,,,,"",,,,,,,,,,,,,,,,,,,,,,,kg,,,
pure-faux-georgette-embroidered-anarkali-set,,,,,,,,,Red,,,L,,,,,,0.0,shopify,10,deny,manual,1100.00,,true,false,,,,,"",,,,,,,,,,,,,,,,,,,,,,,kg,,,
pure-faux-georgette-embroidered-anarkali-set,,,,,,,,,Red,,,XL,,,,,,0.0,shopify,10,deny,manual,1100.00,,true,false,,,,,"",,,,,,,,,,,,,,,,,,,,,,,kg,,,
pure-faux-georgette-embroidered-anarkali-set,,,,,,,,,Red,,,2XL,,,,,,0.0,shopify,10,deny,manual,1100.00,,true,false,,,,,"",,,,,,,,,,,,,,,,,,,,,,,kg,,,
leheriya-print-mirror-work-anarkali,Leheriya Print Mirror Work Anarkali,"<p><span>ANARKALI DETAILS</span><span><br> </span><span>• Fabric : Pure Georgette</span><span><br> </span><span>• Print : Leheriya Print</span><span><br> </span><span>• Style : Front Side Open Slit Anarkali With Huge Flair</span><span><br> </span><span>• Work : Designer Real Mirror Work Lace Border</span><span><br> </span><span>• Stitching : Fully Stitched</span></p>
<p><span>PANT DETAILS</span><span><br> </span><span>• Fabric : Butter Cotton</span><span><br> </span><span>• Stitching : Fully Stitched</span></p>
<p><span>DUPATTA DETAILS</span><span><br> </span><span>• Fabric : Pure Georgette</span><span><br> </span><span>• Work : Digital Print</span><span><br> </span><span>• Length : 2 Meters</span></p>",Anjuclothing ,Apparel & Accessories > Clothing > Traditional & Ceremonial Clothing > Salwar Kameez & Suit Sets,"","",true,Colour,Green,,Size,XS,,,,,,0.0,shopify,10,deny,manual,999.00,,true,false,,,,,"",https://cdn.shopify.com/s/files/1/1020/9912/4593/files/E20B02E5-BB50-44CA-8DED-1F817B502780.png?v=1789141939,1,"",false,,,,,,,,,,,,,,,,,,,kg,,,active
leheriya-print-mirror-work-anarkali,,,,,,,,,Pink,,,XS,,,,,,0.0,shopify,10,deny,manual,999.00,,true,false,,,,,"",https://cdn.shopify.com/s/files/1/1020/9912/4593/files/6BC67118-D951-4343-A3B5-BF7B2E7D3290.jpg?v=1788794002,2,"",,,,,,,,,,,,,,,,,,,,kg,,,
leheriya-print-mirror-work-anarkali,,,,,,,,,Green,,,S,,,,,,0.0,shopify,10,deny,manual,999.00,,true,false,,,,,"",https://cdn.shopify.com/s/files/1/1020/9912/4593/files/053D8A1C-9998-4DFF-80C6-36F733A2B695.jpg?v=1788794002,3,"",,,,,,,,,,,,,,,,,,,,kg,,,
leheriya-print-mirror-work-anarkali,,,,,,,,,Green,,,M,,,,,,0.0,shopify,10,deny,manual,999.00,,true,false,,,,,"",https://cdn.shopify.com/s/files/1/1020/9912/4593/files/18478222-F884-4F61-92F8-48F723EDEF33.jpg?v=1788794002,4,"",,,,,,,,,,,,,,,,,,,,kg,,,
leheriya-print-mirror-work-anarkali,,,,,,,,,Green,,,L,,,,,,0.0,shopify,10,deny,manual,999.00,,true,false,,,,,"",https://cdn.shopify.com/s/files/1/1020/9912/4593/files/AB505835-2D57-4903-81E2-B9F899477D66.jpg?v=1788794002,5,"",,,,,,,,,,,,,,,,,,,,kg,,,
leheriya-print-mirror-work-anarkali,,,,,,,,,Green,,,XL,,,,,,0.0,shopify,10,deny,manual,999.00,,true,false,,,,,"",https://cdn.shopify.com/s/files/1/1020/9912/4593/files/FDB572CC-36C8-49B9-9645-3EB6CE312950.jpg?v=1788794002,6,"",,,,,,,,,,,,,,,,,,,,kg,,,
leheriya-print-mirror-work-anarkali,,,,,,,,,Pink,,,S,,,,,,0.0,shopify,10,deny,manual,999.00,,true,false,,,,,"",https://cdn.shopify.com/s/files/1/1020/9912/4593/files/F6552508-F845-4633-B03C-6ED1F3D12231.jpg?v=1788794002,7,"",,,,,,,,,,,,,,,,,,,,kg,,,
leheriya-print-mirror-work-anarkali,,,,,,,,,Pink,,,M,,,,,,0.0,shopify,10,deny,manual,999.00,,true,false,,,,,"",,,,,,,,,,,,,,,,,,,,,,,kg,,,
leheriya-print-mirror-work-anarkali,,,,,,,,,Pink,,,L,,,,,,0.0,shopify,10,deny,manual,999.00,,true,false,,,,,"",,,,,,,,,,,,,,,,,,,,,,,kg,,,
leheriya-print-mirror-work-anarkali,,,,,,,,,Pink,,,XL,,,,,,0.0,shopify,10,deny,manual,999.00,,true,false,,,,,"",,,,,,,,,,,,,,,,,,,,,,,kg,,,
roman-silk-flared-gown-set,Roman Silk Flared Gown Set,"<p><span>GOWN DETAILS</span><span><br> </span><span>• Fabric : Roman Silk With Lace Border</span><span><br> </span><span>• Sleeves : Full Sleeves</span><span><br> </span><span>• Inner : Heavy Micro Cotton</span><span><br> </span><span>• Length : 49–50 Inches</span><span><br> </span><span>• Flair : 4 Meters</span><span><br> </span><span>• Stitching : Fully Stitched</span><span><br> </span><span>• Size : M(38), L(40), XL(42), XXL(44)</span></p>
<p><span>PANT DETAILS</span><span><br> </span><span>• Fabric : Roman Silk</span><span><br> </span><span>• Length : 39–40 Inches</span></p>
<p><span>DUPATTA DETAILS</span><span><br> </span><span>• Fabric : Maslin</span><span><br> </span><span>• Work : Digital Print With Lace Border</span></p>",Anjuclothing ,Apparel & Accessories > Clothing > Traditional & Ceremonial Clothing > Salwar Kameez & Suit Sets,"","",true,Size,M,,,,,,,,,0.0,shopify,10,deny,manual,1150.00,,true,false,,,,,"",https://cdn.shopify.com/s/files/1/1020/9912/4593/files/729DF458-467D-4C54-86E5-82C53B05C8DF.png?v=1789141939,1,"",false,,,,,,,,,,,,,,,,,,,kg,,,active
roman-silk-flared-gown-set,,,,,,,,,L,,,,,,,,,0.0,shopify,10,deny,manual,1150.00,,true,false,,,,,"",https://cdn.shopify.com/s/files/1/1020/9912/4593/files/BAD6343C-3BDC-4AE4-BCCF-4D3FE45A5546.jpg?v=1788792904,2,"",,,,,,,,,,,,,,,,,,,,kg,,,
roman-silk-flared-gown-set,,,,,,,,,XL,,,,,,,,,0.0,shopify,10,deny,manual,1150.00,,true,false,,,,,"",https://cdn.shopify.com/s/files/1/1020/9912/4593/files/D8E1FF08-7C30-47A4-9EEC-9C0384CAC16E.jpg?v=1788792904,3,"",,,,,,,,,,,,,,,,,,,,kg,,,
roman-silk-flared-gown-set,,,,,,,,,2XL,,,,,,,,,0.0,shopify,10,deny,manual,1150.00,,true,false,,,,,"",https://cdn.shopify.com/s/files/1/1020/9912/4593/files/5EAA8865-3260-4AA3-A1F8-AB8CD410DF00.jpg?v=1788792903,4,"",,,,,,,,,,,,,,,,,,,,kg,,,
georgette-digital-print-suit-set,Georgette Digital Print Suit Set,"<p><span>KURTA DETAILS</span><span><br> </span><span>• Fabric : Georgette</span><span><br> </span><span>• Stitching : Fully Stitched</span></p>
<p><span>PANT DETAILS</span><span><br> </span><span>• Fabric : Butter Silk</span></p>
<p><span>DUPATTA DETAILS</span><span><br> </span><span>• Fabric : Cotton</span><span><br> </span><span>• Work : Digital Print With Tassels</span><span><br> </span><span>• Length : 2.20 Meters</span></p>",Anjuclothing ,,"","",true,Size,XS,,,,,,,,,0.0,shopify,10,deny,manual,999.00,,true,false,,,,,"",https://cdn.shopify.com/s/files/1/1020/9912/4593/files/A83A38AF-C0DB-45C6-BD63-7E2A49B2E698.png?v=1789141939,1,"",false,,,,,,,,,,,,,,,,,,,kg,,,active
georgette-digital-print-suit-set,,,,,,,,,S,,,,,,,,,0.0,shopify,10,deny,manual,999.00,,true,false,,,,,"",https://cdn.shopify.com/s/files/1/1020/9912/4593/files/C7BC70C5-96C1-44A8-BFFD-30363617DEE2.jpg?v=1788792206,2,"",,,,,,,,,,,,,,,,,,,,kg,,,
georgette-digital-print-suit-set,,,,,,,,,M,,,,,,,,,0.0,shopify,10,deny,manual,999.00,,true,false,,,,,"",https://cdn.shopify.com/s/files/1/1020/9912/4593/files/B9C243D6-BD20-465A-B574-12E035A9FEF1.jpg?v=1788792206,3,"",,,,,,,,,,,,,,,,,,,,kg,,,
georgette-digital-print-suit-set,,,,,,,,,L,,,,,,,,,0.0,shopify,10,deny,manual,999.00,,true,false,,,,,"",https://cdn.shopify.com/s/files/1/1020/9912/4593/files/8B56568F-0D24-42A0-9D3C-CF8EF969A8F7.jpg?v=1788792206,4,"",,,,,,,,,,,,,,,,,,,,kg,,,
georgette-digital-print-suit-set,,,,,,,,,XL,,,,,,,,,0.0,shopify,10,deny,manual,999.00,,true,false,,,,,"",,,,,,,,,,,,,,,,,,,,,,,kg,,,
sequence-embroidery-georgette-lehenga-set,Sequence Embroidery Georgette Lehenga Set,"<p><span>SKIRT DETAILS</span><span><br> </span><span>• Fabric : Soft Georgette</span><span><br> </span><span>• Work : Sequence Embroidery</span><span><br> </span><span>• Flair : 3.5 Meters</span><span><br> </span><span>• Stitching : Fully Stitched</span></p>
<p><span>BLOUSE DETAILS</span><span><br> </span><span>• Fabric : Georgette</span><span><br> </span><span>• Work : Embroidery &amp; Sequence Work</span><span><br> </span><span>• Stitching : Fully Stitched</span></p>
<p><span>DUPATTA DETAILS</span><span><br> </span><span>• Fabric : Soft Georgette</span><span><br> </span><span>• Work : Sequence &amp; Moti Work</span><span><br> </span><span>• Length : 3 Meters</span></p>",Anjuclothing ,,"","",true,Title,Default Title,,,,,,,,,0.0,shopify,10,deny,manual,999.00,,true,false,,,,,"",https://cdn.shopify.com/s/files/1/1020/9912/4593/files/97CDE81C-2B5C-4036-9942-5CA8C025ED49.png?v=1789141939,1,"",false,,,,,,,,,,,,,,,,,,,kg,,,active
sequence-embroidery-georgette-lehenga-set,,,,,,,,,,,,,,,,,,,,,,,,,,,,,,,"",https://cdn.shopify.com/s/files/1/1020/9912/4593/files/FF66B65B-BCD2-480E-88F8-CFCC66AC1F30.jpg?v=1788791901,2,"",,,,,,,,,,,,,,,,,,,,,,,
sequence-embroidery-georgette-lehenga-set,,,,,,,,,,,,,,,,,,,,,,,,,,,,,,,"",https://cdn.shopify.com/s/files/1/1020/9912/4593/files/788D2DB9-BDBE-46C4-AEFD-B470579F431E.jpg?v=1788791901,3,"",,,,,,,,,,,,,,,,,,,,,,,
digital-print-georgette-anarkali-set,Digital Print Georgette Anarkali Set,"<p><span>ANARKALI DETAILS</span><span><br> </span><span>• Fabric : Pure Georgette</span><span><br> </span><span>• Work : Digital Print</span><span><br> </span><span>• Style : Huge Flair Anarkali</span><span><br> </span><span>• Stitching : Fully Stitched</span></p>
<p><span>PANT DETAILS</span><span><br> </span><span>• Fabric : Butter Cotton</span><span><br> </span><span>• Stitching : Fully Stitched</span></p>
<p><span>DUPATTA DETAILS</span><span><br> </span><span>• Fabric : Georgette</span><span><br> </span><span>• Work : Digital Print</span><span><br> </span><span>• Length : 2 Meters</span></p>",Anjuclothing ,Apparel & Accessories > Clothing > Traditional & Ceremonial Clothing > Salwar Kameez & Suit Sets,"","",true,Size,M,,,,,,,,,0.0,shopify,10,deny,manual,999.00,2500.00,true,false,,,,,"",https://cdn.shopify.com/s/files/1/1020/9912/4593/files/A22CD3D5-822C-4622-8EA4-13E207EF9170.png?v=1789141939,1,"",false,,,,,,,,,,,,,,,,,,,kg,,,active
digital-print-georgette-anarkali-set,,,,,,,,,L,,,,,,,,,0.0,shopify,10,deny,manual,999.00,2500.00,true,false,,,,,"",https://cdn.shopify.com/s/files/1/1020/9912/4593/files/E71B2347-3BDC-48EF-BE88-38EAAFB2DF0D.jpg?v=1788791714,2,"",,,,,,,,,,,,,,,,,,,,kg,,,
digital-print-georgette-anarkali-set,,,,,,,,,XL,,,,,,,,,0.0,shopify,10,deny,manual,999.00,2500.00,true,false,,,,,"",https://cdn.shopify.com/s/files/1/1020/9912/4593/files/C20CD743-D146-4E55-BC9F-92EA2CE946EC.jpg?v=1788791713,3,"",,,,,,,,,,,,,,,,,,,,kg,,,
digital-print-georgette-anarkali-set,,,,,,,,,,,,,,,,,,,,,,,,,,,,,,,"",https://cdn.shopify.com/s/files/1/1020/9912/4593/files/2F215F98-463A-4275-9E0C-EE647896AE7C.jpg?v=1788791713,4,"",,,,,,,,,,,,,,,,,,,,,,,
digital-print-georgette-anarkali-set,,,,,,,,,,,,,,,,,,,,,,,,,,,,,,,"",https://cdn.shopify.com/s/files/1/1020/9912/4593/files/60271973-CF81-4C83-BAB2-B2FAF861A948.jpg?v=1788791714,5,"",,,,,,,,,,,,,,,,,,,,,,,
digital-print-georgette-anarkali-set,,,,,,,,,,,,,,,,,,,,,,,,,,,,,,,"",https://cdn.shopify.com/s/files/1/1020/9912/4593/files/23889E7B-9841-4B4F-8887-BD16C3A0F9C6.jpg?v=1788791713,6,"",,,,,,,,,,,,,,,,,,,,,,,
roman-chanderi-cotton-farshi-set,Roman Chanderi Cotton Farshi Set,"<p><span>TOP DETAILS</span><span><br> </span><span>• Fabric : Roman Chanderi Cotton</span><span><br> </span><span>• Work : Multi Needle Work, Sequence Work, Embroidery Work &amp; Zari Work</span><span><br> </span><span>• Sleeves : Full Sleeves With Fancy Border</span><span><br> </span><span>• Inner : Micro Cotton</span><span><br> </span><span>• Length : 36–37 Inches</span><span><br> </span><span>• Size : S(36), M(38), L(40), XL(42), XXL(44), 3XL(46)</span><span><br> </span><span>• Stitching : Fully Stitched</span></p>
<p><span>FARSHI SALWAR DETAILS</span><span><br> </span><span>• Fabric : Roman Chanderi Cotton</span><span><br> </span><span>• Style : Farshi Salwar With Canvas Belt</span><span><br> </span><span>• Inner : Micro Cotton</span><span><br> </span><span>• Length : 40 Inches</span><span><br> </span><span>• Stitching : Fully Stitched</span></p>
<p><span>DUPATTA DETAILS</span><span><br> </span><span>• Fabric : Roman Chanderi Cotton</span><span><br> </span><span>• Work : Fancy Lace Border</span><span><br> </span><span>• Length : 2.20 Meters</span></p>",Anjuclothing ,Apparel & Accessories > Clothing > Traditional & Ceremonial Clothing > Salwar Kameez & Suit Sets,"","",true,Size,S,,,,,,,,,0.0,shopify,10,deny,manual,1699.00,4500.00,true,false,,,,,"",https://cdn.shopify.com/s/files/1/1020/9912/4593/files/C7035318-198C-42B5-8805-38B01AA87386.png?v=1789141939,1,"",false,,,,,,,,,,round,,,,,long,,,,kg,,,active
roman-chanderi-cotton-farshi-set,,,,,,,,,M,,,,,,,,,0.0,shopify,10,deny,manual,1699.00,4500.00,true,false,,,,,"",https://cdn.shopify.com/s/files/1/1020/9912/4593/files/8A3A5712-BAC6-4CD7-99FB-E0D91E7E615A.jpg?v=1788709595,2,"",,,,,,,,,,,,,,,,,,,,kg,,,
roman-chanderi-cotton-farshi-set,,,,,,,,,L,,,,,,,,,0.0,shopify,10,deny,manual,1699.00,4500.00,true,false,,,,,"",https://cdn.shopify.com/s/files/1/1020/9912/4593/files/80BF93EE-EDAB-4BA8-9B92-0CF9CAEE4174.jpg?v=1788709595,3,"",,,,,,,,,,,,,,,,,,,,kg,,,
roman-chanderi-cotton-farshi-set,,,,,,,,,XL,,,,,,,,,0.0,shopify,10,deny,manual,1699.00,4500.00,true,false,,,,,"",https://cdn.shopify.com/s/files/1/1020/9912/4593/files/974DD4C5-481D-45EC-A03C-B705F52CCE3F.jpg?v=1788709595,4,"",,,,,,,,,,,,,,,,,,,,kg,,,
roman-chanderi-cotton-farshi-set,,,,,,,,,2XL,,,,,,,,,0.0,shopify,10,deny,manual,1699.00,4500.00,true,false,,,,,"",https://cdn.shopify.com/s/files/1/1020/9912/4593/files/C3E965BA-179E-4782-9D63-FC57288FD602.jpg?v=1788709595,5,"",,,,,,,,,,,,,,,,,,,,kg,,,
roman-chanderi-cotton-farshi-set,,,,,,,,,3XL,,,,,,,,,0.0,shopify,10,deny,manual,1699.00,4500.00,true,false,,,,,"",,,,,,,,,,,,,,,,,,,,,,,kg,,,
pure-roman-silk-embroidered-set,Pure Roman Silk Embroidered Set,"<p><span>TOP DETAILS</span><span><br> </span><span>• Fabric : Pure Roman Silk</span><span><br> </span><span>• Work : Fancy Sleeves With Tassels</span><span><br> </span><span>• Inner : Micro Cotton</span><span><br> </span><span>• Length : 33–34 Inches</span><span><br> </span><span>• Size : M(38), L(40), XL(42), XXL(44)</span><span><br> </span><span>• Stitching : Fully Stitched</span></p>
<p><span>PLAZZO DETAILS</span><span><br> </span><span>• Fabric : Pure Roman Silk</span><span><br> </span><span>• Work : Embroidery Thread Work With Elastic</span><span><br> </span><span>• Length : 39–40 Inches</span><span><br> </span><span>• Stitching : Fully Stitched</span></p>
<p><span>DUPATTA DETAILS</span><span><br> </span><span>• Fabric : Pure Roman Silk</span><span><br> </span><span>• Work : Metal Ring Detailing</span><span><br> </span><span>• Length : 2.20 Meters</span></p>",Anjuclothing ,,"","",true,Size,M,,,,,,,,,0.0,shopify,10,deny,manual,1499.00,3500.00,true,false,,,,,"",https://cdn.shopify.com/s/files/1/1020/9912/4593/files/6719A735-8692-4155-B82C-9A5C45B0E391.png?v=1789141939,1,"",false,,,,,,,,,,,,,,,,,,,kg,,,active
pure-roman-silk-embroidered-set,,,,,,,,,L,,,,,,,,,0.0,shopify,10,deny,manual,1499.00,3500.00,true,false,,,,,"",https://cdn.shopify.com/s/files/1/1020/9912/4593/files/6F0E8018-09CE-443F-9577-B93389E4E0E9.jpg?v=1788708550,2,"",,,,,,,,,,,,,,,,,,,,kg,,,
pure-roman-silk-embroidered-set,,,,,,,,,XL,,,,,,,,,0.0,shopify,10,deny,manual,1499.00,3500.00,true,false,,,,,"",https://cdn.shopify.com/s/files/1/1020/9912/4593/files/65D3F9F4-B398-4CFC-A653-13E4CC4AA279.jpg?v=1788708525,3,"",,,,,,,,,,,,,,,,,,,,kg,,,
pure-roman-silk-embroidered-set,,,,,,,,,2XL,,,,,,,,,0.0,shopify,10,deny,manual,1499.00,3500.00,true,false,,,,,"",https://cdn.shopify.com/s/files/1/1020/9912/4593/files/AA3C551D-DC1C-4DC7-A7D6-AB668A78A7DC.jpg?v=1788708550,4,"",,,,,,,,,,,,,,,,,,,,kg,,,
pure-roman-silk-embroidered-set,,,,,,,,,,,,,,,,,,,,,,,,,,,,,,,"",https://cdn.shopify.com/s/files/1/1020/9912/4593/files/5518140D-5DC2-48F5-B3F1-986BB8B0D877.jpg?v=1788708550,5,"",,,,,,,,,,,,,,,,,,,,,,,
salsa-silk-embroidered-a-line-set,Salsa Silk Embroidered A-Line Set,"<p><span>TOP DETAILS</span><span><br> </span><span>• Fabric : Pure Salsa &amp; Salsa Butty Silk</span><span><br> </span><span>• Work : Embroidery &amp; Beads Work With Sleeves</span><span><br> </span><span>• Inner : Micro Cotton</span><span><br> </span><span>• Length : 46–48 Inches</span><span><br> </span><span>• Size : S(36), M(38), L(40), XL(42), XXL(44)</span><span><br> </span><span>• Stitching : Fully Stitched Ready To Wear</span></p>
<p><span>PENT DETAILS</span><span><br> </span><span>• Fabric : Pure Salsa &amp; Salsa Butty Silk</span><span><br> </span><span>• Inner : Pure Micro Silk</span><span><br> </span><span>• Length : 39–40 Inches</span><span><br> </span><span>• Stitching : Fully Stitched With Elastic</span></p>
<p><span>DUPATTA DETAILS</span><span><br> </span><span>• Fabric : Pure Salsa &amp; Salsa Butty Silk</span><span><br> </span><span>• Length : 2.05–2.10 Meters</span><span><br> </span><span>• Stitching : Fully Stitched</span></p>",Anjuclothing ,,"","",true,Colour,Pink,,Size,S,,,,,,0.0,shopify,10,deny,manual,2050.00,6500.00,true,true,,,,,"",https://cdn.shopify.com/s/files/1/1020/9912/4593/files/45826BB6-A8FB-4A07-8417-851C1B709BC2.png?v=1789141939,1,"",false,,,,,,,,,,,,,,,,,,,kg,,,active
salsa-silk-embroidered-a-line-set,,,,,,,,,Teal,,,S,,,,,,0.0,shopify,10,deny,manual,2050.00,6500.00,true,true,,,,,"",https://cdn.shopify.com/s/files/1/1020/9912/4593/files/69AF6C9C-5878-4F16-8EC8-145970C9463F.jpg?v=1788698629,2,"",,,,,,,,,,,,,,,,,,,https://cdn.shopify.com/s/files/1/1020/9912/4593/files/69AF6C9C-5878-4F16-8EC8-145970C9463F.jpg?v=1788698629,kg,,,
salsa-silk-embroidered-a-line-set,,,,,,,,,Pink,,,M,,,,,,0.0,shopify,10,deny,manual,2050.00,6500.00,true,true,,,,,"",https://cdn.shopify.com/s/files/1/1020/9912/4593/files/06289416-63C2-4634-B204-508FE00E133A.jpg?v=1788698629,3,"",,,,,,,,,,,,,,,,,,,,kg,,,
salsa-silk-embroidered-a-line-set,,,,,,,,,Pink,,,L,,,,,,0.0,shopify,10,deny,manual,2050.00,6500.00,true,true,,,,,"",https://cdn.shopify.com/s/files/1/1020/9912/4593/files/F21BCECC-4ADC-4B93-9BFE-122CBB1A1975.jpg?v=1788698629,4,"",,,,,,,,,,,,,,,,,,,,kg,,,
salsa-silk-embroidered-a-line-set,,,,,,,,,Pink,,,XL,,,,,,0.0,shopify,10,deny,manual,2050.00,6500.00,true,true,,,,,"",https://cdn.shopify.com/s/files/1/1020/9912/4593/files/81DBFDDC-1580-41C7-AA6F-45F83EFA8C6D.jpg?v=1788698629,5,"",,,,,,,,,,,,,,,,,,,,kg,,,
salsa-silk-embroidered-a-line-set,,,,,,,,,Pink,,,2XL,,,,,,0.0,shopify,10,deny,manual,2050.00,6500.00,true,true,,,,,"",https://cdn.shopify.com/s/files/1/1020/9912/4593/files/54B8A67A-A04D-4CE1-BD9C-511B2C5AE87B.jpg?v=1788698629,6,"",,,,,,,,,,,,,,,,,,,,kg,,,
salsa-silk-embroidered-a-line-set,,,,,,,,,Teal,,,M,,,,,,0.0,shopify,10,deny,manual,2050.00,6500.00,true,true,,,,,"",https://cdn.shopify.com/s/files/1/1020/9912/4593/files/FA373347-D631-4EA5-8846-344799D18636.jpg?v=1788698629,7,"",,,,,,,,,,,,,,,,,,,https://cdn.shopify.com/s/files/1/1020/9912/4593/files/69AF6C9C-5878-4F16-8EC8-145970C9463F.jpg?v=1788698629,kg,,,
salsa-silk-embroidered-a-line-set,,,,,,,,,Teal,,,L,,,,,,0.0,shopify,10,deny,manual,2050.00,6500.00,true,true,,,,,"",,,,,,,,,,,,,,,,,,,,,,https://cdn.shopify.com/s/files/1/1020/9912/4593/files/69AF6C9C-5878-4F16-8EC8-145970C9463F.jpg?v=1788698629,kg,,,
salsa-silk-embroidered-a-line-set,,,,,,,,,Teal,,,XL,,,,,,0.0,shopify,10,deny,manual,2050.00,6500.00,true,true,,,,,"",,,,,,,,,,,,,,,,,,,,,,https://cdn.shopify.com/s/files/1/1020/9912/4593/files/69AF6C9C-5878-4F16-8EC8-145970C9463F.jpg?v=1788698629,kg,,,
salsa-silk-embroidered-a-line-set,,,,,,,,,Teal,,,2XL,,,,,,0.0,shopify,10,deny,manual,2050.00,6500.00,true,true,,,,,"",,,,,,,,,,,,,,,,,,,,,,https://cdn.shopify.com/s/files/1/1020/9912/4593/files/69AF6C9C-5878-4F16-8EC8-145970C9463F.jpg?v=1788698629,kg,,,
bandhej-print-kediya-palazzo-set,Bandhej Print Kediya Palazzo Set,"<p><span>KEDIYA DETAILS</span><span><br> </span><span>• Fabric : Heavy Faux Georgette</span><span><br> </span><span>• Sleeves : Unstitched Short Sleeve Fabric</span><span><br> </span><span>• Work : Heavy Bandhej Print With Fancy Lace &amp; Hanging Latkan Work</span><span><br> </span><span>• Inner : Heavy Micro Cotton</span><span><br> </span><span>• Length : 34 Inches</span><span><br> </span><span>• Size : M(38), L(40), XL(42), XXL(44)</span></p>
<p><span>PLAZZO DETAILS</span><span><br> </span><span>• Fabric : Heavy Faux Georgette</span><span><br> </span><span>• Work : Bandhej Print With Elastic</span><span><br> </span><span>• Inner : Heavy Micro Cotton</span><span><br> </span><span>• Length : 39 Inches</span><span><br> </span><span>• Stitching : Fully Stitched</span></p>
<p><span>DUPATTA DETAILS</span><span><br> </span><span>• Fabric : Heavy Faux Georgette</span><span><br> </span><span>• Work : Bandhej Print With Ready-Made Fancy Lace Border</span><span><br> </span><span>• Length : 2.10 Meters</span></p>",Anjuclothing ,Apparel & Accessories > Clothing > Traditional & Ceremonial Clothing > Salwar Kameez & Suit Sets,"","",true,Colour,Pink,,Size,M,,,,,,0.0,shopify,10,deny,manual,1750.00,4500.00,true,false,,,,,"",https://cdn.shopify.com/s/files/1/1020/9912/4593/files/1E6C227D-F5B9-4798-92E2-FE3469CE9617.png?v=1789112436,1,"",false,,,'1,,,,,,,,,,,,short,,,,kg,,,active
bandhej-print-kediya-palazzo-set,,,,,,,,,Yellow,,,M,,,,,,0.0,shopify,10,deny,manual,1750.00,4500.00,true,false,,,,,"",https://cdn.shopify.com/s/files/1/1020/9912/4593/files/26B7459C-FA64-48DE-BDBC-41132CF71E2E.jpg?v=1788686115,2,"",,,,,,,,,,,,,,,,,,,https://cdn.shopify.com/s/files/1/1020/9912/4593/files/BD4446C1-AC16-421C-95A5-EE84972E56D3.jpg?v=1788686115,kg,,,
bandhej-print-kediya-palazzo-set,,,,,,,,,Orange,,,M,,,,,,0.0,shopify,10,deny,manual,1750.00,4500.00,true,false,,,,,"",https://cdn.shopify.com/s/files/1/1020/9912/4593/files/BD4446C1-AC16-421C-95A5-EE84972E56D3.jpg?v=1788686115,3,"",,,,,,,,,,,,,,,,,,,https://cdn.shopify.com/s/files/1/1020/9912/4593/files/744DB949-3C04-4326-B891-18510ABEEA0B.jpg?v=1788686115,kg,,,
bandhej-print-kediya-palazzo-set,,,,,,,,,Pink,,,L,,,,,,0.0,shopify,8,deny,manual,1750.00,4500.00,true,false,,,,,"",https://cdn.shopify.com/s/files/1/1020/9912/4593/files/744DB949-3C04-4326-B891-18510ABEEA0B.jpg?v=1788686115,4,"",,,,,,,,,,,,,,,,,,,,kg,,,
bandhej-print-kediya-palazzo-set,,,,,,,,,Pink,,,XL,,,,,,0.0,shopify,10,deny,manual,1750.00,4500.00,true,false,,,,,"",https://cdn.shopify.com/s/files/1/1020/9912/4593/files/677ED717-F441-4756-87AB-ECBE269DEC65.jpg?v=1788686115,5,"",,,,,,,,,,,,,,,,,,,,kg,,,
bandhej-print-kediya-palazzo-set,,,,,,,,,Pink,,,2XL,,,,,,0.0,shopify,10,deny,manual,1750.00,4500.00,true,false,,,,,"",https://cdn.shopify.com/s/files/1/1020/9912/4593/files/E3C9CCBD-3B9A-4B53-A5C4-2D15DF12CF19.jpg?v=1788686115,6,"",,,,,,,,,,,,,,,,,,,,kg,,,
bandhej-print-kediya-palazzo-set,,,,,,,,,Yellow,,,L,,,,,,0.0,shopify,10,deny,manual,1750.00,4500.00,true,false,,,,,"",https://cdn.shopify.com/s/files/1/1020/9912/4593/files/0F022D45-F1A0-4851-9030-E29B22E65D61.jpg?v=1788686115,7,"",,,,,,,,,,,,,,,,,,,https://cdn.shopify.com/s/files/1/1020/9912/4593/files/BD4446C1-AC16-421C-95A5-EE84972E56D3.jpg?v=1788686115,kg,,,
bandhej-print-kediya-palazzo-set,,,,,,,,,Yellow,,,XL,,,,,,0.0,shopify,10,deny,manual,1750.00,4500.00,true,false,,,,,"",https://cdn.shopify.com/s/files/1/1020/9912/4593/files/68909065-0A3E-460E-B417-8F15E05B7D5E.jpg?v=1788686115,8,"",,,,,,,,,,,,,,,,,,,https://cdn.shopify.com/s/files/1/1020/9912/4593/files/BD4446C1-AC16-421C-95A5-EE84972E56D3.jpg?v=1788686115,kg,,,
bandhej-print-kediya-palazzo-set,,,,,,,,,Yellow,,,2XL,,,,,,0.0,shopify,10,deny,manual,1750.00,4500.00,true,false,,,,,"",https://cdn.shopify.com/s/files/1/1020/9912/4593/files/BDEA980C-22BC-4F5A-B1A7-D4E71A0B2443.jpg?v=1788686115,9,"",,,,,,,,,,,,,,,,,,,https://cdn.shopify.com/s/files/1/1020/9912/4593/files/BD4446C1-AC16-421C-95A5-EE84972E56D3.jpg?v=1788686115,kg,,,
bandhej-print-kediya-palazzo-set,,,,,,,,,Orange,,,L,,,,,,0.0,shopify,10,deny,manual,1750.00,4500.00,true,false,,,,,"",,,,,,,,,,,,,,,,,,,,,,https://cdn.shopify.com/s/files/1/1020/9912/4593/files/744DB949-3C04-4326-B891-18510ABEEA0B.jpg?v=1788686115,kg,,,
bandhej-print-kediya-palazzo-set,,,,,,,,,Orange,,,XL,,,,,,0.0,shopify,10,deny,manual,1750.00,4500.00,true,false,,,,,"",,,,,,,,,,,,,,,,,,,,,,https://cdn.shopify.com/s/files/1/1020/9912/4593/files/744DB949-3C04-4326-B891-18510ABEEA0B.jpg?v=1788686115,kg,,,
bandhej-print-kediya-palazzo-set,,,,,,,,,Orange,,,2XL,,,,,,0.0,shopify,10,deny,manual,1750.00,4500.00,true,false,,,,,"",,,,,,,,,,,,,,,,,,,,,,https://cdn.shopify.com/s/files/1/1020/9912/4593/files/744DB949-3C04-4326-B891-18510ABEEA0B.jpg?v=1788686115,kg,,,
fendy-silk-heavy-lace-gown-set,Fendy Silk Heavy Lace Gown Set,"<p><span>GOWN DETAILS</span><span><br> </span><span>• Fabric : Fendy Silk</span><span><br> </span><span>• Lining : Soft Micro Cotton</span><span><br> </span><span>• Work : Heavy Fancy Lace</span><span><br> </span><span>• Flair : 7 Meters</span><span><br> </span><span>• Length : 52 Inches</span><span><br> </span><span>• Size : M(38), L(40), XL(42), XXL(44) With 3XL Margin</span><span><br> </span><span>• Padded : Yes</span></p>
<p><span>PENT DETAILS</span><span><br> </span><span>• Fabric : Micro Cotton</span><span><br> </span><span>• Work : Plain</span><span><br> </span><span>• Size : Fully Stitched Up To Size 44 With Elastic Waistband</span></p>
<p><span>DUPATTA DETAILS</span><span><br> </span><span>• Fabric : Soft Net</span><span><br> </span><span>• Work : Sequence Work With Fancy Lace</span><span><br> </span><span>• Length : 2.10 Meters</span></p>",Anjuclothing ,,"","",true,Size,M,,,,,,,,,0.0,shopify,10,deny,manual,1980.00,4500.00,true,false,,,,,"",https://cdn.shopify.com/s/files/1/1020/9912/4593/files/4E8158AE-D4E5-4F4B-A18B-C6C05956DE0C.png?v=1789113782,1,"",false,,,,,,,,,,,,,,,,,,,kg,,,active
fendy-silk-heavy-lace-gown-set,,,,,,,,,L,,,,,,,,,0.0,shopify,10,deny,manual,1980.00,4500.00,true,false,,,,,"",https://cdn.shopify.com/s/files/1/1020/9912/4593/files/D0ED97C3-5A4F-45CF-BA9D-88F704EDB735.jpg?v=1788606771,2,"",,,,,,,,,,,,,,,,,,,,kg,,,
fendy-silk-heavy-lace-gown-set,,,,,,,,,XL,,,,,,,,,0.0,shopify,10,deny,manual,1980.00,4500.00,true,false,,,,,"",https://cdn.shopify.com/s/files/1/1020/9912/4593/files/BEF7E8FB-7F19-4B52-8D0A-7C5B68FF529D.jpg?v=1788606771,3,"",,,,,,,,,,,,,,,,,,,,kg,,,
fendy-silk-heavy-lace-gown-set,,,,,,,,,2XL,,,,,,,,,0.0,shopify,10,deny,manual,1980.00,4500.00,true,false,,,,,"",https://cdn.shopify.com/s/files/1/1020/9912/4593/files/94298C44-AF93-4C82-8009-4B1E97230BF4.jpg?v=1788606771,4,"",,,,,,,,,,,,,,,,,,,,kg,,,
fendy-silk-heavy-lace-gown-set,,,,,,,,,,,,,,,,,,,,,,,,,,,,,,,"",https://cdn.shopify.com/s/files/1/1020/9912/4593/files/B4968A37-8BA3-4007-841B-78A9EE938838.jpg?v=1788606771,5,"",,,,,,,,,,,,,,,,,,,,,,,
fendy-silk-heavy-lace-gown-set,,,,,,,,,,,,,,,,,,,,,,,,,,,,,,,"",https://cdn.shopify.com/s/files/1/1020/9912/4593/files/09D81008-97F6-4678-A58D-3D4354427873.jpg?v=1788606771,6,"",,,,,,,,,,,,,,,,,,,,,,,
premium-faux-georgette-digital-print-anarkali-set,Premium Faux Georgette Digital Print Anarkali Set,"<p><span>ANARKALI DETAILS</span><span><br> </span><span>• Fabric : Faux Georgette</span><span><br> </span><span>• Work : Digital Print With Fancy Lace</span><span><br> </span><span>• Inner : Soft Micro Cotton</span><span><br> </span><span>• Length : 48–49 Inches</span><span><br> </span><span>• Flair : 3.5 Meters</span><span><br> </span><span>• Size : S(36), M(38), L(40), XL(42), XXL(44) With 3XL Margin | Fully Stitched Ready To Wear</span></p>
<p><span>PENT DETAILS</span><span><br> </span><span>• Fabric : Soft Micro Cotton</span><span><br> </span><span>• Length : 38 Inches</span><span><br> </span><span>• Stitching : Fully Stitched Up To Size 44 With Stretchable Elastic Waist</span></p>
<p><span>DUPATTA DETAILS</span><span><br> </span><span>• Fabric : Faux Georgette</span><span><br> </span><span>• Work : Digital Print With Fancy Lace</span><span><br> </span><span>• Length : 2.2 Meters</span></p>",Anjuclothing ,Apparel & Accessories > Clothing > Traditional & Ceremonial Clothing > Salwar Kameez & Suit Sets,"","",true,Size,S,,,,,,,,,0.0,shopify,10,deny,manual,1899.00,3500.00,true,false,,,,,"",https://cdn.shopify.com/s/files/1/1020/9912/4593/files/2E8CBEAE-2038-4C77-8CF2-1549F36F64E0.png?v=1789112436,1,"",false,,,,,,,,,,v-neck,,,,,,,,,kg,,,active
premium-faux-georgette-digital-print-anarkali-set,,,,,,,,,M,,,,,,,,,0.0,shopify,10,deny,manual,1899.00,3500.00,true,false,,,,,"",https://cdn.shopify.com/s/files/1/1020/9912/4593/files/A34D5D1A-26DF-4901-9AAA-AF5292F36290.jpg?v=1788496736,2,"",,,,,,,,,,,,,,,,,,,,kg,,,
premium-faux-georgette-digital-print-anarkali-set,,,,,,,,,L,,,,,,,,,0.0,shopify,10,deny,manual,1899.00,3500.00,true,false,,,,,"",https://cdn.shopify.com/s/files/1/1020/9912/4593/files/DA3F3D9C-9756-4C7A-8BCC-5A4732339D42.jpg?v=1788496736,3,"",,,,,,,,,,,,,,,,,,,,kg,,,
premium-faux-georgette-digital-print-anarkali-set,,,,,,,,,XL,,,,,,,,,0.0,shopify,10,deny,manual,1899.00,3500.00,true,false,,,,,"",https://cdn.shopify.com/s/files/1/1020/9912/4593/files/C0867BEB-530D-4A77-9212-9AA1F05DDBDD.jpg?v=1788496736,4,"",,,,,,,,,,,,,,,,,,,,kg,,,
premium-faux-georgette-digital-print-anarkali-set,,,,,,,,,2XL,,,,,,,,,0.0,shopify,10,deny,manual,1899.00,3500.00,true,false,,,,,"",https://cdn.shopify.com/s/files/1/1020/9912/4593/files/2064614F-47DC-441F-96F9-7E815B5C16E1.jpg?v=1788496736,5,"",,,,,,,,,,,,,,,,,,,,kg,,,
premium-tabby-organza-mirror-work-sharara-set,Premium Tabby Organza Mirror Work Sharara Set,"<p><span>TOP DETAILS</span><span><br> </span><span>• Fabric : Tabby Organza</span><span><br> </span><span>• Work : Embroidery Sequence Work With Mirror Work</span><span><br> </span><span>• Inner : Heavy Micro Cotton</span><span><br> </span><span>• Length : 37–38 Inches</span><span><br> </span><span>• Size : S(36), M(38), L(40), XL(42), XXL(44) | Fully Stitched Ready To Wear</span></p>
<p><span>SHARARA DETAILS</span><span><br> </span><span>• Fabric : Tabby Organza</span><span><br> </span><span>• Work : Lace Border Work</span><span><br> </span><span>• Length : 37–38 Inches</span><span><br> </span><span>• Size : Free Size | Fully Stitched</span></p>
<p><span>DUPATTA DETAILS</span><span><br> </span><span>• Fabric : Tabby Organza</span><span><br> </span><span>• Work : Embroidery Sequence Work With Lace Border</span></p>",Anjuclothing ,Apparel & Accessories > Clothing > Traditional & Ceremonial Clothing > Salwar Kameez & Suit Sets,"","",true,Size,S,,,,,,,,,0.0,shopify,10,deny,manual,1650.00,3500.00,true,false,,,,,"",https://cdn.shopify.com/s/files/1/1020/9912/4593/files/9D50D272-AE14-4AD9-9C8E-3D34E2EC6B5C.png?v=1789113783,1,"",false,,,,,,,,,,,,,,,,,,,kg,,,active
premium-tabby-organza-mirror-work-sharara-set,,,,,,,,,M,,,,,,,,,0.0,shopify,10,deny,manual,1650.00,3500.00,true,false,,,,,"",https://cdn.shopify.com/s/files/1/1020/9912/4593/files/00EFDDD3-119E-4ABB-AD01-E5D71382131B.jpg?v=1788105602,2,"",,,,,,,,,,,,,,,,,,,,kg,,,
premium-tabby-organza-mirror-work-sharara-set,,,,,,,,,L,,,,,,,,,0.0,shopify,10,deny,manual,1650.00,3500.00,true,false,,,,,"",https://cdn.shopify.com/s/files/1/1020/9912/4593/files/C509B6C8-1BE2-42A7-B76B-F0CB86374FF3.jpg?v=1788105602,3,"",,,,,,,,,,,,,,,,,,,,kg,,,
premium-tabby-organza-mirror-work-sharara-set,,,,,,,,,XL,,,,,,,,,0.0,shopify,10,deny,manual,1650.00,3500.00,true,false,,,,,"",https://cdn.shopify.com/s/files/1/1020/9912/4593/files/DE917AFE-6391-4C52-A281-15FAD7684122.jpg?v=1788105602,4,"",,,,,,,,,,,,,,,,,,,,kg,,,
premium-tabby-organza-mirror-work-sharara-set,,,,,,,,,2XL,,,,,,,,,0.0,shopify,10,deny,manual,1650.00,3500.00,true,false,,,,,"",https://cdn.shopify.com/s/files/1/1020/9912/4593/files/1F3137DC-8471-450B-BF96-4C6B38BEEE91.jpg?v=1788105602,5,"",,,,,,,,,,,,,,,,,,,,kg,,,
premium-tabby-organza-mirror-work-sharara-set,,,,,,,,,,,,,,,,,,,,,,,,,,,,,,,"",https://cdn.shopify.com/s/files/1/1020/9912/4593/files/C57F11D5-20FA-42F0-A0DE-9B099F4FC468.jpg?v=1788105602,6,"",,,,,,,,,,,,,,,,,,,,,,,
premium-fendy-silk-embroidered-gown-set,Premium Fendy Silk Embroidered Gown Set,"<p><span>GOWN DETAILS</span><span><br> </span><span>• Fabric : Fendy Silk</span><span><br> </span><span>• Work : Sequence Embroidery Work</span><span><br> </span><span>• Neck : Round Neck With Dori</span><span><br> </span><span>• Sleeves : 20 Inches</span><span><br> </span><span>• Length : 50 Inches</span><span><br> </span><span>• Size : M, L, XL, XXL | Fully Stitched Ready To Wear</span></p>
<p><span>PENT DETAILS</span><span><br> </span><span>• Fabric : Micro Cotton</span><span><br> </span><span>• Length : 40 Inches</span><span><br> </span><span>• Size : M To XXL | Fully Stitched</span></p>
<p><span>DUPATTA DETAILS</span><span><br> </span><span>• Fabric : Fendy Silk</span><span><br> </span><span>• Work : Sequence Embroidery Work</span><span><br> </span><span>• Length : 2.20 Meters</span></p>",Anjuclothing ,,"","",true,Colour,Ivory,,Size,M,,,,,,0.0,shopify,10,deny,manual,1799.00,3500.00,true,false,,,,,"",https://cdn.shopify.com/s/files/1/1020/9912/4593/files/9D3AF787-03AB-47DE-9A3A-6D2485170E3E.png?v=1789113783,1,"",false,,,,,,,,,,,,,,,,,,,kg,,,active
premium-fendy-silk-embroidered-gown-set,,,,,,,,,Pink,,,M,,,,,,0.0,shopify,10,deny,manual,1799.00,3500.00,true,false,,,,,"",https://cdn.shopify.com/s/files/1/1020/9912/4593/files/069613D0-6F54-4087-AC50-FDAF6D8F3E25.jpg?v=1787935001,2,"",,,,,,,,,,,,,,,,,,,,kg,,,
premium-fendy-silk-embroidered-gown-set,,,,,,,,,Mahroon,,,M,,,,,,0.0,shopify,10,deny,manual,1799.00,3500.00,true,false,,,,,"",https://cdn.shopify.com/s/files/1/1020/9912/4593/files/14BCA589-317A-4E35-BB3C-49B51275A972.jpg?v=1787935001,3,"",,,,,,,,,,,,,,,,,,,,kg,,,
premium-fendy-silk-embroidered-gown-set,,,,,,,,,Purple,,,M,,,,,,0.0,shopify,10,deny,manual,1799.00,3500.00,true,false,,,,,"",https://cdn.shopify.com/s/files/1/1020/9912/4593/files/A2A65759-134B-4FF5-9DD9-ECBA128B6B87.jpg?v=1787935001,4,"",,,,,,,,,,,,,,,,,,,,kg,,,
premium-fendy-silk-embroidered-gown-set,,,,,,,,,Skyblue,,,M,,,,,,0.0,shopify,10,deny,manual,1799.00,3500.00,true,false,,,,,"",https://cdn.shopify.com/s/files/1/1020/9912/4593/files/6B7051B8-967F-4C02-83E9-9EE7725EF442.jpg?v=1787935001,5,"",,,,,,,,,,,,,,,,,,,,kg,,,
premium-fendy-silk-embroidered-gown-set,,,,,,,,,Mehndi green,,,M,,,,,,0.0,shopify,10,deny,manual,1799.00,3500.00,true,false,,,,,"",https://cdn.shopify.com/s/files/1/1020/9912/4593/files/C57567FE-68B5-4BED-ACEE-64B7817E0A37.jpg?v=1787935001,6,"",,,,,,,,,,,,,,,,,,,,kg,,,
premium-fendy-silk-embroidered-gown-set,,,,,,,,,Dark green,,,M,,,,,,0.0,shopify,10,deny,manual,1799.00,3500.00,true,false,,,,,"",https://cdn.shopify.com/s/files/1/1020/9912/4593/files/9553A1A6-AEDE-4344-AE84-51FE5F4FDC97.jpg?v=1787935001,7,"",,,,,,,,,,,,,,,,,,,,kg,,,
premium-fendy-silk-embroidered-gown-set,,,,,,,,,Teal,,,M,,,,,,0.0,shopify,10,deny,manual,1799.00,3500.00,true,false,,,,,"",https://cdn.shopify.com/s/files/1/1020/9912/4593/files/F5A55955-7901-48F8-8B5F-48960D1A2C90.jpg?v=1787935001,8,"",,,,,,,,,,,,,,,,,,,,kg,,,
premium-fendy-silk-embroidered-gown-set,,,,,,,,,Onion pink,,,M,,,,,,0.0,shopify,10,deny,manual,1799.00,3500.00,true,false,,,,,"",https://cdn.shopify.com/s/files/1/1020/9912/4593/files/779E7422-B3A6-4099-A6E3-F69830A72872.jpg?v=1787935001,9,"",,,,,,,,,,,,,,,,,,,,kg,,,
premium-fendy-silk-embroidered-gown-set,,,,,,,,,Blue,,,M,,,,,,0.0,shopify,10,deny,manual,1799.00,3500.00,true,false,,,,,"",https://cdn.shopify.com/s/files/1/1020/9912/4593/files/C7764733-758A-4946-B15D-BB23923718B5.jpg?v=1787935001,10,"",,,,,,,,,,,,,,,,,,,,kg,,,
premium-fendy-silk-embroidered-gown-set,,,,,,,,,Red,,,M,,,,,,0.0,shopify,10,deny,manual,1799.00,3500.00,true,false,,,,,"",https://cdn.shopify.com/s/files/1/1020/9912/4593/files/039DEBFF-25DA-430E-BAC5-9F7A6B0CE336.jpg?v=1787935001,11,"",,,,,,,,,,,,,,,,,,,,kg,,,
premium-fendy-silk-embroidered-gown-set,,,,,,,,,Magenta pink,,,M,,,,,,0.0,shopify,10,deny,manual,1799.00,3500.00,true,false,,,,,"",https://cdn.shopify.com/s/files/1/1020/9912/4593/files/337CFCAA-F2ED-4147-BBA9-68F6C5BF50C8.jpg?v=1787935001,12,"",,,,,,,,,,,,,,,,,,,,kg,,,
premium-fendy-silk-embroidered-gown-set,,,,,,,,,Ivory,,,L,,,,,,0.0,shopify,10,deny,manual,1799.00,3500.00,true,false,,,,,"",https://cdn.shopify.com/s/files/1/1020/9912/4593/files/E9C10949-E4B0-4ABE-8D2C-2C9F8C20B1C0.jpg?v=1787935001,13,"",,,,,,,,,,,,,,,,,,,,kg,,,
premium-fendy-silk-embroidered-gown-set,,,,,,,,,Ivory,,,XL,,,,,,0.0,shopify,10,deny,manual,1799.00,3500.00,true,false,,,,,"",https://cdn.shopify.com/s/files/1/1020/9912/4593/files/240AC50C-E389-4918-9C47-9D4EF60DF26A.jpg?v=1787935001,14,"",,,,,,,,,,,,,,,,,,,,kg,,,
premium-fendy-silk-embroidered-gown-set,,,,,,,,,Ivory,,,2XL,,,,,,0.0,shopify,10,deny,manual,1799.00,3500.00,true,false,,,,,"",https://cdn.shopify.com/s/files/1/1020/9912/4593/files/84596722-3E2F-45A8-AF76-69965446D488.jpg?v=1787935001,15,"",,,,,,,,,,,,,,,,,,,,kg,,,
premium-fendy-silk-embroidered-gown-set,,,,,,,,,Pink,,,L,,,,,,0.0,shopify,10,deny,manual,1799.00,3500.00,true,false,,,,,"",https://cdn.shopify.com/s/files/1/1020/9912/4593/files/37553E62-D12D-4C6A-9BCA-3A1394F8C8F6.jpg?v=1787935001,16,"",,,,,,,,,,,,,,,,,,,,kg,,,
premium-fendy-silk-embroidered-gown-set,,,,,,,,,Pink,,,XL,,,,,,0.0,shopify,10,deny,manual,1799.00,3500.00,true,false,,,,,"",https://cdn.shopify.com/s/files/1/1020/9912/4593/files/4C0D4B6C-6E06-4A22-A425-10A81174232E.jpg?v=1787935001,17,"",,,,,,,,,,,,,,,,,,,,kg,,,
premium-fendy-silk-embroidered-gown-set,,,,,,,,,Pink,,,2XL,,,,,,0.0,shopify,10,deny,manual,1799.00,3500.00,true,false,,,,,"",https://cdn.shopify.com/s/files/1/1020/9912/4593/files/A80D464D-E41F-46FF-BC13-59F98CDED68E.jpg?v=1787935001,18,"",,,,,,,,,,,,,,,,,,,,kg,,,
premium-fendy-silk-embroidered-gown-set,,,,,,,,,Mahroon,,,L,,,,,,0.0,shopify,10,deny,manual,1799.00,3500.00,true,false,,,,,"",https://cdn.shopify.com/s/files/1/1020/9912/4593/files/C58C7308-C7CC-4975-9BDA-DC9FF4236AFB.jpg?v=1787935001,19,"",,,,,,,,,,,,,,,,,,,,kg,,,
premium-fendy-silk-embroidered-gown-set,,,,,,,,,Mahroon,,,XL,,,,,,0.0,shopify,10,deny,manual,1799.00,3500.00,true,false,,,,,"",https://cdn.shopify.com/s/files/1/1020/9912/4593/files/C76F8ACC-A5B4-4816-B136-A7A8A17ADC7C.jpg?v=1787935001,20,"",,,,,,,,,,,,,,,,,,,,kg,,,
premium-fendy-silk-embroidered-gown-set,,,,,,,,,Mahroon,,,2XL,,,,,,0.0,shopify,10,deny,manual,1799.00,3500.00,true,false,,,,,"",https://cdn.shopify.com/s/files/1/1020/9912/4593/files/1B3417F8-A0FF-4836-978B-EF57CCC14383.jpg?v=1787935001,21,"",,,,,,,,,,,,,,,,,,,,kg,,,
premium-fendy-silk-embroidered-gown-set,,,,,,,,,Purple,,,L,,,,,,0.0,shopify,10,deny,manual,1799.00,3500.00,true,false,,,,,"",https://cdn.shopify.com/s/files/1/1020/9912/4593/files/623FB9F4-CD4F-4489-8B0B-AAE6A77DE69D.jpg?v=1787935001,22,"",,,,,,,,,,,,,,,,,,,,kg,,,
premium-fendy-silk-embroidered-gown-set,,,,,,,,,Purple,,,XL,,,,,,0.0,shopify,10,deny,manual,1799.00,3500.00,true,false,,,,,"",,,,,,,,,,,,,,,,,,,,,,,kg,,,
premium-fendy-silk-embroidered-gown-set,,,,,,,,,Purple,,,2XL,,,,,,0.0,shopify,10,deny,manual,1799.00,3500.00,true,false,,,,,"",,,,,,,,,,,,,,,,,,,,,,,kg,,,
premium-fendy-silk-embroidered-gown-set,,,,,,,,,Skyblue,,,L,,,,,,0.0,shopify,10,deny,manual,1799.00,3500.00,true,false,,,,,"",,,,,,,,,,,,,,,,,,,,,,,kg,,,
premium-fendy-silk-embroidered-gown-set,,,,,,,,,Skyblue,,,XL,,,,,,0.0,shopify,10,deny,manual,1799.00,3500.00,true,false,,,,,"",,,,,,,,,,,,,,,,,,,,,,,kg,,,
premium-fendy-silk-embroidered-gown-set,,,,,,,,,Skyblue,,,2XL,,,,,,0.0,shopify,10,deny,manual,1799.00,3500.00,true,false,,,,,"",,,,,,,,,,,,,,,,,,,,,,,kg,,,
premium-fendy-silk-embroidered-gown-set,,,,,,,,,Mehndi green,,,L,,,,,,0.0,shopify,10,deny,manual,1799.00,3500.00,true,false,,,,,"",,,,,,,,,,,,,,,,,,,,,,,kg,,,
premium-fendy-silk-embroidered-gown-set,,,,,,,,,Mehndi green,,,XL,,,,,,0.0,shopify,10,deny,manual,1799.00,3500.00,true,false,,,,,"",,,,,,,,,,,,,,,,,,,,,,,kg,,,
premium-fendy-silk-embroidered-gown-set,,,,,,,,,Mehndi green,,,2XL,,,,,,0.0,shopify,10,deny,manual,1799.00,3500.00,true,false,,,,,"",,,,,,,,,,,,,,,,,,,,,,,kg,,,
premium-fendy-silk-embroidered-gown-set,,,,,,,,,Dark green,,,L,,,,,,0.0,shopify,10,deny,manual,1799.00,3500.00,true,false,,,,,"",,,,,,,,,,,,,,,,,,,,,,,kg,,,
premium-fendy-silk-embroidered-gown-set,,,,,,,,,Dark green,,,XL,,,,,,0.0,shopify,10,deny,manual,1799.00,3500.00,true,false,,,,,"",,,,,,,,,,,,,,,,,,,,,,,kg,,,
premium-fendy-silk-embroidered-gown-set,,,,,,,,,Dark green,,,2XL,,,,,,0.0,shopify,10,deny,manual,1799.00,3500.00,true,false,,,,,"",,,,,,,,,,,,,,,,,,,,,,,kg,,,
premium-fendy-silk-embroidered-gown-set,,,,,,,,,Teal,,,L,,,,,,0.0,shopify,10,deny,manual,1799.00,3500.00,true,false,,,,,"",,,,,,,,,,,,,,,,,,,,,,,kg,,,
premium-fendy-silk-embroidered-gown-set,,,,,,,,,Teal,,,XL,,,,,,0.0,shopify,10,deny,manual,1799.00,3500.00,true,false,,,,,"",,,,,,,,,,,,,,,,,,,,,,,kg,,,
premium-fendy-silk-embroidered-gown-set,,,,,,,,,Teal,,,2XL,,,,,,0.0,shopify,10,deny,manual,1799.00,3500.00,true,false,,,,,"",,,,,,,,,,,,,,,,,,,,,,,kg,,,
premium-fendy-silk-embroidered-gown-set,,,,,,,,,Onion pink,,,L,,,,,,0.0,shopify,10,deny,manual,1799.00,3500.00,true,false,,,,,"",,,,,,,,,,,,,,,,,,,,,,,kg,,,
premium-fendy-silk-embroidered-gown-set,,,,,,,,,Onion pink,,,XL,,,,,,0.0,shopify,10,deny,manual,1799.00,3500.00,true,false,,,,,"",,,,,,,,,,,,,,,,,,,,,,,kg,,,
premium-fendy-silk-embroidered-gown-set,,,,,,,,,Onion pink,,,2XL,,,,,,0.0,shopify,10,deny,manual,1799.00,3500.00,true,false,,,,,"",,,,,,,,,,,,,,,,,,,,,,,kg,,,
premium-fendy-silk-embroidered-gown-set,,,,,,,,,Blue,,,L,,,,,,0.0,shopify,10,deny,manual,1799.00,3500.00,true,false,,,,,"",,,,,,,,,,,,,,,,,,,,,,,kg,,,
premium-fendy-silk-embroidered-gown-set,,,,,,,,,Blue,,,XL,,,,,,0.0,shopify,10,deny,manual,1799.00,3500.00,true,false,,,,,"",,,,,,,,,,,,,,,,,,,,,,,kg,,,
premium-fendy-silk-embroidered-gown-set,,,,,,,,,Blue,,,2XL,,,,,,0.0,shopify,10,deny,manual,1799.00,3500.00,true,false,,,,,"",,,,,,,,,,,,,,,,,,,,,,,kg,,,
premium-fendy-silk-embroidered-gown-set,,,,,,,,,Red,,,L,,,,,,0.0,shopify,10,deny,manual,1799.00,3500.00,true,false,,,,,"",,,,,,,,,,,,,,,,,,,,,,,kg,,,
premium-fendy-silk-embroidered-gown-set,,,,,,,,,Red,,,XL,,,,,,0.0,shopify,10,deny,manual,1799.00,3500.00,true,false,,,,,"",,,,,,,,,,,,,,,,,,,,,,,kg,,,
premium-fendy-silk-embroidered-gown-set,,,,,,,,,Red,,,2XL,,,,,,0.0,shopify,10,deny,manual,1799.00,3500.00,true,false,,,,,"",,,,,,,,,,,,,,,,,,,,,,,kg,,,
premium-fendy-silk-embroidered-gown-set,,,,,,,,,Magenta pink,,,L,,,,,,0.0,shopify,10,deny,manual,1799.00,3500.00,true,false,,,,,"",,,,,,,,,,,,,,,,,,,,,,,kg,,,
premium-fendy-silk-embroidered-gown-set,,,,,,,,,Magenta pink,,,XL,,,,,,0.0,shopify,10,deny,manual,1799.00,3500.00,true,false,,,,,"",,,,,,,,,,,,,,,,,,,,,,,kg,,,
premium-fendy-silk-embroidered-gown-set,,,,,,,,,Magenta pink,,,2XL,,,,,,0.0,shopify,10,deny,manual,1799.00,3500.00,true,false,,,,,"",,,,,,,,,,,,,,,,,,,,,,,kg,,,
premium-french-crepe-embroidered-sharara-set,Premium French Crepe Embroidered Sharara Set,"<p><span>TOP DETAILS</span><span><br> </span><span>• Fabric : French Crepe</span><span><br> </span><span>• Work : Embroidery &amp; Coding Sequence Work</span><span><br> </span><span>• Sleeves : Full Sleeves</span><span><br> </span><span>• Inner : Heavy Micro Cotton</span><span><br> </span><span>• Size : M(38), L(40), XL(42), XXL(44) | Fully Stitched Ready To Wear</span></p>
<p><span>SHARARA PALAZZO DETAILS</span><span><br> </span><span>• Fabric : French Crepe</span><span><br> </span><span>• Pattern : Full Flair</span><span><br> </span><span>• Length : 40–41 Inches</span><span><br> </span><span>• Stitching : Fully Stitched</span></p>
<p><span>DUPATTA DETAILS</span><span><br> </span><span>• Fabric : D Salasa</span><span><br> </span><span>• Work : Lace Border</span></p>",Anjuclothing ,,"","",true,Size,M,,,,,,,,,0.0,shopify,10,deny,manual,1699.00,4500.00,true,false,,,,,"",https://cdn.shopify.com/s/files/1/1020/9912/4593/files/9E21DCF8-6EF3-4FC1-A365-2D2A51B54ECF.png?v=1789113782,1,"",false,,,,,,,,,,,,,,,,,,,kg,,,active
premium-french-crepe-embroidered-sharara-set,,,,,,,,,L,,,,,,,,,0.0,shopify,10,deny,manual,1699.00,4500.00,true,false,,,,,"",https://cdn.shopify.com/s/files/1/1020/9912/4593/files/8511B6E1-31B5-4667-A554-F5A7C6994949.jpg?v=1787931988,2,"",,,,,,,,,,,,,,,,,,,,kg,,,
premium-french-crepe-embroidered-sharara-set,,,,,,,,,XL,,,,,,,,,0.0,shopify,10,deny,manual,1699.00,4500.00,true,false,,,,,"",https://cdn.shopify.com/s/files/1/1020/9912/4593/files/4EED8914-61B1-41C7-9855-31B63A9A1859.jpg?v=1787931988,3,"",,,,,,,,,,,,,,,,,,,,kg,,,
premium-french-crepe-embroidered-sharara-set,,,,,,,,,2XL,,,,,,,,,0.0,shopify,10,deny,manual,1699.00,4500.00,true,false,,,,,"",https://cdn.shopify.com/s/files/1/1020/9912/4593/files/9D0AB27F-FC48-4399-827C-C50230768C1E.jpg?v=1787931988,4,"",,,,,,,,,,,,,,,,,,,,kg,,,
premium-french-crepe-embroidered-sharara-set,,,,,,,,,,,,,,,,,,,,,,,,,,,,,,,"",https://cdn.shopify.com/s/files/1/1020/9912/4593/files/21C8482B-0C20-4C5B-A3B9-CBA4BB63D250.jpg?v=1787931988,5,"",,,,,,,,,,,,,,,,,,,,,,,
premium-roman-silk-anarkali-set,Premium Roman Silk Anarkali Set,"<p><span>ANARKALI DETAILS</span><span><br> </span><span>• Fabric : Heavy Pure Roman Silk</span><span><br> </span><span>• Design : 16 Kali Gown With Side Zipper &amp; Fancy Pearl Lace Yoke Detailing</span><span><br> </span><span>• Inner : Pure Microscrape Full Lining</span><span><br> </span><span>• Length : 48 Inches</span><span><br> </span><span>• Flair : 4 Meters</span><span><br> </span><span>• Size : XS(34), S(36), M(38), L(40), XL(42), XXL(44) | Fully Stitched Ready To Wear</span></p>
<p><span>PENT DETAILS</span><span><br> </span><span>• Fabric : Pure Roman Silk Chanderi</span><span><br> </span><span>• Size : Free Size | Fully Stitched</span></p>
<p><span>DUPATTA DETAILS</span><span><br> </span><span>• Fabric : Tabby Organza Silk</span><span><br> </span><span>• Work : Position Print</span><span><br> </span><span>• Length : 2.2 Meters</span></p>",Anjuclothing ,,"","",true,Size,XS,,,,,,,,,0.0,shopify,10,deny,manual,1799.00,4500.00,true,false,,,,,"",https://cdn.shopify.com/s/files/1/1020/9912/4593/files/3B7943C1-7261-41FB-A5DA-5E147AC1F456.png?v=1789113782,1,"",false,,,,,,,,,,,,,,,,,,,kg,,,active
premium-roman-silk-anarkali-set,,,,,,,,,S,,,,,,,,,0.0,shopify,10,deny,manual,1799.00,4500.00,true,false,,,,,"",https://cdn.shopify.com/s/files/1/1020/9912/4593/files/7C2197AA-4219-4353-9BCF-850CEEE054D6.jpg?v=1787853236,2,"",,,,,,,,,,,,,,,,,,,,kg,,,
premium-roman-silk-anarkali-set,,,,,,,,,M,,,,,,,,,0.0,shopify,10,deny,manual,1799.00,4500.00,true,false,,,,,"",https://cdn.shopify.com/s/files/1/1020/9912/4593/files/6FEBDB39-AEE8-4C82-A917-5C8ACBAE72EC.jpg?v=1787853236,3,"",,,,,,,,,,,,,,,,,,,,kg,,,
premium-roman-silk-anarkali-set,,,,,,,,,L,,,,,,,,,0.0,shopify,10,deny,manual,1799.00,4500.00,true,false,,,,,"",https://cdn.shopify.com/s/files/1/1020/9912/4593/files/88B30FA3-9511-4C0E-9876-EB7BFD4DB8A9.jpg?v=1787853236,4,"",,,,,,,,,,,,,,,,,,,,kg,,,
premium-roman-silk-anarkali-set,,,,,,,,,XL,,,,,,,,,0.0,shopify,10,deny,manual,1799.00,4500.00,true,false,,,,,"",https://cdn.shopify.com/s/files/1/1020/9912/4593/files/773D641A-342A-4330-964B-C1CF43ACC6F4.jpg?v=1787853235,5,"",,,,,,,,,,,,,,,,,,,,kg,,,
premium-roman-silk-anarkali-set,,,,,,,,,2XL,,,,,,,,,0.0,shopify,10,deny,manual,1799.00,4500.00,true,false,,,,,"",,,,,,,,,,,,,,,,,,,,,,,kg,,,
premium-faux-georgette-7-meter-flair-anarkali-set,Premium Faux Georgette 7 Meter Flair Anarkali Set,"<p><span>ANARKALI DETAILS</span><span><br> </span><span>• Fabric : Faux Georgette</span><span><br> </span><span>• Work : Fancy Lace</span><span><br> </span><span>• Inner : Soft Micro Cotton</span><span><br> </span><span>• Length : 48–49 Inches</span><span><br> </span><span>• Flair : 7 Meters</span><span><br> </span><span>• Size : S(36), M(38), L(40), XL(42), XXL(44) With 3XL Margin | Fully Stitched Ready To Wear</span></p>
<p><span>PENT DETAILS</span><span><br> </span><span>• Fabric : Soft Micro Cotton</span><span><br> </span><span>• Length : 38 Inches</span><span><br> </span><span>• Stitching : Fully Stitched Up To Size 44 With Stretchable Elastic Waist</span></p>
<p><span>DUPATTA DETAILS</span><span><br> </span><span>• Fabric : Faux Georgette</span><span><br> </span><span>• Work : Fancy Lace With Stones</span><span><br> </span><span>• Length : 2.2 Meters</span></p>",Anjuclothing ,Apparel & Accessories > Clothing > Traditional & Ceremonial Clothing > Salwar Kameez & Suit Sets,"","",true,Size,S,,,,,,,,,0.0,shopify,10,deny,manual,1599.00,3500.00,true,false,,,,,"",https://cdn.shopify.com/s/files/1/1020/9912/4593/files/DF9456C8-9264-4368-B2A4-9419A96B20EA.png?v=1789113783,1,"",false,,,'1,,,,,,,,,,,,,,,,kg,,,active
premium-faux-georgette-7-meter-flair-anarkali-set,,,,,,,,,M,,,,,,,,,0.0,shopify,10,deny,manual,1599.00,3500.00,true,false,,,,,"",https://cdn.shopify.com/s/files/1/1020/9912/4593/files/ABD45754-4556-43EE-9C56-0E8FFF0585BA.jpg?v=1787830772,2,"",,,,,,,,,,,,,,,,,,,,kg,,,
premium-faux-georgette-7-meter-flair-anarkali-set,,,,,,,,,L,,,,,,,,,0.0,shopify,10,deny,manual,1599.00,3500.00,true,false,,,,,"",https://cdn.shopify.com/s/files/1/1020/9912/4593/files/C2912EEF-472B-4DA8-972A-8F7ED6D77F7F.jpg?v=1787830772,3,"",,,,,,,,,,,,,,,,,,,,kg,,,
premium-faux-georgette-7-meter-flair-anarkali-set,,,,,,,,,XL,,,,,,,,,0.0,shopify,9,deny,manual,1599.00,3500.00,true,false,,,,,"",https://cdn.shopify.com/s/files/1/1020/9912/4593/files/5ED311AA-E191-4283-B6B7-C8D4B957F33B.jpg?v=1787830772,4,"",,,,,,,,,,,,,,,,,,,,kg,,,
premium-faux-georgette-7-meter-flair-anarkali-set,,,,,,,,,2XL,,,,,,,,,0.0,shopify,10,deny,manual,1599.00,3500.00,true,false,,,,,"",https://cdn.shopify.com/s/files/1/1020/9912/4593/files/3BD6580A-FDCD-4613-A299-88A10482C5B4.jpg?v=1787830772,5,"",,,,,,,,,,,,,,,,,,,,kg,,,
premium-faux-georgette-7-meter-flair-anarkali-set,,,,,,,,,,,,,,,,,,,,,,,,,,,,,,,"",https://cdn.shopify.com/s/files/1/1020/9912/4593/files/65BA92D8-81B4-4898-82AA-1944F5343746.jpg?v=1787830773,6,"",,,,,,,,,,,,,,,,,,,,,,,
premium-nc-moss-heavy-embroidery-sequence-work-palazzo-set-with-dupatta-1,Premium NC Moss Heavy Embroidery Sequence Work Palazzo Set With Dupatta,"<p><span>TOP DETAILS</span><span><br> </span><span>• Fabric : NC Moss</span><span><br> </span><span>• Work : Heavy Embroidery Sequence Work</span><span><br> </span><span>• Sleeves : Full Sleeves</span><span><br> </span><span>• Inner : Heavy Micro Cotton</span><span><br> </span><span>• Size : M(38), L(40), XL(42), XXL(44) | Fully Stitched Ready To Wear</span></p>
<p><span>PALAZZO DETAILS</span><span><br> </span><span>• Fabric : NC Moss</span><span><br> </span><span>• Work : Plain</span><span><br> </span><span>• Length : 39–40 Inches</span><span><br> </span><span>• Stitching : Fully Stitched With Elastic Waist</span></p>
<p><span>DUPATTA DETAILS</span><span><br> </span><span>• Fabric : NC Moss</span><span><br> </span><span>• Work : Lace Border</span></p>",Anjuclothing ,Apparel & Accessories > Clothing > Traditional & Ceremonial Clothing > Salwar Kameez & Suit Sets,"","",true,Size,M,,,,,,,,,0.0,shopify,10,deny,manual,1750.00,3500.00,true,false,,,,,"",https://cdn.shopify.com/s/files/1/1020/9912/4593/files/D39627A9-04B1-4298-9B19-81C03D7236BA.png?v=1789113783,1,"",false,,,,,,,,,,,,,,,,,,,kg,,,active
premium-nc-moss-heavy-embroidery-sequence-work-palazzo-set-with-dupatta-1,,,,,,,,,L,,,,,,,,,0.0,shopify,10,deny,manual,1750.00,3500.00,true,false,,,,,"",https://cdn.shopify.com/s/files/1/1020/9912/4593/files/E5208681-152F-442E-932A-11CFAA04D34D.jpg?v=1787750857,2,"",,,,,,,,,,,,,,,,,,,,kg,,,
premium-nc-moss-heavy-embroidery-sequence-work-palazzo-set-with-dupatta-1,,,,,,,,,XL,,,,,,,,,0.0,shopify,10,deny,manual,1750.00,3500.00,true,false,,,,,"",https://cdn.shopify.com/s/files/1/1020/9912/4593/files/ADC35CDD-2213-4ABA-B915-E7F6436F2364.jpg?v=1787750857,3,"",,,,,,,,,,,,,,,,,,,,kg,,,
premium-nc-moss-heavy-embroidery-sequence-work-palazzo-set-with-dupatta-1,,,,,,,,,2XL,,,,,,,,,0.0,shopify,10,deny,manual,1750.00,3500.00,true,false,,,,,"",https://cdn.shopify.com/s/files/1/1020/9912/4593/files/99A9902A-040F-48EA-81FF-719FC866DD67.jpg?v=1787750857,4,"",,,,,,,,,,,,,,,,,,,,kg,,,
premium-nc-moss-heavy-embroidery-sequence-work-palazzo-set-with-dupatta,Premium NC Moss Heavy Embroidery Sequence Work Palazzo Set With Dupatta,"<p><span>TOP DETAILS</span><span><br> </span><span>• Fabric : NC Moss</span><span><br> </span><span>• Work : Heavy Embroidery Sequence Work</span><span><br> </span><span>• Sleeves : Full Sleeves</span><span><br> </span><span>• Inner : Heavy Micro Cotton</span><span><br> </span><span>• Size : M(38), L(40), XL(42), XXL(44) | Fully Stitched Ready To Wear</span></p>
<p><span>PALAZZO DETAILS</span><span><br> </span><span>• Fabric : NC Moss</span><span><br> </span><span>• Work : Plain</span><span><br> </span><span>• Length : 39–40 Inches</span><span><br> </span><span>• Stitching : Fully Stitched With Elastic Waist</span></p>
<p><span>DUPATTA DETAILS</span><span><br> </span><span>• Fabric : NC Moss</span><span><br> </span><span>• Work : Lace Border</span></p>",Anjuclothing ,,"","",true,Colour,Blue,,Size,M,,,,,,0.0,shopify,10,deny,manual,1850.00,6500.00,true,false,,,,,"",https://cdn.shopify.com/s/files/1/1020/9912/4593/files/FEEED23D-95C8-4DE0-853C-20FBFC3AFC11.png?v=1789131072,1,"",false,,,,,,,,,,,,,,,,,,,kg,,,active
premium-nc-moss-heavy-embroidery-sequence-work-palazzo-set-with-dupatta,,,,,,,,,Blue,,,L,,,,,,0.0,shopify,10,deny,manual,1850.00,6500.00,true,false,,,,,"",https://cdn.shopify.com/s/files/1/1020/9912/4593/files/5D118667-103E-4101-9D05-1CD3BCCB05B0.jpg?v=1789131072,2,"",,,,,,,,,,,,,,,,,,,,kg,,,
premium-nc-moss-heavy-embroidery-sequence-work-palazzo-set-with-dupatta,,,,,,,,,Blue,,,XL,,,,,,0.0,shopify,10,deny,manual,1850.00,6500.00,true,false,,,,,"",https://cdn.shopify.com/s/files/1/1020/9912/4593/files/B25982F4-8782-4271-A422-6ADAE7223CB4.jpg?v=1789131072,3,"",,,,,,,,,,,,,,,,,,,,kg,,,
premium-nc-moss-heavy-embroidery-sequence-work-palazzo-set-with-dupatta,,,,,,,,,Blue,,,2XL,,,,,,0.0,shopify,10,deny,manual,1850.00,6500.00,true,false,,,,,"",https://cdn.shopify.com/s/files/1/1020/9912/4593/files/0C96C182-5FEC-48DB-B9EB-F1701721B741.jpg?v=1789131072,4,"",,,,,,,,,,,,,,,,,,,,kg,,,
premium-nc-moss-heavy-embroidery-sequence-work-palazzo-set-with-dupatta,,,,,,,,,Orange,,,M,,,,,,0.0,shopify,10,deny,manual,1850.00,6500.00,true,false,,,,,"",https://cdn.shopify.com/s/files/1/1020/9912/4593/files/2EA3BB50-BFBA-452F-9F30-E4A0F37FF283.jpg?v=1789131072,5,"",,,,,,,,,,,,,,,,,,,,kg,,,
premium-nc-moss-heavy-embroidery-sequence-work-palazzo-set-with-dupatta,,,,,,,,,Orange,,,L,,,,,,0.0,shopify,10,deny,manual,1850.00,6500.00,true,false,,,,,"",https://cdn.shopify.com/s/files/1/1020/9912/4593/files/BFA7082D-2D4F-4779-A0C4-4633E0C6F345.jpg?v=1789131072,6,"",,,,,,,,,,,,,,,,,,,,kg,,,
premium-nc-moss-heavy-embroidery-sequence-work-palazzo-set-with-dupatta,,,,,,,,,Orange,,,XL,,,,,,0.0,shopify,10,deny,manual,1850.00,6500.00,true,false,,,,,"",https://cdn.shopify.com/s/files/1/1020/9912/4593/files/3B513EE0-174D-4EFD-8730-4D4BA052E241.jpg?v=1789131072,7,"",,,,,,,,,,,,,,,,,,,,kg,,,
premium-nc-moss-heavy-embroidery-sequence-work-palazzo-set-with-dupatta,,,,,,,,,Orange,,,2XL,,,,,,0.0,shopify,10,deny,manual,1850.00,6500.00,true,false,,,,,"",https://cdn.shopify.com/s/files/1/1020/9912/4593/files/1186E60F-82B7-4FC5-BABD-CBABEEBFF6DA.jpg?v=1789131072,8,"",,,,,,,,,,,,,,,,,,,,kg,,,
premium-nc-moss-heavy-embroidery-sequence-work-palazzo-set-with-dupatta,,,,,,,,,Golden,,,M,,,,,,0.0,shopify,10,deny,manual,1850.00,6500.00,true,false,,,,,"",https://cdn.shopify.com/s/files/1/1020/9912/4593/files/29090E4C-EA01-4999-BE71-BD89B4DA1C46.jpg?v=1789131072,9,"",,,,,,,,,,,,,,,,,,,,kg,,,
premium-nc-moss-heavy-embroidery-sequence-work-palazzo-set-with-dupatta,,,,,,,,,Golden,,,L,,,,,,0.0,shopify,10,deny,manual,1850.00,6500.00,true,false,,,,,"",https://cdn.shopify.com/s/files/1/1020/9912/4593/files/5BC81AF6-B0F9-4363-BCAD-5418E3A7E0A0.jpg?v=1789131072,10,"",,,,,,,,,,,,,,,,,,,,kg,,,
premium-nc-moss-heavy-embroidery-sequence-work-palazzo-set-with-dupatta,,,,,,,,,Golden,,,XL,,,,,,0.0,shopify,10,deny,manual,1850.00,6500.00,true,false,,,,,"",https://cdn.shopify.com/s/files/1/1020/9912/4593/files/DC2E2C98-F97C-4720-A0E7-558470966DA0.jpg?v=1789131072,11,"",,,,,,,,,,,,,,,,,,,,kg,,,
premium-nc-moss-heavy-embroidery-sequence-work-palazzo-set-with-dupatta,,,,,,,,,Golden,,,2XL,,,,,,0.0,shopify,10,deny,manual,1850.00,6500.00,true,false,,,,,"",https://cdn.shopify.com/s/files/1/1020/9912/4593/files/A869426D-0389-491F-8DD9-E1329876F652.jpg?v=1789131072,12,"",,,,,,,,,,,,,,,,,,,,kg,,,
premium-nc-moss-heavy-embroidery-sequence-work-palazzo-set-with-dupatta,,,,,,,,,White,,,M,,,,,,0.0,shopify,10,deny,manual,1850.00,6500.00,true,false,,,,,"",https://cdn.shopify.com/s/files/1/1020/9912/4593/files/ED0D58EB-3606-43E9-99C2-BB9471FE3DD0.jpg?v=1789131072,13,"",,,,,,,,,,,,,,,,,,,,kg,,,
premium-nc-moss-heavy-embroidery-sequence-work-palazzo-set-with-dupatta,,,,,,,,,White,,,L,,,,,,0.0,shopify,10,deny,manual,1850.00,6500.00,true,false,,,,,"",,,,,,,,,,,,,,,,,,,,,,,kg,,,
premium-nc-moss-heavy-embroidery-sequence-work-palazzo-set-with-dupatta,,,,,,,,,White,,,XL,,,,,,0.0,shopify,10,deny,manual,1850.00,6500.00,true,false,,,,,"",,,,,,,,,,,,,,,,,,,,,,,kg,,,
premium-nc-moss-heavy-embroidery-sequence-work-palazzo-set-with-dupatta,,,,,,,,,White,,,2XL,,,,,,0.0,shopify,10,deny,manual,1850.00,6500.00,true,false,,,,,"",,,,,,,,,,,,,,,,,,,,,,,kg,,,
premium-nc-moss-heavy-embroidery-sequence-work-palazzo-set-with-dupatta,,,,,,,,,Skyblue,,,M,,,,,,0.0,shopify,10,deny,manual,1850.00,6500.00,true,false,,,,,"",,,,,,,,,,,,,,,,,,,,,,,kg,,,
premium-nc-moss-heavy-embroidery-sequence-work-palazzo-set-with-dupatta,,,,,,,,,Skyblue,,,L,,,,,,0.0,shopify,10,deny,manual,1850.00,6500.00,true,false,,,,,"",,,,,,,,,,,,,,,,,,,,,,,kg,,,
premium-nc-moss-heavy-embroidery-sequence-work-palazzo-set-with-dupatta,,,,,,,,,Skyblue,,,XL,,,,,,0.0,shopify,10,deny,manual,1850.00,6500.00,true,false,,,,,"",,,,,,,,,,,,,,,,,,,,,,,kg,,,
premium-nc-moss-heavy-embroidery-sequence-work-palazzo-set-with-dupatta,,,,,,,,,Skyblue,,,2XL,,,,,,0.0,shopify,10,deny,manual,1850.00,6500.00,true,false,,,,,"",,,,,,,,,,,,,,,,,,,,,,,kg,,,
premium-nc-moss-heavy-embroidery-sequence-work-palazzo-set-with-dupatta,,,,,,,,,Mahroon,,,M,,,,,,0.0,shopify,10,deny,manual,1850.00,6500.00,true,false,,,,,"",,,,,,,,,,,,,,,,,,,,,,,kg,,,
premium-nc-moss-heavy-embroidery-sequence-work-palazzo-set-with-dupatta,,,,,,,,,Mahroon,,,L,,,,,,0.0,shopify,10,deny,manual,1850.00,6500.00,true,false,,,,,"",,,,,,,,,,,,,,,,,,,,,,,kg,,,
premium-nc-moss-heavy-embroidery-sequence-work-palazzo-set-with-dupatta,,,,,,,,,Mahroon,,,XL,,,,,,0.0,shopify,10,deny,manual,1850.00,6500.00,true,false,,,,,"",,,,,,,,,,,,,,,,,,,,,,,kg,,,
premium-nc-moss-heavy-embroidery-sequence-work-palazzo-set-with-dupatta,,,,,,,,,Mahroon,,,2XL,,,,,,0.0,shopify,10,deny,manual,1850.00,6500.00,true,false,,,,,"",,,,,,,,,,,,,,,,,,,,,,,kg,,,
premium-chinon-silk-embroidered-palazzo-set-with-fancy-lace-dupatta,Premium Chinon Silk Embroidered Palazzo Set With Fancy Lace Dupatta,"<p><span>TOP DETAILS</span><span><br> </span><span>• Fabric : Heavy Chinon Silk</span><span><br> </span><span>• Work : Embroidery With Sequin &amp; Thread Detailing</span><span><br> </span><span>• Lining : Soft Micro Inner</span><span><br> </span><span>• Size : M(38), L(40), XL(42), XXL(44) | Fully Stitched Ready To Wear</span></p>
<p><span>PALAZZO DETAILS</span><span><br> </span><span>• Fabric : Heavy Chinon Silk</span><span><br> </span><span>• Work : Plain</span><span><br> </span><span>• Lining : Comfortable Micro</span><span><br> </span><span>• Size : Fully Stitched Up To Size 44 With Elastic Waistband</span></p>
<p><span>DUPATTA DETAILS</span><span><br> </span><span>• Fabric : Heavy Chinon Silk</span><span><br> </span><span>• Work : Fancy Lace</span><span><br> </span><span>• Length : 2.2 Meters</span></p>",Anjuclothing ,,"","",true,Size,M,,,,,,,,AC87,0.0,shopify,9,deny,manual,1599.00,3500.00,true,false,,,,,"",https://cdn.shopify.com/s/files/1/1020/9912/4593/files/IMG-2396.png?v=1789199153,1,"",false,,,,,,,,,,,,,,,,,,,kg,,,active
premium-chinon-silk-embroidered-palazzo-set-with-fancy-lace-dupatta,,,,,,,,,L,,,,,,,,AC87,0.0,shopify,10,deny,manual,1599.00,3500.00,true,false,,,,,"",https://cdn.shopify.com/s/files/1/1020/9912/4593/files/CBA04030-E8D8-40D9-B1D2-D70FAA82F431.jpg?v=1787652202,2,"",,,,,,,,,,,,,,,,,,,,kg,,,
premium-chinon-silk-embroidered-palazzo-set-with-fancy-lace-dupatta,,,,,,,,,XL,,,,,,,,AC87,0.0,shopify,10,deny,manual,1599.00,3500.00,true,false,,,,,"",https://cdn.shopify.com/s/files/1/1020/9912/4593/files/479192BA-667D-4B8B-A321-87D0926DE235.jpg?v=1787652203,3,"",,,,,,,,,,,,,,,,,,,,kg,,,
premium-chinon-silk-embroidered-palazzo-set-with-fancy-lace-dupatta,,,,,,,,,2XL,,,,,,,,AC87,0.0,shopify,10,deny,manual,1599.00,3500.00,true,false,,,,,"",https://cdn.shopify.com/s/files/1/1020/9912/4593/files/E4536291-D800-4C03-887E-84D7CCDE5425.jpg?v=1787652203,4,"",,,,,,,,,,,,,,,,,,,,kg,,,
premium-chinon-silk-embroidered-palazzo-set-with-fancy-lace-dupatta,,,,,,,,,,,,,,,,,,,,,,,,,,,,,,,"",https://cdn.shopify.com/s/files/1/1020/9912/4593/files/404BD0EA-969B-4FDF-93A1-44A034FB6012.jpg?v=1787652203,5,"",,,,,,,,,,,,,,,,,,,,,,,
ruchika-rathore-viral-mirror-work-sharara-plazzo-set-with-dupatta,Ruchika Rathore Viral Mirror Work Sharara Plazzo Set With Dupatta,"<p><span>TOP DETAILS</span><span><br> </span><span>• Fabric : Jacquard Chanderi</span><span><br> </span><span>• Work : Real Mirror Lace Work</span><span><br> </span><span>• Length : 35–36 Inches</span><span><br> </span><span>• Sleeves : Full Sleeves</span><span><br> </span><span>• Inner : Heavy Micro Cotton</span><span><br> </span><span>• Size : M(38), L(40), XL(42), XXL(44) | Fully Stitched Ready To Wear</span></p>
<p><span>SHARARA PLAZZO DETAILS</span><span><br> </span><span>• Fabric : Jacquard Chanderi</span><span><br> </span><span>• Pattern : Full Flair</span><span><br> </span><span>• Length : 40–41 Inches</span></p>
<p><span>DUPATTA DETAILS</span><span><br> </span><span>• Fabric : Heavy Net</span><span><br> </span><span>• Work : Lace Border</span></p>",Anjuclothing ,,"","",true,Size,M,,,,,,,,,0.0,shopify,10,deny,manual,1699.00,4500.00,true,false,,,,,"",https://cdn.shopify.com/s/files/1/1020/9912/4593/files/IMG-2354.png?v=1789194662,1,"",false,,,,,,,,,,,,,,,,,,,kg,,,active
ruchika-rathore-viral-mirror-work-sharara-plazzo-set-with-dupatta,,,,,,,,,L,,,,,,,,,0.0,shopify,10,deny,manual,1699.00,4500.00,true,false,,,,,"",https://cdn.shopify.com/s/files/1/1020/9912/4593/files/5E4CC1E5-F660-49C0-845C-841D40CEEED2.jpg?v=1787466980,2,"",,,,,,,,,,,,,,,,,,,,kg,,,
ruchika-rathore-viral-mirror-work-sharara-plazzo-set-with-dupatta,,,,,,,,,XL,,,,,,,,,0.0,shopify,10,deny,manual,1699.00,4500.00,true,false,,,,,"",https://cdn.shopify.com/s/files/1/1020/9912/4593/files/06560E9B-C487-46BC-A16F-916578E800F5.jpg?v=1787466980,3,"",,,,,,,,,,,,,,,,,,,,kg,,,
ruchika-rathore-viral-mirror-work-sharara-plazzo-set-with-dupatta,,,,,,,,,2XL,,,,,,,,,0.0,shopify,10,deny,manual,1699.00,4500.00,true,false,,,,,"",https://cdn.shopify.com/s/files/1/1020/9912/4593/files/4DE069EA-407A-4DF7-A489-740C9E5987E9.jpg?v=1787466980,4,"",,,,,,,,,,,,,,,,,,,,kg,,,
ruchika-rathore-viral-mirror-work-sharara-plazzo-set-with-dupatta,,,,,,,,,,,,,,,,,,,,,,,,,,,,,,,"",https://cdn.shopify.com/s/files/1/1020/9912/4593/files/68F0DB54-7D8F-4725-9029-94B337AE16EB.jpg?v=1787466980,5,"",,,,,,,,,,,,,,,,,,,,,,,
ruchika-rathore-viral-mirror-work-sharara-plazzo-set-with-dupatta,,,,,,,,,,,,,,,,,,,,,,,,,,,,,,,"",https://cdn.shopify.com/s/files/1/1020/9912/4593/files/87F01FF5-B47D-498D-A9EC-77268E54C5BD.jpg?v=1787466980,6,"",,,,,,,,,,,,,,,,,,,,,,,
designer-bow-work-roman-silk-set,Designer Bow Work Roman Silk Set,"<p><span>Fabric:</span><span> Pure Roman Silk</span><span><br> </span><span>Work:</span><span> Embroidery Work with Sleeves</span><span><br> </span><span>Top Inner:</span><span> Micro Cotton</span><span><br> </span><span>Top Length:</span><span> 33–34 Inches</span></p>
<p><span>Sizes:</span><span> M (38), L (40), XL (42), XXL (44)</span><span><br> </span><span>Stitching:</span><span> Fully Stitched</span></p>
<p><span>Plazzo:</span><span> Pure Roman Silk with Elastic Waist</span><span><br> </span><span>Plazzo Length:</span><span> 39–40 Inches</span><span><br> </span><span>Stitching:</span><span> Fully Stitched</span></p>",Anjuclothing ,,"","",true,Colour,Pink,,Size,M,,,,,,0.0,shopify,10,deny,manual,1250.00,2500.00,true,false,,,,,"",https://cdn.shopify.com/s/files/1/1020/9912/4593/files/IMG-2356.png?v=1789194764,1,"",false,,,,,,,,,,,,,,,,,,,kg,,,active
designer-bow-work-roman-silk-set,,,,,,,,,Pink,,,L,,,,,,0.0,shopify,10,deny,manual,1250.00,2500.00,true,false,,,,,"",https://cdn.shopify.com/s/files/1/1020/9912/4593/files/69ED5352-DEBA-4986-9501-7DF7E3F8C19D.jpg?v=1787373701,2,"",,,,,,,,,,,,,,,,,,,,kg,,,
designer-bow-work-roman-silk-set,,,,,,,,,Pink,,,XL,,,,,,0.0,shopify,10,deny,manual,1250.00,2500.00,true,false,,,,,"",https://cdn.shopify.com/s/files/1/1020/9912/4593/files/FE734DBF-ABF1-43CF-A202-92645F3796EA.jpg?v=1787373700,3,"",,,,,,,,,,,,,,,,,,,,kg,,,
designer-bow-work-roman-silk-set,,,,,,,,,Pink,,,2XL,,,,,,0.0,shopify,10,deny,manual,1250.00,2500.00,true,false,,,,,"",https://cdn.shopify.com/s/files/1/1020/9912/4593/files/306D19C7-BD43-4189-A071-2DD935788ECA.jpg?v=1787373700,4,"",,,,,,,,,,,,,,,,,,,,kg,,,
designer-bow-work-roman-silk-set,,,,,,,,,Brown,,,M,,,,,,0.0,shopify,10,deny,manual,1250.00,2500.00,true,false,,,,,"",https://cdn.shopify.com/s/files/1/1020/9912/4593/files/C2D9BD75-F985-4401-A91A-F6454048C7D3.jpg?v=1789020885,5,"",,,,,,,,,,,,,,,,,,,,kg,,,
designer-bow-work-roman-silk-set,,,,,,,,,Brown,,,L,,,,,,0.0,shopify,10,deny,manual,1250.00,2500.00,true,false,,,,,"",https://cdn.shopify.com/s/files/1/1020/9912/4593/files/72C02CED-6596-4A77-9F1D-1406F4FFA99D.jpg?v=1789020885,6,"",,,,,,,,,,,,,,,,,,,,kg,,,
designer-bow-work-roman-silk-set,,,,,,,,,Brown,,,XL,,,,,,0.0,shopify,10,deny,manual,1250.00,2500.00,true,false,,,,,"",,,,,,,,,,,,,,,,,,,,,,,kg,,,
designer-bow-work-roman-silk-set,,,,,,,,,Brown,,,2XL,,,,,,0.0,shopify,10,deny,manual,1250.00,2500.00,true,false,,,,,"",,,,,,,,,,,,,,,,,,,,,,,kg,,,
tissue-mirror-work-rainbow-saree,Tissue mirror work Rainbow saree,"",Anjuclothing ,Apparel & Accessories > Clothing > Traditional & Ceremonial Clothing > Saris & Lehengas > Saris,"","",true,Title,Default Title,,,,,,,,,0.0,shopify,10,deny,manual,3050.00,7500.00,true,false,,,,,"",https://cdn.shopify.com/s/files/1/1020/9912/4593/files/0E50C028-1A1C-4627-91E8-E2C2DF2FEEA9.png?v=1789195260,1,"",false,,,,,,,,,,,,,,,,,,,kg,,,active
tissue-mirror-work-rainbow-saree,,,,,,,,,,,,,,,,,,,,,,,,,,,,,,,"",https://cdn.shopify.com/s/files/1/1020/9912/4593/files/5505C625-57D5-4F35-A253-E5F0C9393D5E.jpg?v=1787373444,2,"",,,,,,,,,,,,,,,,,,,,,,,
tissue-mirror-work-rainbow-saree,,,,,,,,,,,,,,,,,,,,,,,,,,,,,,,"",https://cdn.shopify.com/s/files/1/1020/9912/4593/files/C43AFB3C-36E9-449F-9FAF-B26D0DB4E3D5.jpg?v=1787373443,3,"",,,,,,,,,,,,,,,,,,,,,,,
tissue-mirror-work-rainbow-saree,,,,,,,,,,,,,,,,,,,,,,,,,,,,,,,"",https://cdn.shopify.com/s/files/1/1020/9912/4593/files/9184C5AE-99F0-4922-A33F-9B2431B09001.jpg?v=1787373443,4,"",,,,,,,,,,,,,,,,,,,,,,,
tissue-mirror-work-rainbow-saree,,,,,,,,,,,,,,,,,,,,,,,,,,,,,,,"",https://cdn.shopify.com/s/files/1/1020/9912/4593/files/A006811C-81DA-4825-BD30-168127E04613.jpg?v=1787373444,5,"",,,,,,,,,,,,,,,,,,,,,,,
tissue-mirror-work-rainbow-saree,,,,,,,,,,,,,,,,,,,,,,,,,,,,,,,"",https://cdn.shopify.com/s/files/1/1020/9912/4593/files/1B81A860-690B-46F8-8E56-564452260C56.jpg?v=1787373444,6,"",,,,,,,,,,,,,,,,,,,,,,,
tissue-mirror-work-rainbow-saree,,,,,,,,,,,,,,,,,,,,,,,,,,,,,,,"",https://cdn.shopify.com/s/files/1/1020/9912/4593/files/4266C1C2-7826-44E8-BA8B-2BF2F2821FE3.jpg?v=1787373443,7,"",,,,,,,,,,,,,,,,,,,,,,,
tissue-mirror-work-rainbow-saree,,,,,,,,,,,,,,,,,,,,,,,,,,,,,,,"",https://cdn.shopify.com/s/files/1/1020/9912/4593/files/EB891060-5966-4A03-8B64-2A60AE0030EE.jpg?v=1787373444,8,"",,,,,,,,,,,,,,,,,,,,,,,
tissue-mirror-work-rainbow-saree,,,,,,,,,,,,,,,,,,,,,,,,,,,,,,,"",https://cdn.shopify.com/s/files/1/1020/9912/4593/files/93017977-E44A-4271-A9AE-E1ADD628E70D.jpg?v=1787373443,9,"",,,,,,,,,,,,,,,,,,,,,,,
tissue-mirror-work-rainbow-saree,,,,,,,,,,,,,,,,,,,,,,,,,,,,,,,"",https://cdn.shopify.com/s/files/1/1020/9912/4593/files/0BD68F31-7D6C-4E43-9C1A-303C1435BC87.jpg?v=1787373444,10,"",,,,,,,,,,,,,,,,,,,,,,,
tissue-mirror-work-rainbow-saree,,,,,,,,,,,,,,,,,,,,,,,,,,,,,,,"",https://cdn.shopify.com/s/files/1/1020/9912/4593/files/D88582F0-0FE5-40B9-8E54-6DD3E3154F56.jpg?v=1787373444,11,"",,,,,,,,,,,,,,,,,,,,,,,
premium-digital-printed-anarkali-with-real-mirror-lace-dupatta-palazzo,Premium Digital Printed Anarkali With Real Mirror Lace Dupatta & Palazzo,"<p><span>ANARKALI DETAILS</span><span><br> </span><span>• Fabric : Digital Printed Fabric</span><span><br> </span><span>• Work : Fancy Lace Attached</span><span><br> </span><span>• Inner : Soft Micro Cotton</span><span><br> </span><span>• Length : 50 Inches</span><span><br> </span><span>• Flair : 7 Meters</span><span><br> </span><span>• Size : S(36), M(38), L(40), XL(42), XXL(44) With 3XL Margin | Fully Stitched Ready To Wear</span></p>
<p><span>PENT DETAILS</span><span><br> </span><span>• Fabric : Soft Micro Cotton</span><span><br> </span><span>• Length : 38 Inches</span><span><br> </span><span>• Size : Fully Stitched Up To Size 44 With Stretchable Elastic Waist</span></p>
<p><span>DUPATTA DETAILS</span><span><br> </span><span>• Fabric : Digital Printed Fabric</span><span><br> </span><span>• Work : Real Mirror With Four-Side Fancy Lace</span><span><br> </span><span>• Length : 2.2 Meters</span></p>",Anjuclothing ,Apparel & Accessories > Clothing > Traditional & Ceremonial Clothing > Salwar Kameez & Suit Sets,"","",true,Size,S,,,,,,,,AC6063,0.0,shopify,10,deny,manual,1499.00,3500.00,true,false,,,,,"",https://cdn.shopify.com/s/files/1/1020/9912/4593/files/2F92E1F6-8808-4758-9232-4B352034097D.png?v=1789136680,1,"",false,,,,,,,,,,,,,,,long,,,,kg,,,active
premium-digital-printed-anarkali-with-real-mirror-lace-dupatta-palazzo,,,,,,,,,M,,,,,,,,AC6063,0.0,shopify,10,deny,manual,1499.00,3500.00,true,false,,,,,"",https://cdn.shopify.com/s/files/1/1020/9912/4593/files/8CE40559-1019-4E39-A9D1-610F44623B1E.jpg?v=1787314137,2,"",,,,,,,,,,,,,,,,,,,,kg,,,
premium-digital-printed-anarkali-with-real-mirror-lace-dupatta-palazzo,,,,,,,,,L,,,,,,,,AC6063,0.0,shopify,9,deny,manual,1499.00,3500.00,true,false,,,,,"",https://cdn.shopify.com/s/files/1/1020/9912/4593/files/2B010393-566A-4938-AD17-E9D7E74C89DB.jpg?v=1787314137,3,"",,,,,,,,,,,,,,,,,,,,kg,,,
premium-digital-printed-anarkali-with-real-mirror-lace-dupatta-palazzo,,,,,,,,,XL,,,,,,,,AC6063,0.0,shopify,10,deny,manual,1499.00,3500.00,true,false,,,,,"",https://cdn.shopify.com/s/files/1/1020/9912/4593/files/AE9D39F5-6D85-4471-9253-F0BCF13658B1.jpg?v=1787314137,4,"",,,,,,,,,,,,,,,,,,,,kg,,,
premium-digital-printed-anarkali-with-real-mirror-lace-dupatta-palazzo,,,,,,,,,2XL,,,,,,,,AC6063,0.0,shopify,10,deny,manual,1499.00,3500.00,true,false,,,,,"",https://cdn.shopify.com/s/files/1/1020/9912/4593/files/A94ECDB0-1E49-43D6-B7C1-5F8443FF4846.jpg?v=1787314137,5,"",,,,,,,,,,,,,,,,,,,,kg,,,
red-carmine-banarasi-tissue-saree,Red Carmine Banarasi Tissue Saree,"<p><span>A timeless Banarasi tissue saree featuring elegant </span><span>ghungroo work</span><span> for a graceful, festive look. ❤️</span></p>
<p><span>🎨 </span><span>Customise this saree in your favourite colour!</span></p>",Anjuclothing ,Apparel & Accessories > Clothing > Traditional & Ceremonial Clothing > Saris & Lehengas > Saris,"","",true,Title,Default Title,,,,,,,,,0.0,shopify,10,deny,manual,3200.00,8500.00,true,false,,,,,"",https://cdn.shopify.com/s/files/1/1020/9912/4593/files/74CD859D-1239-4372-9953-1285BEB74648.png?v=1789195260,1,"",false,,,,,,,,,,,,,,,,,,,kg,,,active
red-carmine-banarasi-tissue-saree,,,,,,,,,,,,,,,,,,,,,,,,,,,,,,,"",https://cdn.shopify.com/s/files/1/1020/9912/4593/files/4DACA6DD-2063-4E41-AE41-F4CF905B8A7F.jpg?v=1787280375,2,"",,,,,,,,,,,,,,,,,,,,,,,
red-carmine-banarasi-tissue-saree,,,,,,,,,,,,,,,,,,,,,,,,,,,,,,,"",https://cdn.shopify.com/s/files/1/1020/9912/4593/files/EAD14DD2-0658-425E-9E16-8A4AFFA0C240.jpg?v=1787280375,3,"",,,,,,,,,,,,,,,,,,,,,,,
red-carmine-banarasi-tissue-saree,,,,,,,,,,,,,,,,,,,,,,,,,,,,,,,"",https://cdn.shopify.com/s/files/1/1020/9912/4593/files/E25291A6-5A11-4736-BCFE-49273C50F743.jpg?v=1787280376,4,"",,,,,,,,,,,,,,,,,,,,,,,
red-carmine-banarasi-tissue-saree,,,,,,,,,,,,,,,,,,,,,,,,,,,,,,,"",https://cdn.shopify.com/s/files/1/1020/9912/4593/files/60B7CA82-43E4-4E64-81B3-7C83C86B1F06.jpg?v=1787280375,5,"",,,,,,,,,,,,,,,,,,,,,,,
red-carmine-banarasi-tissue-saree,,,,,,,,,,,,,,,,,,,,,,,,,,,,,,,"",https://cdn.shopify.com/s/files/1/1020/9912/4593/files/0603D238-5117-4C4A-9379-B1C7F41FD6B1.jpg?v=1787280375,6,"",,,,,,,,,,,,,,,,,,,,,,,
red-carmine-banarasi-tissue-saree,,,,,,,,,,,,,,,,,,,,,,,,,,,,,,,"",https://cdn.shopify.com/s/files/1/1020/9912/4593/files/2361C500-9011-45EE-BB17-AE0CF33A3ED3.jpg?v=1787280375,7,"",,,,,,,,,,,,,,,,,,,,,,,
red-carmine-banarasi-tissue-saree,,,,,,,,,,,,,,,,,,,,,,,,,,,,,,,"",https://cdn.shopify.com/s/files/1/1020/9912/4593/files/7166C059-2055-4A46-BB7D-68FD746E4FC4.jpg?v=1787280375,8,"",,,,,,,,,,,,,,,,,,,,,,,
red-carmine-banarasi-tissue-saree,,,,,,,,,,,,,,,,,,,,,,,,,,,,,,,"",https://cdn.shopify.com/s/files/1/1020/9912/4593/files/7FCAE2BB-ABBE-4809-809A-C5DDCA5089F0.jpg?v=1787280376,9,"",,,,,,,,,,,,,,,,,,,,,,,
red-carmine-banarasi-tissue-saree,,,,,,,,,,,,,,,,,,,,,,,,,,,,,,,"",https://cdn.shopify.com/s/files/1/1020/9912/4593/files/2ACA9423-464F-48FF-8AC0-D0FFA33C7EA8.jpg?v=1787280376,10,"",,,,,,,,,,,,,,,,,,,,,,,
red-carmine-banarasi-tissue-saree,,,,,,,,,,,,,,,,,,,,,,,,,,,,,,,"",https://cdn.shopify.com/s/files/1/1020/9912/4593/files/29BE99D0-0C51-4BE7-A6D3-5AE7359B9C2E.jpg?v=1787280375,11,"",,,,,,,,,,,,,,,,,,,,,,,
rashmika-mandanna-mehndi-look-saree,Rashmika Mandanna Mehndi look saree,"<p><span>SAREE DETAILS</span><span><br></span><span>• Fabric : Original Japan Satin</span><span><br></span><span>• Work : Hand Real Mirror Work With Pallu Heavy Real Moti Tassels</span><span><br></span><span>• Border : Piping Gota Border</span><span><br></span><span>• Design : Rich Printed Pattern</span><span><br></span><span>• Length : 5.5 Meters</span><span><br></span><span>• Border : Double Arco/Gota Border</span></p>
<p><span>BLOUSE DETAILS</span><span><br></span><span>• Fabric : Same Japan Satin Printed Fabric</span><span><br></span><span>• Work : Real Hand Mirror Work</span><span><br></span><span>• Type : Unstitched</span></p>",Anjuclothing ,Uncategorized,"","",true,Title,Default Title,,,,,,,,AC1230,0.0,shopify,9,deny,manual,1650.00,8500.00,true,false,,,,,"",https://cdn.shopify.com/s/files/1/1020/9912/4593/files/2927D7AB-CC1A-44E0-B09A-B6380F53BA1A.png?v=1789195260,1,"",false,,,,,,,,,,,,,,,,,,,kg,,,active
rashmika-mandanna-mehndi-look-saree,,,,,,,,,,,,,,,,,,,,,,,,,,,,,,,"",https://cdn.shopify.com/s/files/1/1020/9912/4593/files/2339D3F0-15E2-4A07-BA72-F2B52E0A2EEF.jpg?v=1786979778,2,"",,,,,,,,,,,,,,,,,,,,,,,
rashmika-mandanna-mehndi-look-saree,,,,,,,,,,,,,,,,,,,,,,,,,,,,,,,"",https://cdn.shopify.com/s/files/1/1020/9912/4593/files/1A822B32-4652-41A5-8D27-F0EAC597278A.jpg?v=1786979778,3,"",,,,,,,,,,,,,,,,,,,,,,,
rashmika-mandanna-mehndi-look-saree,,,,,,,,,,,,,,,,,,,,,,,,,,,,,,,"",https://cdn.shopify.com/s/files/1/1020/9912/4593/files/E47878DA-6B4B-4253-B723-FAC13CDBE0A7.jpg?v=1786979778,4,"",,,,,,,,,,,,,,,,,,,,,,,
rashmika-mandanna-mehndi-look-saree,,,,,,,,,,,,,,,,,,,,,,,,,,,,,,,"",https://cdn.shopify.com/s/files/1/1020/9912/4593/files/248B7531-112C-443E-AE27-C0C124B1853B.jpg?v=1786979778,5,"",,,,,,,,,,,,,,,,,,,,,,,
rashmika-mandanna-mehndi-look-saree,,,,,,,,,,,,,,,,,,,,,,,,,,,,,,,"",https://cdn.shopify.com/s/files/1/1020/9912/4593/files/5BAD0E24-3BB5-477C-8F20-62DF442E3910.jpg?v=1786979778,6,"",,,,,,,,,,,,,,,,,,,,,,,
rashmika-mandanna-mehndi-look-saree,,,,,,,,,,,,,,,,,,,,,,,,,,,,,,,"",https://cdn.shopify.com/s/files/1/1020/9912/4593/files/B4027F09-4356-4547-BF25-370105A87327.jpg?v=1786979778,7,"",,,,,,,,,,,,,,,,,,,,,,,
premium-faux-georgette-beads-sequence-thread-work-suit-set-with-dupatta,Premium Faux Georgette Beads Sequence Thread Work Suit Set With Dupatta,"<p><span>SUIT DETAILS</span><span><br> </span><span>• Fabric : Heavy Faux Georgette</span><span><br> </span><span>• Work : Heavy Beads With Sequence &amp; Thread Detailing</span><span><br> </span><span>• Lining : Soft Micro Inner</span><span><br> </span><span>• Size : M(38), L(40), XL(42), XXL(44) | Fully Stitched Ready To Wear</span></p>
<p><span>PENT DETAILS</span><span><br> </span><span>• Fabric : Micro</span><span><br> </span><span>• Work : Plain</span><span><br> </span><span>• Stitching : Fully Stitched Up To Size 44 With Elastic Waistband</span></p>
<p><span>DUPATTA DETAILS</span><span><br> </span><span>• Fabric : Heavy Faux Georgette</span><span><br> </span><span>• Work : Heavy Beads With Sequence &amp; Thread Detailing</span><span><br> </span><span>• Length : 2.2 Meters</span></p>",Anjuclothing ,,"","",true,Size,M,,,,,,,,,0.0,shopify,10,deny,manual,2450.00,6500.00,true,false,,,,,"",https://cdn.shopify.com/s/files/1/1020/9912/4593/files/4F9C867F-D360-407C-892D-10806E59BE07.png?v=1789197709,1,"",false,,,,,,,,,,,,,,,,,,,kg,,,active
premium-faux-georgette-beads-sequence-thread-work-suit-set-with-dupatta,,,,,,,,,L,,,,,,,,,0.0,shopify,10,deny,manual,2450.00,6500.00,true,false,,,,,"",https://cdn.shopify.com/s/files/1/1020/9912/4593/files/C1D0DECB-225E-4EC3-994A-3D27CA179549.jpg?v=1786969998,2,"",,,,,,,,,,,,,,,,,,,,kg,,,
premium-faux-georgette-beads-sequence-thread-work-suit-set-with-dupatta,,,,,,,,,XL,,,,,,,,,0.0,shopify,10,deny,manual,2450.00,6500.00,true,false,,,,,"",https://cdn.shopify.com/s/files/1/1020/9912/4593/files/8A001490-7B72-4BBA-8755-4D156C85852C.jpg?v=1786969998,3,"",,,,,,,,,,,,,,,,,,,,kg,,,
premium-faux-georgette-beads-sequence-thread-work-suit-set-with-dupatta,,,,,,,,,2XL,,,,,,,,,0.0,shopify,10,deny,manual,2450.00,6500.00,true,false,,,,,"",https://cdn.shopify.com/s/files/1/1020/9912/4593/files/E95584CF-CB26-4A05-8454-0728A7A13757.jpg?v=1787641446,4,"",,,,,,,,,,,,,,,,,,,,kg,,,
premium-faux-georgette-beads-sequence-thread-work-suit-set-with-dupatta,,,,,,,,,,,,,,,,,,,,,,,,,,,,,,,"",https://cdn.shopify.com/s/files/1/1020/9912/4593/files/67F678A7-BBC1-4B5F-97F9-F3A6C4F596EA.jpg?v=1787641446,5,"",,,,,,,,,,,,,,,,,,,,,,,
premium-faux-georgette-beads-sequence-thread-work-suit-set-with-dupatta,,,,,,,,,,,,,,,,,,,,,,,,,,,,,,,"",https://cdn.shopify.com/s/files/1/1020/9912/4593/files/536C7B60-0248-4E0A-B00F-B42F793678EC.jpg?v=1787641446,6,"",,,,,,,,,,,,,,,,,,,,,,,
premium-fendy-silk-thread-sequence-work-anarkali-set-with-dupatta,Premium Fendy Silk Thread & Sequence Work Anarkali Set With Dupatta,"<p><span>TOP DETAILS</span><span><br> </span><span>• Fabric : Fendy Silk</span><span><br> </span><span>• Work : Thread With Sequence Work</span><span><br> </span><span>• Inner : Soft Micro Inner</span><span><br> </span><span>• Length : 46 Inches</span><span><br> </span><span>• Size : M(38), L(40), XL(42), XXL(44) With 3XL Margin | Fully Stitched Ready To Wear</span></p>
<p><span>PENT DETAILS</span><span><br> </span><span>• Fabric : Micro Cotton</span><span><br> </span><span>• Work : Plain</span><span><br> </span><span>• Length : 38 Inches</span><span><br> </span><span>• Size : Fully Stitched | Fits Up To Size 44 With Elastic Waistband</span></p>
<p><span>DUPATTA DETAILS</span><span><br> </span><span>• Fabric : Fendy Silk</span><span><br> </span><span>• Work : Thread With Sequence Work With Fancy Four-Side Lace Border</span><span><br> </span><span>• Length : 2.10 Meters</span></p>",Anjuclothing ,,"","",true,Size,M,,,,,,,,,0.0,shopify,10,deny,manual,1599.00,,true,false,,,,,"",https://cdn.shopify.com/s/files/1/1020/9912/4593/files/AE51C50B-9F53-4C43-9D7C-AC39E7F25907.png?v=1789197709,1,"",false,,,,,,,,,,,,,,,,,,,kg,,,active
premium-fendy-silk-thread-sequence-work-anarkali-set-with-dupatta,,,,,,,,,L,,,,,,,,,0.0,shopify,10,deny,manual,1599.00,,true,false,,,,,"",https://cdn.shopify.com/s/files/1/1020/9912/4593/files/97E41185-E180-4463-BCF8-E0422EC9B89E.jpg?v=1786894779,2,"",,,,,,,,,,,,,,,,,,,,kg,,,
premium-fendy-silk-thread-sequence-work-anarkali-set-with-dupatta,,,,,,,,,XL,,,,,,,,,0.0,shopify,10,deny,manual,1599.00,,true,false,,,,,"",https://cdn.shopify.com/s/files/1/1020/9912/4593/files/2ABE884F-C056-41D4-8DD1-CAC391131CC9.jpg?v=1786894780,3,"",,,,,,,,,,,,,,,,,,,,kg,,,
premium-fendy-silk-thread-sequence-work-anarkali-set-with-dupatta,,,,,,,,,2XL,,,,,,,,,0.0,shopify,10,deny,manual,1599.00,,true,false,,,,,"",https://cdn.shopify.com/s/files/1/1020/9912/4593/files/A0557BB1-7780-48D4-B64F-A3716B7A88C2.jpg?v=1786894779,4,"",,,,,,,,,,,,,,,,,,,,kg,,,
premium-fendy-silk-thread-sequence-work-anarkali-set-with-dupatta,,,,,,,,,,,,,,,,,,,,,,,,,,,,,,,"",https://cdn.shopify.com/s/files/1/1020/9912/4593/files/1FD0B567-2C88-4A89-AA6E-79A59EEC5DC4.jpg?v=1786894779,5,"",,,,,,,,,,,,,,,,,,,,,,,
premium-fendy-silk-thread-sequence-work-anarkali-set-with-dupatta,,,,,,,,,,,,,,,,,,,,,,,,,,,,,,,"",https://cdn.shopify.com/s/files/1/1020/9912/4593/files/143B5448-E544-44E3-A715-12E08900EB68.jpg?v=1786894780,6,"",,,,,,,,,,,,,,,,,,,,,,,
premium-fendy-silk-thread-sequence-work-anarkali-set-with-dupatta,,,,,,,,,,,,,,,,,,,,,,,,,,,,,,,"",https://cdn.shopify.com/s/files/1/1020/9912/4593/files/C2758308-413A-48CA-AD06-8059DAD9D036.jpg?v=1786894779,7,"",,,,,,,,,,,,,,,,,,,,,,,
premium-silver-crunchy-mirror-lace-gown-with-designer-dupatta,Premium Silver Crunchy Mirror Lace Gown With Designer Dupatta,"<p><span>GOWN DETAILS</span><span><br> </span><span>• Fabric : Silver Crunchy</span><span><br> </span><span>• Work : Rich Mirror Lace Work</span><span><br> </span><span>• Lining : Cotton</span><span><br> </span><span>• Sleeves : Full Sleeves</span><span><br> </span><span>• Neck : Fancy V Neck</span><span><br> </span><span>• Length : 56 Inches</span><span><br> </span><span>• Flair : 3.5 Meters</span><span><br> </span><span>• Size : M(38), L(40), XL(42), XXL(44) | Fully Stitched Ready To Wear</span><span><br> </span><span>• Stitching : Standard Stitching With Kali Pattern In Flair</span></p>
<p><span>DUPATTA DETAILS</span><span><br> </span><span>• Fabric : Silver Crunchy</span><span><br> </span><span>• Work : Rich Designer Lace Work</span><span><br> </span><span>• Length : 2.25 Meters</span></p>",Anjuclothing ,Apparel & Accessories > Clothing > Traditional & Ceremonial Clothing > Salwar Kameez & Suit Sets,"","",true,Size,M,,,,,,,,,0.0,shopify,10,deny,manual,1650.00,,true,false,,,,,"",https://cdn.shopify.com/s/files/1/1020/9912/4593/files/DA036DBB-5861-45EF-9575-410156B82340.jpg?v=1786862222,1,"",false,,,,,,,,,,,,,,,,,,,kg,,,active
premium-silver-crunchy-mirror-lace-gown-with-designer-dupatta,,,,,,,,,L,,,,,,,,,0.0,shopify,10,deny,manual,1650.00,,true,false,,,,,"",https://cdn.shopify.com/s/files/1/1020/9912/4593/files/BB1797FB-EFBA-49DA-9191-1D9417BF2286.png?v=1786862222,2,"",,,,,,,,,,,,,,,,,,,,kg,,,
premium-silver-crunchy-mirror-lace-gown-with-designer-dupatta,,,,,,,,,XL,,,,,,,,,0.0,shopify,10,deny,manual,1650.00,,true,false,,,,,"",https://cdn.shopify.com/s/files/1/1020/9912/4593/files/6FA58352-6681-4100-8AD8-2DDDF392C6C3.jpg?v=1786862222,3,"",,,,,,,,,,,,,,,,,,,,kg,,,
premium-silver-crunchy-mirror-lace-gown-with-designer-dupatta,,,,,,,,,2XL,,,,,,,,,0.0,shopify,10,deny,manual,1650.00,,true,false,,,,,"",https://cdn.shopify.com/s/files/1/1020/9912/4593/files/42D31B2B-2D78-4FEF-B0DB-06147ABFB8F0.jpg?v=1786862222,4,"",,,,,,,,,,,,,,,,,,,,kg,,,
premium-silver-crunchy-mirror-lace-gown-with-designer-dupatta,,,,,,,,,,,,,,,,,,,,,,,,,,,,,,,"",https://cdn.shopify.com/s/files/1/1020/9912/4593/files/FAA41A8B-CE71-4D3A-9F75-1CCD52BBF00A.png?v=1786862222,5,"",,,,,,,,,,,,,,,,,,,,,,,
premium-silver-crunchy-mirror-lace-gown-with-designer-dupatta,,,,,,,,,,,,,,,,,,,,,,,,,,,,,,,"",https://cdn.shopify.com/s/files/1/1020/9912/4593/files/FD598625-5827-4F6F-AF5B-66A448856F9D.jpg?v=1786862222,6,"",,,,,,,,,,,,,,,,,,,,,,,
premium-silver-crunchy-mirror-lace-gown-with-designer-dupatta,,,,,,,,,,,,,,,,,,,,,,,,,,,,,,,"",https://cdn.shopify.com/s/files/1/1020/9912/4593/files/AEF2F4F6-B71B-40E4-B8F8-3FB0A8795B33.jpg?v=1786862222,7,"",,,,,,,,,,,,,,,,,,,,,,,
premium-silver-crunchy-mirror-lace-gown-with-designer-dupatta,,,,,,,,,,,,,,,,,,,,,,,,,,,,,,,"",https://cdn.shopify.com/s/files/1/1020/9912/4593/files/0FC84BB0-3364-418B-B92E-0298A3F16D01.jpg?v=1786862222,8,"",,,,,,,,,,,,,,,,,,,,,,,
premium-jimmy-organza-silk-digital-printed-padded-anarkali-gown-with-dupatta,Premium Jimmy Organza Silk Digital Printed Padded Anarkali Gown With Dupatta,"<p><span>ANARKALI GOWN DETAILS</span><span><br> </span><span>• Fabric : Pure Jimmy Organza Silk</span><span><br> </span><span>• Work : Digital Printed</span><span><br> </span><span>• Design : Padded Gown</span><span><br> </span><span>• Length : 54+ Inches</span><span><br> </span><span>• Flair : 4.2 Meters</span><span><br> </span><span>• Size : 34, 36, 38, 40, 42 With Margin Available For 44</span><span><br> </span><span>• Stitching : Fully Stitched Ready To Wear</span></p>
<p><span>DUPATTA DETAILS</span><span><br> </span><span>• Fabric : Organza</span><span><br> </span><span>• Work : Designer Lace</span><span><br> </span><span>• Length : 2 Meters</span></p>
<p><span>BOTTOM DETAILS</span><span><br> </span><span>• Bottom : Not Included</span></p>",Anjuclothing ,Apparel & Accessories > Clothing > Traditional & Ceremonial Clothing > Salwar Kameez & Suit Sets,"","",true,Size,XS,,,,,,,,,0.0,shopify,10,deny,manual,1650.00,3500.00,true,false,,,,,"",https://cdn.shopify.com/s/files/1/1020/9912/4593/files/C0AAAAE8-3312-4A69-81FC-0E2A491B4960.png?v=1789197709,1,"",false,,,,,,,,,,v-neck,,,,,long,,,,kg,,,active
premium-jimmy-organza-silk-digital-printed-padded-anarkali-gown-with-dupatta,,,,,,,,,S,,,,,,,,,0.0,shopify,10,deny,manual,1650.00,3500.00,true,false,,,,,"",https://cdn.shopify.com/s/files/1/1020/9912/4593/files/CFA05FEF-FC95-4CE6-B3AE-0046E607C79A.jpg?v=1786810747,2,"",,,,,,,,,,,,,,,,,,,,kg,,,
premium-jimmy-organza-silk-digital-printed-padded-anarkali-gown-with-dupatta,,,,,,,,,M,,,,,,,,,0.0,shopify,10,deny,manual,1650.00,3500.00,true,false,,,,,"",https://cdn.shopify.com/s/files/1/1020/9912/4593/files/E49B4A68-7D8A-4614-AB0E-370BDB0E47CD.jpg?v=1786810747,3,"",,,,,,,,,,,,,,,,,,,,kg,,,
premium-jimmy-organza-silk-digital-printed-padded-anarkali-gown-with-dupatta,,,,,,,,,L,,,,,,,,,0.0,shopify,10,deny,manual,1650.00,3500.00,true,false,,,,,"",https://cdn.shopify.com/s/files/1/1020/9912/4593/files/55D46EEC-B3B0-4794-A326-7AB8CAC84F99.jpg?v=1786810748,4,"",,,,,,,,,,,,,,,,,,,,kg,,,
premium-jimmy-organza-silk-digital-printed-padded-anarkali-gown-with-dupatta,,,,,,,,,XL,,,,,,,,,0.0,shopify,10,deny,manual,1650.00,3500.00,true,false,,,,,"",,,,,,,,,,,,,,,,,,,,,,,kg,,,
premium-salsa-silk-foil-work-gown-set-with-pant-dupatta,Premium Salsa Silk Foil Work Gown Set With Pant & Dupatta,"<p><span>GOWN DETAILS</span><span><br> </span><span>• Fabric : Salsa Silk</span><span><br> </span><span>• Lining : Soft Micro Cotton</span><span><br> </span><span>• Work : Foil Work</span><span><br> </span><span>• Flair : 3.5 Meters</span><span><br> </span><span>• Length : 52–53 Inches</span><span><br> </span><span>• Size : M(38), L(40), XL(42), XXL(44) With 3XL Margin</span></p>
<p><span>PANT DETAILS</span><span><br> </span><span>• Fabric : Micro Cotton</span><span><br> </span><span>• Work : Plain</span><span><br> </span><span>• Size : Fully Stitched | Fits Up To Size 44 With Elastic Waistband</span></p>
<p><span>DUPATTA DETAILS</span><span><br> </span><span>• Fabric : Salsa Silk</span><span><br> </span><span>• Work : Foil Work With Fancy Lace</span><span><br> </span><span>• Length : 2.10 Meters</span></p>",Anjuclothing ,,"","",true,Colour,Golden,,Size,M,,,,,,0.0,shopify,10,deny,manual,1950.00,4500.00,true,false,,,,,"",https://cdn.shopify.com/s/files/1/1020/9912/4593/files/DCF3368F-AFD1-40F8-89F7-79B27BF3799D.png?v=1789112436,1,"",false,,,,,,,,,,,,,,,,,,,kg,,,active
premium-salsa-silk-foil-work-gown-set-with-pant-dupatta,,,,,,,,,Golden,,,L,,,,,,0.0,shopify,10,deny,manual,1950.00,4500.00,true,false,,,,,"",https://cdn.shopify.com/s/files/1/1020/9912/4593/files/60CF049D-862C-4905-B12B-8BA078D1B7A3.jpg?v=1786708061,2,"",,,,,,,,,,,,,,,,,,,,kg,,,
premium-salsa-silk-foil-work-gown-set-with-pant-dupatta,,,,,,,,,Golden,,,XL,,,,,,0.0,shopify,10,deny,manual,1950.00,4500.00,true,false,,,,,"",https://cdn.shopify.com/s/files/1/1020/9912/4593/files/3085F578-6D2B-4E10-ACF5-6B080280EA23.jpg?v=1786708061,3,"",,,,,,,,,,,,,,,,,,,,kg,,,
premium-salsa-silk-foil-work-gown-set-with-pant-dupatta,,,,,,,,,Golden,,,2XL,,,,,,0.0,shopify,10,deny,manual,1950.00,4500.00,true,false,,,,,"",https://cdn.shopify.com/s/files/1/1020/9912/4593/files/848081DF-90DC-4103-978E-A4C34DFD5E47.jpg?v=1786708061,4,"",,,,,,,,,,,,,,,,,,,,kg,,,
premium-salsa-silk-foil-work-gown-set-with-pant-dupatta,,,,,,,,,Pink,,,M,,,,,,0.0,shopify,9,deny,manual,1950.00,4500.00,true,false,,,,,"",https://cdn.shopify.com/s/files/1/1020/9912/4593/files/7E673305-3EAD-4F5A-B84E-E35740C84D04.jpg?v=1786708061,5,"",,,,,,,,,,,,,,,,,,,,kg,,,
premium-salsa-silk-foil-work-gown-set-with-pant-dupatta,,,,,,,,,Pink,,,L,,,,,,0.0,shopify,10,deny,manual,1950.00,4500.00,true,false,,,,,"",https://cdn.shopify.com/s/files/1/1020/9912/4593/files/B755AAA9-6C52-4332-B86A-E3A6D0EC585B.jpg?v=1788067516,6,"",,,,,,,,,,,,,,,,,,,,kg,,,
premium-salsa-silk-foil-work-gown-set-with-pant-dupatta,,,,,,,,,Pink,,,XL,,,,,,0.0,shopify,10,deny,manual,1950.00,4500.00,true,false,,,,,"",https://cdn.shopify.com/s/files/1/1020/9912/4593/files/94D93296-7BD5-4A30-8443-6A1D93EABBFF.jpg?v=1788067516,7,"",,,,,,,,,,,,,,,,,,,,kg,,,
premium-salsa-silk-foil-work-gown-set-with-pant-dupatta,,,,,,,,,Pink,,,2XL,,,,,,0.0,shopify,10,deny,manual,1950.00,4500.00,true,false,,,,,"",https://cdn.shopify.com/s/files/1/1020/9912/4593/files/2F87EC94-CED0-4DAD-8F25-C60CBDF48E54.jpg?v=1788374225,8,"",,,,,,,,,,,,,,,,,,,,kg,,,
premium-salsa-silk-foil-work-gown-set-with-pant-dupatta,,,,,,,,,Green,,,M,,,,,,0.0,shopify,10,deny,manual,1950.00,4500.00,true,false,,,,,"",https://cdn.shopify.com/s/files/1/1020/9912/4593/files/E32EE0D7-59F8-46AC-82B0-73888EC5577F.jpg?v=1788374226,9,"",,,,,,,,,,,,,,,,,,,,kg,,,
premium-salsa-silk-foil-work-gown-set-with-pant-dupatta,,,,,,,,,Green,,,L,,,,,,0.0,shopify,10,deny,manual,1950.00,4500.00,true,false,,,,,"",https://cdn.shopify.com/s/files/1/1020/9912/4593/files/C98F0A73-DB80-4AF6-927E-3300A4F64527.jpg?v=1789020388,10,"",,,,,,,,,,,,,,,,,,,,kg,,,
premium-salsa-silk-foil-work-gown-set-with-pant-dupatta,,,,,,,,,Green,,,XL,,,,,,0.0,shopify,10,deny,manual,1950.00,4500.00,true,false,,,,,"",https://cdn.shopify.com/s/files/1/1020/9912/4593/files/D1B1A6BC-6C3B-45FB-AEDA-A3C26B472492.jpg?v=1789020388,11,"",,,,,,,,,,,,,,,,,,,,kg,,,
premium-salsa-silk-foil-work-gown-set-with-pant-dupatta,,,,,,,,,Green,,,2XL,,,,,,0.0,shopify,10,deny,manual,1950.00,4500.00,true,false,,,,,"",https://cdn.shopify.com/s/files/1/1020/9912/4593/files/3CD8396C-3352-42DB-83AA-735A3A928668.jpg?v=1789020387,12,"",,,,,,,,,,,,,,,,,,,,kg,,,
premium-salsa-silk-foil-work-gown-set-with-pant-dupatta,,,,,,,,,Olive green,,,M,,,,,,0.0,shopify,10,deny,manual,1950.00,4500.00,true,false,,,,,"",https://cdn.shopify.com/s/files/1/1020/9912/4593/files/54D64F9E-CEF0-4994-AACA-7378DE35B713.jpg?v=1789392524,13,"",,,,,,,,,,,,,,,,,,,,kg,,,
premium-salsa-silk-foil-work-gown-set-with-pant-dupatta,,,,,,,,,Olive green,,,L,,,,,,0.0,shopify,10,deny,manual,1950.00,4500.00,true,false,,,,,"",https://cdn.shopify.com/s/files/1/1020/9912/4593/files/C958CDC4-C06A-4759-AA2F-0F597165ED73.jpg?v=1789392524,14,"",,,,,,,,,,,,,,,,,,,,kg,,,
premium-salsa-silk-foil-work-gown-set-with-pant-dupatta,,,,,,,,,Olive green,,,XL,,,,,,0.0,shopify,10,deny,manual,1950.00,4500.00,true,false,,,,,"",https://cdn.shopify.com/s/files/1/1020/9912/4593/files/985B0B7C-87B5-48B2-B487-1F061406E23B.jpg?v=1789392524,15,"",,,,,,,,,,,,,,,,,,,,kg,,,
premium-salsa-silk-foil-work-gown-set-with-pant-dupatta,,,,,,,,,Olive green,,,2XL,,,,,,0.0,shopify,10,deny,manual,1950.00,4500.00,true,false,,,,,"",,,,,,,,,,,,,,,,,,,,,,,kg,,,
premium-salsa-silk-foil-work-gown-set-with-pant-dupatta,,,,,,,,,Teal,,,M,,,,,,0.0,shopify,10,deny,manual,1950.00,4500.00,true,false,,,,,"",,,,,,,,,,,,,,,,,,,,,,,kg,,,
premium-salsa-silk-foil-work-gown-set-with-pant-dupatta,,,,,,,,,Teal,,,L,,,,,,0.0,shopify,10,deny,manual,1950.00,4500.00,true,false,,,,,"",,,,,,,,,,,,,,,,,,,,,,,kg,,,
premium-salsa-silk-foil-work-gown-set-with-pant-dupatta,,,,,,,,,Teal,,,XL,,,,,,0.0,shopify,10,deny,manual,1950.00,4500.00,true,false,,,,,"",,,,,,,,,,,,,,,,,,,,,,,kg,,,
premium-salsa-silk-foil-work-gown-set-with-pant-dupatta,,,,,,,,,Teal,,,2XL,,,,,,0.0,shopify,10,deny,manual,1950.00,4500.00,true,false,,,,,"",,,,,,,,,,,,,,,,,,,,,,,kg,,,
heavy-jimy-silk-organza-embroidered-3-piece-suit-set-with-dupatta,Heavy Jimy Silk Organza Embroidered 3-Piece Suit Set With Dupatta,"<p><span>TOP DETAILS</span><span><br> </span><span>• Fabric : Heavy Jimy Silk Organza</span><span><br> </span><span>• Work : Heavy Embroidery Sequence Work</span><span><br> </span><span>• Size : Fully Stitched Up To 42 With 44 Margin</span><span><br> </span><span>• Length : 38 Inches</span><span><br> </span><span>• Inner : Micro Cotton</span></p>
<p><span>PANT DETAILS</span><span><br> </span><span>• Fabric : Heavy Jimy Silk Organza</span><span><br> </span><span>• Work : Plain</span><span><br> </span><span>• Inner : Micro Cotton</span><span><br> </span><span>• Length : 39 Inches</span><span><br> </span><span>• Size : Free Size | Fully Stitched</span></p>
<p><span>DUPATTA DETAILS</span><span><br> </span><span>• Fabric : Heavy Jimy Silk Organza</span><span><br> </span><span>• Work : Heavy Embroidery Sequence Work</span><span><br> </span><span>• Length : 2.10–2.20 Meters</span></p>",Anjuclothing ,Apparel & Accessories > Clothing > Traditional & Ceremonial Clothing > Salwar Kameez & Suit Sets,"","",true,Colour,Orange,,,,,,,,,0.0,shopify,10,deny,manual,1199.00,3500.00,true,false,,,,,"",https://cdn.shopify.com/s/files/1/1020/9912/4593/files/3F7C0488-0989-4696-98CE-08035E94015D.png?v=1789197709,1,"",false,,,,,,,,,,,,,,,long,,,,kg,,,active
heavy-jimy-silk-organza-embroidered-3-piece-suit-set-with-dupatta,,,,,,,,,Purple,,,,,,,,,0.0,shopify,10,deny,manual,1199.00,3500.00,true,false,,,,,"",https://cdn.shopify.com/s/files/1/1020/9912/4593/files/1DAEF0ED-F999-41AD-A8E0-9DE588FB7209.jpg?v=1786700346,2,"",,,,,,,,,,,,,,,,,,,,kg,,,
heavy-jimy-silk-organza-embroidered-3-piece-suit-set-with-dupatta,,,,,,,,,,,,,,,,,,,,,,,,,,,,,,,"",https://cdn.shopify.com/s/files/1/1020/9912/4593/files/13D875DA-04C6-4BFA-869E-7EA286FA4FB7.jpg?v=1786700346,3,"",,,,,,,,,,,,,,,,,,,,,,,
heavy-jimy-silk-organza-embroidered-3-piece-suit-set-with-dupatta,,,,,,,,,,,,,,,,,,,,,,,,,,,,,,,"",https://cdn.shopify.com/s/files/1/1020/9912/4593/files/B39522CE-B058-4A90-8041-09D9B6BB92B9.jpg?v=1786700346,4,"",,,,,,,,,,,,,,,,,,,,,,,
heavy-jimy-silk-organza-embroidered-3-piece-suit-set-with-dupatta,,,,,,,,,,,,,,,,,,,,,,,,,,,,,,,"",https://cdn.shopify.com/s/files/1/1020/9912/4593/files/B4AB3FC0-7414-4F49-B32B-992A4E9EA174.jpg?v=1786700347,5,"",,,,,,,,,,,,,,,,,,,,,,,
heavy-jimy-silk-organza-embroidered-3-piece-suit-set-with-dupatta,,,,,,,,,,,,,,,,,,,,,,,,,,,,,,,"",https://cdn.shopify.com/s/files/1/1020/9912/4593/files/67E1F8CF-93E4-439B-9CB1-A52013DC9B15.jpg?v=1786700346,6,"",,,,,,,,,,,,,,,,,,,,,,,
premium-faux-georgette-embroidered-anarkali-set-with-dupatta-pant,Premium Faux Georgette Embroidered Anarkali Set With Dupatta & Pant,"<p><span>ANARKALI DETAILS</span><span><br> </span><span>• Fabric : Heavy Faux Georgette</span><span><br> </span><span>• Lining : Soft Micro Inner</span><span><br> </span><span>• Work : Designer Embroidery With Sequence Detailing</span><span><br> </span><span>• Length : 49 Inches</span><span><br> </span><span>• Padded : Yes</span><span><br> </span><span>• Size : M(38), L(40), XL(42), XXL(44)</span><span><br> </span><span>• Stitching : Ready To Wear</span></p>
<p><span>PANT DETAILS</span><span><br> </span><span>• Fabric : Micro Cotton</span><span><br> </span><span>• Work : Plain</span><span><br> </span><span>• Length : 39 Inches</span><span><br> </span><span>• Fit : Fully Stitched Up To Size 44 With Elastic Waistband</span></p>
<p><span>DUPATTA DETAILS</span><span><br> </span><span>• Fabric : Heavy Faux Georgette</span><span><br> </span><span>• Work : Fancy Lace</span><span><br> </span><span>• Length : 2.2 Meters</span></p>",Anjuclothing ,Apparel & Accessories > Clothing > Traditional & Ceremonial Clothing > Salwar Kameez & Suit Sets,"","",true,Size,M,,,,,,,,,0.0,shopify,10,deny,manual,1699.00,,true,false,,,,,"",https://cdn.shopify.com/s/files/1/1020/9912/4593/files/95843014-B28F-4D67-987B-A69CD53B2564.png?v=1789197709,1,"",false,,,,,,,,,,,,,,,short,,,,kg,,,active
premium-faux-georgette-embroidered-anarkali-set-with-dupatta-pant,,,,,,,,,L,,,,,,,,,0.0,shopify,10,deny,manual,1699.00,,true,false,,,,,"",https://cdn.shopify.com/s/files/1/1020/9912/4593/files/EAE60D5D-215B-4E31-8E1C-C1455A0B99B8.jpg?v=1786625794,2,"",,,,,,,,,,,,,,,,,,,,kg,,,
premium-faux-georgette-embroidered-anarkali-set-with-dupatta-pant,,,,,,,,,XL,,,,,,,,,0.0,shopify,10,deny,manual,1699.00,,true,false,,,,,"",https://cdn.shopify.com/s/files/1/1020/9912/4593/files/77D3991D-319B-4955-B05E-1151467CF48C.jpg?v=1786625794,3,"",,,,,,,,,,,,,,,,,,,,kg,,,
premium-faux-georgette-embroidered-anarkali-set-with-dupatta-pant,,,,,,,,,2XL,,,,,,,,,0.0,shopify,10,deny,manual,1699.00,,true,false,,,,,"",https://cdn.shopify.com/s/files/1/1020/9912/4593/files/DC439AE4-C29C-4CD9-83CB-D8F3476FB1EC.jpg?v=1786625794,4,"",,,,,,,,,,,,,,,,,,,,kg,,,
premium-faux-georgette-embroidered-anarkali-set-with-dupatta-pant,,,,,,,,,,,,,,,,,,,,,,,,,,,,,,,"",https://cdn.shopify.com/s/files/1/1020/9912/4593/files/438529FA-F3A0-485E-B2AA-68A33C04715B.jpg?v=1786625793,5,"",,,,,,,,,,,,,,,,,,,,,,,
premium-golden-tissue-salsa-embroidered-kurta-set-with-slub-satin-blouse-palazzo,Premium Golden Tissue Salsa Embroidered Kurta Set With Slub Satin Blouse & Palazzo,"<p><span>KURTA DETAILS</span><span><br> </span><span>• Fabric : Pure Golden Tissue Salsa</span><span><br> </span><span>• Work : Embroidery 5mm Sequence &amp; Coding-Dori Work</span><span><br> </span><span>• Sleeves : Fancy Sleeves With Fancy Latkan Border</span><span><br> </span><span>• Length : 47–48 Inches</span><span><br> </span><span>• Size : M(38), L(40), XL(42), XXL(44) | Fully Stitched</span></p>
<p><span>BLOUSE DETAILS</span><span><br> </span><span>• Fabric : Pure Slub Satin Silk</span><span><br> </span><span>• Work : Embroidery 3mm Sequence Work With Cups &amp; Zipper</span><span><br> </span><span>• Inner : Micro Cotton</span><span><br> </span><span>• Size : M(38), L(40), XL(42), XXL(44) | Fully Stitched</span></p>
<p><span>PALAZZO DETAILS</span><span><br> </span><span>• Fabric : Pure Golden Tissue Salsa With Elastic</span><span><br> </span><span>• Inner : Micro Cotton</span><span><br> </span><span>• Length : 39–40 Inches</span><span><br> </span><span>• Stitching : Fully Stitched</span></p>",Anjuclothing ,Apparel & Accessories > Clothing > Traditional & Ceremonial Clothing > Kurtas & Kurta Sets,"","",true,Size,M,,,,,,,,AD241,0.0,shopify,8,deny,manual,1550.00,2500.00,true,false,,,,,"",https://cdn.shopify.com/s/files/1/1020/9912/4593/files/3DC0DCBF-5155-4424-9BC5-578A5E195795.png?v=1789197709,1,"",false,,,'1,,,,,,,round,,,,,long,,,,kg,,,active
premium-golden-tissue-salsa-embroidered-kurta-set-with-slub-satin-blouse-palazzo,,,,,,,,,L,,,,,,,,AD241,0.0,shopify,10,deny,manual,1550.00,2500.00,true,false,,,,,"",https://cdn.shopify.com/s/files/1/1020/9912/4593/files/36258B99-0E3D-4291-964E-4550C31FC4FE.jpg?v=1786604144,2,"",,,,,,,,,,,,,,,,,,,,kg,,,
premium-golden-tissue-salsa-embroidered-kurta-set-with-slub-satin-blouse-palazzo,,,,,,,,,XL,,,,,,,,AD241,0.0,shopify,10,deny,manual,1550.00,2500.00,true,false,,,,,"",https://cdn.shopify.com/s/files/1/1020/9912/4593/files/563E7B78-7C1A-4020-8D1E-2F88C53DCD70.jpg?v=1786604144,3,"",,,,,,,,,,,,,,,,,,,,kg,,,
premium-golden-tissue-salsa-embroidered-kurta-set-with-slub-satin-blouse-palazzo,,,,,,,,,2XL,,,,,,,,AD241,0.0,shopify,10,deny,manual,1550.00,2500.00,true,false,,,,,"",https://cdn.shopify.com/s/files/1/1020/9912/4593/files/46A82DCA-3062-45E1-A694-C6CA758573A7.jpg?v=1786604144,4,"",,,,,,,,,,,,,,,,,,,,kg,,,
premium-mal-chanderi-16-kali-anarkali-gown-with-mirror-work-dupatta-pant,Premium Mal Chanderi 16 Kali Anarkali Gown With Mirror Work Dupatta & Pant,"<p><span>ANARKALI DETAILS</span><span><br> </span><span>• Fabric : Heavy Pure Mal Chanderi</span><span><br> </span><span>• Design : 16 Kali Gown With Side Zipper</span><span><br> </span><span>• Work : Yoke Fancy Handwork Mirror Lace</span><span><br> </span><span>• Inner : Pure Microscrape Full Lining</span><span><br> </span><span>• Flair : 4 Meter Full Flare</span><span><br> </span><span>• Length : 48 Inches Approx.</span><span><br> </span><span>• Size : XS(34), S(36), M(38), L(40), XL(42), XXL(44)</span><span><br> </span><span>• Stitching : Fully Stitched Ready To Wear</span></p>
<p><span>PANT DETAILS</span><span><br> </span><span>• Fabric : Pure Roman Silk Chanderi</span><span><br> </span><span>• Size : Free Size | Fully Stitched</span></p>
<p><span>DUPATTA DETAILS</span><span><br> </span><span>• Fabric : Pure Soft Mal Chanderi</span><span><br> </span><span>• Work : Four-Side Mirror Lace Work</span><span><br> </span><span>• Length : 2.2 Meters</span></p>",Anjuclothing ,,"","",true,Size,XS,,Colour,White,,,,,,0.0,shopify,10,deny,manual,1599.00,,true,false,,,,,"",https://cdn.shopify.com/s/files/1/1020/9912/4593/files/IMG-2339.png?v=1789144128,1,"",false,,,,,,,,,,,,,,,,,,,kg,,,active
premium-mal-chanderi-16-kali-anarkali-gown-with-mirror-work-dupatta-pant,,,,,,,,,S,,,White,,,,,,0.0,shopify,10,deny,manual,1599.00,,true,false,,,,,"",https://cdn.shopify.com/s/files/1/1020/9912/4593/files/1C307DCE-B529-42FC-9A31-03DE9850B127.jpg?v=1786550069,2,"",,,,,,,,,,,,,,,,,,,,kg,,,
premium-mal-chanderi-16-kali-anarkali-gown-with-mirror-work-dupatta-pant,,,,,,,,,M,,,White,,,,,,0.0,shopify,10,deny,manual,1599.00,,true,false,,,,,"",https://cdn.shopify.com/s/files/1/1020/9912/4593/files/D604537E-EC61-4E1C-A494-C5FAB47875DF.jpg?v=1786550069,3,"",,,,,,,,,,,,,,,,,,,,kg,,,
premium-mal-chanderi-16-kali-anarkali-gown-with-mirror-work-dupatta-pant,,,,,,,,,L,,,White,,,,,,0.0,shopify,10,deny,manual,1599.00,,true,false,,,,,"",https://cdn.shopify.com/s/files/1/1020/9912/4593/files/88314B53-BD2F-4731-95A0-7E974965BA7B.jpg?v=1786550069,4,"",,,,,,,,,,,,,,,,,,,,kg,,,
premium-mal-chanderi-16-kali-anarkali-gown-with-mirror-work-dupatta-pant,,,,,,,,,XL,,,White,,,,,,0.0,shopify,10,deny,manual,1599.00,,true,false,,,,,"",https://cdn.shopify.com/s/files/1/1020/9912/4593/files/2EEB4302-DC72-4E9B-B934-C650F59B769C.jpg?v=1786550070,5,"",,,,,,,,,,,,,,,,,,,,kg,,,
premium-mal-chanderi-16-kali-anarkali-gown-with-mirror-work-dupatta-pant,,,,,,,,,2XL,,,White,,,,,,0.0,shopify,10,deny,manual,1599.00,,true,false,,,,,"",https://cdn.shopify.com/s/files/1/1020/9912/4593/files/21C44AAD-01E7-4A38-A664-BC058EA82CB1.jpg?v=1788543610,6,"",,,,,,,,,,,,,,,,,,,,kg,,,
premium-mal-chanderi-16-kali-anarkali-gown-with-mirror-work-dupatta-pant,,,,,,,,,XS,,,Mahroon,,,,,,0.0,shopify,10,deny,manual,1599.00,,true,false,,,,,"",https://cdn.shopify.com/s/files/1/1020/9912/4593/files/B335BDF0-48DC-4862-86D4-F8421A5EEFAF.jpg?v=1788543611,7,"",,,,,,,,,,,,,,,,,,,,kg,,,
premium-mal-chanderi-16-kali-anarkali-gown-with-mirror-work-dupatta-pant,,,,,,,,,XS,,,Pink,,,,,,0.0,shopify,10,deny,manual,1599.00,,true,false,,,,,"",https://cdn.shopify.com/s/files/1/1020/9912/4593/files/31A8DA21-1B4B-4BE9-96F3-BE45B646CA41.jpg?v=1788543610,8,"",,,,,,,,,,,,,,,,,,,,kg,,,
premium-mal-chanderi-16-kali-anarkali-gown-with-mirror-work-dupatta-pant,,,,,,,,,S,,,Mahroon,,,,,,0.0,shopify,10,deny,manual,1599.00,,true,false,,,,,"",https://cdn.shopify.com/s/files/1/1020/9912/4593/files/F85518B7-88AD-45B4-B49F-2FDF79C871D2.jpg?v=1788543611,9,"",,,,,,,,,,,,,,,,,,,,kg,,,
premium-mal-chanderi-16-kali-anarkali-gown-with-mirror-work-dupatta-pant,,,,,,,,,S,,,Pink,,,,,,0.0,shopify,10,deny,manual,1599.00,,true,false,,,,,"",https://cdn.shopify.com/s/files/1/1020/9912/4593/files/FE06139D-E25C-468D-80FC-823A652A6434.jpg?v=1788543610,10,"",,,,,,,,,,,,,,,,,,,,kg,,,
premium-mal-chanderi-16-kali-anarkali-gown-with-mirror-work-dupatta-pant,,,,,,,,,M,,,Mahroon,,,,,,0.0,shopify,10,deny,manual,1599.00,,true,false,,,,,"",https://cdn.shopify.com/s/files/1/1020/9912/4593/files/20AF02F7-368A-4498-969B-46052C3D73CC.jpg?v=1788543610,11,"",,,,,,,,,,,,,,,,,,,,kg,,,
premium-mal-chanderi-16-kali-anarkali-gown-with-mirror-work-dupatta-pant,,,,,,,,,M,,,Pink,,,,,,0.0,shopify,10,deny,manual,1599.00,,true,false,,,,,"",,,,,,,,,,,,,,,,,,,,,,,kg,,,
premium-mal-chanderi-16-kali-anarkali-gown-with-mirror-work-dupatta-pant,,,,,,,,,L,,,Mahroon,,,,,,0.0,shopify,10,deny,manual,1599.00,,true,false,,,,,"",,,,,,,,,,,,,,,,,,,,,,,kg,,,
premium-mal-chanderi-16-kali-anarkali-gown-with-mirror-work-dupatta-pant,,,,,,,,,L,,,Pink,,,,,,0.0,shopify,10,deny,manual,1599.00,,true,false,,,,,"",,,,,,,,,,,,,,,,,,,,,,,kg,,,
premium-mal-chanderi-16-kali-anarkali-gown-with-mirror-work-dupatta-pant,,,,,,,,,XL,,,Mahroon,,,,,,0.0,shopify,10,deny,manual,1599.00,,true,false,,,,,"",,,,,,,,,,,,,,,,,,,,,,,kg,,,
premium-mal-chanderi-16-kali-anarkali-gown-with-mirror-work-dupatta-pant,,,,,,,,,XL,,,Pink,,,,,,0.0,shopify,10,deny,manual,1599.00,,true,false,,,,,"",,,,,,,,,,,,,,,,,,,,,,,kg,,,
premium-mal-chanderi-16-kali-anarkali-gown-with-mirror-work-dupatta-pant,,,,,,,,,2XL,,,Mahroon,,,,,,0.0,shopify,10,deny,manual,1599.00,,true,false,,,,,"",,,,,,,,,,,,,,,,,,,,,,,kg,,,
premium-mal-chanderi-16-kali-anarkali-gown-with-mirror-work-dupatta-pant,,,,,,,,,2XL,,,Pink,,,,,,0.0,shopify,10,deny,manual,1599.00,,true,false,,,,,"",,,,,,,,,,,,,,,,,,,,,,,kg,,,
premium-magic-slub-cotton-floral-printed-kurta-pant-set,Premium Magic Slub Cotton Floral Printed Kurta Pant Set,"<p><span>TOP DETAILS</span><span><br> </span><span>• Fabric : Magic Slub Cotton Floral Printed</span><span><br> </span><span>• Lining : Included</span><span><br> </span><span>• Back Pattern : Fancy Dori Pattern</span><span><br> </span><span>• Size : XS(34), S(36), M(38), L(40), XL(42), XXL(44) | Fully Stitched Ready To Wear</span></p>
<p><span>PANT DETAILS</span><span><br> </span><span>• Fabric : Magic Slub Cotton Printed</span><span><br> </span><span>• Stitching : Fully Stitched Ready To Wear</span></p>",Anjuclothing ,,"","",true,Size,XS,,,,,,,,,0.0,shopify,10,deny,manual,1250.00,2500.00,true,false,,,,,"",https://cdn.shopify.com/s/files/1/1020/9912/4593/files/5CE3024A-37A5-4A22-AAB9-53790A8AE60B.png?v=1789197709,1,"",false,,,,,,,,,,,,,,,,,,,kg,,,active
premium-magic-slub-cotton-floral-printed-kurta-pant-set,,,,,,,,,S,,,,,,,,,0.0,shopify,10,deny,manual,1250.00,2500.00,true,false,,,,,"",https://cdn.shopify.com/s/files/1/1020/9912/4593/files/90AB172D-5A58-4766-A33A-27AA351FA89A.jpg?v=1786518235,2,"",,,,,,,,,,,,,,,,,,,,kg,,,
premium-magic-slub-cotton-floral-printed-kurta-pant-set,,,,,,,,,M,,,,,,,,,0.0,shopify,10,deny,manual,1250.00,2500.00,true,false,,,,,"",https://cdn.shopify.com/s/files/1/1020/9912/4593/files/9447BE74-BC2C-4C1F-AB9B-B8DA8E24C73E.jpg?v=1786518235,3,"",,,,,,,,,,,,,,,,,,,,kg,,,
premium-magic-slub-cotton-floral-printed-kurta-pant-set,,,,,,,,,L,,,,,,,,,0.0,shopify,10,deny,manual,1250.00,2500.00,true,false,,,,,"",https://cdn.shopify.com/s/files/1/1020/9912/4593/files/0724650F-BB60-4603-96F1-36615BEDBAE9.jpg?v=1786518235,4,"",,,,,,,,,,,,,,,,,,,,kg,,,
premium-magic-slub-cotton-floral-printed-kurta-pant-set,,,,,,,,,XL,,,,,,,,,0.0,shopify,10,deny,manual,1250.00,2500.00,true,false,,,,,"",https://cdn.shopify.com/s/files/1/1020/9912/4593/files/8D80ED0D-B930-446F-B580-55E64BC10C18.jpg?v=1786518235,5,"",,,,,,,,,,,,,,,,,,,,kg,,,
premium-magic-slub-cotton-floral-printed-kurta-pant-set,,,,,,,,,2XL,,,,,,,,,0.0,shopify,10,deny,manual,1250.00,2500.00,true,false,,,,,"",https://cdn.shopify.com/s/files/1/1020/9912/4593/files/A97880A1-446C-4DC7-9E87-32A6640DF244.jpg?v=1786518235,6,"",,,,,,,,,,,,,,,,,,,,kg,,,
fendy-silk-embroidery-sequence-real-mirror-work-sharara-set-with-dupatta-1,Fendy Silk Embroidery Sequence & Real Mirror Work Sharara Set With Dupatta,"<p><span>TOP DETAILS</span><span><br></span><span>• Fabric : Fendy Silk</span><span><br></span><span>• Work : Embroidery Sequence With Real Mirror Work</span><span><br></span><span>• Sleeves : Full Sleeves</span><span><br></span><span>• Inner : Heavy Micro Cotton</span><span><br></span><span>• Sizes : S(36), M(38), L(40), XL(42), XXL(44)</span><span><br></span><span>• Stitching : Fully Stitched &amp; Ready To Wear</span></p>
<p><span>BOTTOM (SHARARA PLAZZO)</span><span><br></span><span>• Fabric : Fendy Silk With Full Flair</span><span><br></span><span>• Length : 40-41 Inches</span></p>
<p><span>DUPATTA DETAILS</span><span><br></span><span>• Fabric : Fendy Silk</span><span><br></span><span>• Work : Embroidery Sequence Work With Lace Border</span></p>",Anjuclothing ,,"","",true,Size,S,,,,,,,,,0.0,shopify,10,deny,manual,1550.00,,true,false,,,,,"",https://cdn.shopify.com/s/files/1/1020/9912/4593/files/E90260C9-B3B3-4CC1-BED2-53E9C44044B5.png?v=1789197709,1,"",false,,,,,,,,,,,,,,,,,,,kg,,,active
fendy-silk-embroidery-sequence-real-mirror-work-sharara-set-with-dupatta-1,,,,,,,,,M,,,,,,,,,0.0,shopify,10,deny,manual,1550.00,,true,false,,,,,"",https://cdn.shopify.com/s/files/1/1020/9912/4593/files/9EB79ED3-4D79-45E4-B8E6-CC25047C8AC9.jpg?v=1786366205,2,"",,,,,,,,,,,,,,,,,,,,kg,,,
fendy-silk-embroidery-sequence-real-mirror-work-sharara-set-with-dupatta-1,,,,,,,,,L,,,,,,,,,0.0,shopify,10,deny,manual,1550.00,,true,false,,,,,"",https://cdn.shopify.com/s/files/1/1020/9912/4593/files/4E23E9F5-9AB1-4C44-B1DC-DA952179F64E.jpg?v=1786366205,3,"",,,,,,,,,,,,,,,,,,,,kg,,,
fendy-silk-embroidery-sequence-real-mirror-work-sharara-set-with-dupatta-1,,,,,,,,,XL,,,,,,,,,0.0,shopify,10,deny,manual,1550.00,,true,false,,,,,"",https://cdn.shopify.com/s/files/1/1020/9912/4593/files/C6072E24-495E-4901-8AD9-B6B5C65B86D2.jpg?v=1786366206,4,"",,,,,,,,,,,,,,,,,,,,kg,,,
fendy-silk-embroidery-sequence-real-mirror-work-sharara-set-with-dupatta-1,,,,,,,,,2XL,,,,,,,,,0.0,shopify,10,deny,manual,1550.00,,true,false,,,,,"",https://cdn.shopify.com/s/files/1/1020/9912/4593/files/ADB10458-2541-434F-9E66-0A86DDEC1AB9.jpg?v=1786366206,5,"",,,,,,,,,,,,,,,,,,,,kg,,,
designer-party-wear-top-with-farshi-salwar-set,Designer Party Wear Top With Farshi Salwar Set,"<p><span>TOP DETAILS</span><span><br> </span><span>• Fabric : Heavy Mal Cotton Fabric</span><span><br> </span><span>• Inner : Micro Cotton</span><span><br> </span><span>• Length : 30–31 Inches</span><span><br> </span><span>• Sizes : S (36), M (38), L (40), XL (42), XXL (44)</span><span><br> </span><span>• Stitching : Fully Stitched</span></p>
<p><span>FARSHI SALWAR DETAILS</span><span><br> </span><span>• Fabric : Heavy Roman Silk With Embroidery Work</span><span><br> </span><span>• Length : 40–41 Inches</span><span><br> </span><span>• Stitching : Fully Stitched</span></p>
<p><span>DUPATTA DETAILS</span><span><br> </span><span>• Fabric : Heavy Mal Cotton</span><span><br> </span><span>• Length : 2.30 Meter</span></p>",Anjuclothing ,Apparel & Accessories > Clothing > Traditional & Ceremonial Clothing > Salwar Kameez & Suit Sets,"","",true,Size,S,,,,,,,,,0.0,shopify,10,deny,manual,1550.00,3500.00,true,false,,,,,"",https://cdn.shopify.com/s/files/1/1020/9912/4593/files/73F12351-5E81-4452-8B2B-61690AEFED42.png?v=1789197709,1,"",false,,,,,,,,,,turtle,,,,,long,,,,kg,,,active
designer-party-wear-top-with-farshi-salwar-set,,,,,,,,,M,,,,,,,,,0.0,shopify,10,deny,manual,1550.00,3500.00,true,false,,,,,"",https://cdn.shopify.com/s/files/1/1020/9912/4593/files/BB38FAEE-680B-4998-9456-FE38497FE434.jpg?v=1786350765,2,"",,,,,,,,,,,,,,,,,,,,kg,,,
designer-party-wear-top-with-farshi-salwar-set,,,,,,,,,L,,,,,,,,,0.0,shopify,10,deny,manual,1550.00,3500.00,true,false,,,,,"",https://cdn.shopify.com/s/files/1/1020/9912/4593/files/B51B96DB-4B40-417E-B47A-6E48F9D6BCAD.jpg?v=1786350765,3,"",,,,,,,,,,,,,,,,,,,,kg,,,
designer-party-wear-top-with-farshi-salwar-set,,,,,,,,,XL,,,,,,,,,0.0,shopify,10,deny,manual,1550.00,3500.00,true,false,,,,,"",https://cdn.shopify.com/s/files/1/1020/9912/4593/files/2B50B238-A1C4-448C-BF48-E1333D0E4367.jpg?v=1786350765,4,"",,,,,,,,,,,,,,,,,,,,kg,,,
designer-party-wear-top-with-farshi-salwar-set,,,,,,,,,2XL,,,,,,,,,0.0,shopify,10,deny,manual,1550.00,3500.00,true,false,,,,,"",https://cdn.shopify.com/s/files/1/1020/9912/4593/files/A52DF27C-6684-4D7A-9691-69950CFFD656.png?v=1786350765,5,"",,,,,,,,,,,,,,,,,,,,kg,,,
hania-aamir-viral-set,Hania Aamir viral set,"<p><span>TOP DETAILS</span><span><br> </span><span>• Fabric : Heavy Rayon Cotton</span><span><br> </span><span>• Work : Plain</span><span><br> </span><span>• Style : Fully Stitched</span><span><br> </span><span>• Inner : No</span><span><br> </span><span>• Sleeves : 18–19 Inches</span><span><br> </span><span>• Length : 38–39 Inches</span><span><br> </span><span>• Sizes : M, L, XL, XXL</span></p>
<p><span>PLAZZO DETAILS</span><span><br> </span><span>• Fabric : Heavy Rayon Cotton</span><span><br> </span><span>• Work : Embroidery Work</span><span><br> </span><span>• Inner : No</span><span><br> </span><span>• Length : 39–40 Inches</span><span><br> </span><span>• Size : Free Size Fully Stitched</span></p>",Anjuclothing ,,"","",true,Colour,Red,,Size,M,,,,,,0.0,shopify,9,deny,manual,1080.00,2500.00,true,false,,,,,"",https://cdn.shopify.com/s/files/1/1020/9912/4593/files/0AF8F3B5-CFAB-4C91-8C33-FE3F38E347F7.png?v=1789197709,1,"",false,,,,,,,,,,,,,,,,,,,kg,,,active
hania-aamir-viral-set,,,,,,,,,Teal,,,M,,,,,,0.0,shopify,10,deny,manual,1080.00,2500.00,true,false,,,,,"",https://cdn.shopify.com/s/files/1/1020/9912/4593/files/71DB1D75-5B9C-4BCD-9511-C48D1B09B2CE.jpg?v=1786244467,2,"",,,,,,,,,,,,,,,,,,,https://cdn.shopify.com/s/files/1/1020/9912/4593/files/65417B0A-75B2-4BE4-8265-4FDB6F8D308B.jpg?v=1786244467,kg,,,
hania-aamir-viral-set,,,,,,,,,Brown,,,M,,,,,,0.0,shopify,10,deny,manual,1080.00,2500.00,true,false,,,,,"",https://cdn.shopify.com/s/files/1/1020/9912/4593/files/65417B0A-75B2-4BE4-8265-4FDB6F8D308B.jpg?v=1786244467,3,"",,,,,,,,,,,,,,,,,,,https://cdn.shopify.com/s/files/1/1020/9912/4593/files/DD3E9A49-2AB4-4812-8F31-691E13F69227.jpg?v=1786244467,kg,,,
hania-aamir-viral-set,,,,,,,,,Orange,,,M,,,,,,0.0,shopify,10,deny,manual,1080.00,2500.00,true,false,,,,,"",https://cdn.shopify.com/s/files/1/1020/9912/4593/files/DD3E9A49-2AB4-4812-8F31-691E13F69227.jpg?v=1786244467,4,"",,,,,,,,,,,,,,,,,,,https://cdn.shopify.com/s/files/1/1020/9912/4593/files/FAE8ED67-10F3-4AE4-AB55-7BB45327AD6F.jpg?v=1786244467,kg,,,
hania-aamir-viral-set,,,,,,,,,Magenta pink,,,M,,,,,,0.0,shopify,10,deny,manual,1080.00,2500.00,true,false,,,,,"",https://cdn.shopify.com/s/files/1/1020/9912/4593/files/430C4A3F-FCA2-4727-842B-C0B2BE5FF469.jpg?v=1786244467,5,"",,,,,,,,,,,,,,,,,,,https://cdn.shopify.com/s/files/1/1020/9912/4593/files/430C4A3F-FCA2-4727-842B-C0B2BE5FF469.jpg?v=1786244467,kg,,,
hania-aamir-viral-set,,,,,,,,,Butter yellow,,,M,,,,,,0.0,shopify,10,deny,manual,1080.00,2500.00,true,false,,,,,"",https://cdn.shopify.com/s/files/1/1020/9912/4593/files/FAE8ED67-10F3-4AE4-AB55-7BB45327AD6F.jpg?v=1786244467,6,"",,,,,,,,,,,,,,,,,,,https://cdn.shopify.com/s/files/1/1020/9912/4593/files/DAA9F0E0-752F-49FD-A1DC-1EA4EA9F8045.jpg?v=1786244467,kg,,,
hania-aamir-viral-set,,,,,,,,,Red,,,L,,,,,,0.0,shopify,10,deny,manual,1080.00,2500.00,true,false,,,,,"",https://cdn.shopify.com/s/files/1/1020/9912/4593/files/DAA9F0E0-752F-49FD-A1DC-1EA4EA9F8045.jpg?v=1786244467,7,"",,,,,,,,,,,,,,,,,,,,kg,,,
hania-aamir-viral-set,,,,,,,,,Red,,,XL,,,,,,0.0,shopify,10,deny,manual,1080.00,2500.00,true,false,,,,,"",https://cdn.shopify.com/s/files/1/1020/9912/4593/files/FA2FE7D0-E535-4158-B333-B124EF7F153D.jpg?v=1786244467,8,"",,,,,,,,,,,,,,,,,,,,kg,,,
hania-aamir-viral-set,,,,,,,,,Red,,,XXL,,,,,,0.0,shopify,10,deny,manual,1080.00,2500.00,true,false,,,,,"",https://cdn.shopify.com/s/files/1/1020/9912/4593/files/F664E8F8-3F2E-45BB-BEFC-B9BAC9BACA62.jpg?v=1786244467,9,"",,,,,,,,,,,,,,,,,,,,kg,,,
hania-aamir-viral-set,,,,,,,,,Teal,,,L,,,,,,0.0,shopify,10,deny,manual,1080.00,2500.00,true,false,,,,,"",https://cdn.shopify.com/s/files/1/1020/9912/4593/files/D2E1FE7A-B479-40F0-9B8C-2932EA43DF16.jpg?v=1786244467,10,"",,,,,,,,,,,,,,,,,,,https://cdn.shopify.com/s/files/1/1020/9912/4593/files/65417B0A-75B2-4BE4-8265-4FDB6F8D308B.jpg?v=1786244467,kg,,,
hania-aamir-viral-set,,,,,,,,,Teal,,,XL,,,,,,0.0,shopify,10,deny,manual,1080.00,2500.00,true,false,,,,,"",https://cdn.shopify.com/s/files/1/1020/9912/4593/files/10E9094C-9CB2-47D8-9F79-F138A933D3A1.jpg?v=1786244467,11,"",,,,,,,,,,,,,,,,,,,https://cdn.shopify.com/s/files/1/1020/9912/4593/files/65417B0A-75B2-4BE4-8265-4FDB6F8D308B.jpg?v=1786244467,kg,,,
hania-aamir-viral-set,,,,,,,,,Teal,,,XXL,,,,,,0.0,shopify,10,deny,manual,1080.00,2500.00,true,false,,,,,"",https://cdn.shopify.com/s/files/1/1020/9912/4593/files/73543672-5AAF-46C0-9DB9-E0F3CD25E8CF.jpg?v=1786244467,12,"",,,,,,,,,,,,,,,,,,,https://cdn.shopify.com/s/files/1/1020/9912/4593/files/65417B0A-75B2-4BE4-8265-4FDB6F8D308B.jpg?v=1786244467,kg,,,
hania-aamir-viral-set,,,,,,,,,Brown,,,L,,,,,,0.0,shopify,10,deny,manual,1080.00,2500.00,true,false,,,,,"",https://cdn.shopify.com/s/files/1/1020/9912/4593/files/3ED48A8D-9658-4CE2-B33E-7CB6F4663A23.jpg?v=1786244467,13,"",,,,,,,,,,,,,,,,,,,https://cdn.shopify.com/s/files/1/1020/9912/4593/files/DD3E9A49-2AB4-4812-8F31-691E13F69227.jpg?v=1786244467,kg,,,
hania-aamir-viral-set,,,,,,,,,Brown,,,XL,,,,,,0.0,shopify,10,deny,manual,1080.00,2500.00,true,false,,,,,"",https://cdn.shopify.com/s/files/1/1020/9912/4593/files/116928FF-48CE-47C1-A2CB-7D94641342B9.jpg?v=1786244467,14,"",,,,,,,,,,,,,,,,,,,https://cdn.shopify.com/s/files/1/1020/9912/4593/files/DD3E9A49-2AB4-4812-8F31-691E13F69227.jpg?v=1786244467,kg,,,
hania-aamir-viral-set,,,,,,,,,Brown,,,XXL,,,,,,0.0,shopify,10,deny,manual,1080.00,2500.00,true,false,,,,,"",https://cdn.shopify.com/s/files/1/1020/9912/4593/files/8F5A2D2A-F5DB-4E84-8B5B-D3B8DEF941AC.jpg?v=1786244467,15,"",,,,,,,,,,,,,,,,,,,https://cdn.shopify.com/s/files/1/1020/9912/4593/files/DD3E9A49-2AB4-4812-8F31-691E13F69227.jpg?v=1786244467,kg,,,
hania-aamir-viral-set,,,,,,,,,Orange,,,L,,,,,,0.0,shopify,10,deny,manual,1080.00,2500.00,true,false,,,,,"",,,,,,,,,,,,,,,,,,,,,,https://cdn.shopify.com/s/files/1/1020/9912/4593/files/FAE8ED67-10F3-4AE4-AB55-7BB45327AD6F.jpg?v=1786244467,kg,,,
hania-aamir-viral-set,,,,,,,,,Orange,,,XL,,,,,,0.0,shopify,10,deny,manual,1080.00,2500.00,true,false,,,,,"",,,,,,,,,,,,,,,,,,,,,,https://cdn.shopify.com/s/files/1/1020/9912/4593/files/FAE8ED67-10F3-4AE4-AB55-7BB45327AD6F.jpg?v=1786244467,kg,,,
hania-aamir-viral-set,,,,,,,,,Orange,,,XXL,,,,,,0.0,shopify,10,deny,manual,1080.00,2500.00,true,false,,,,,"",,,,,,,,,,,,,,,,,,,,,,https://cdn.shopify.com/s/files/1/1020/9912/4593/files/FAE8ED67-10F3-4AE4-AB55-7BB45327AD6F.jpg?v=1786244467,kg,,,
hania-aamir-viral-set,,,,,,,,,Magenta pink,,,L,,,,,,0.0,shopify,10,deny,manual,1080.00,2500.00,true,false,,,,,"",,,,,,,,,,,,,,,,,,,,,,https://cdn.shopify.com/s/files/1/1020/9912/4593/files/430C4A3F-FCA2-4727-842B-C0B2BE5FF469.jpg?v=1786244467,kg,,,
hania-aamir-viral-set,,,,,,,,,Magenta pink,,,XL,,,,,,0.0,shopify,10,deny,manual,1080.00,2500.00,true,false,,,,,"",,,,,,,,,,,,,,,,,,,,,,https://cdn.shopify.com/s/files/1/1020/9912/4593/files/430C4A3F-FCA2-4727-842B-C0B2BE5FF469.jpg?v=1786244467,kg,,,
hania-aamir-viral-set,,,,,,,,,Magenta pink,,,XXL,,,,,,0.0,shopify,10,deny,manual,1080.00,2500.00,true,false,,,,,"",,,,,,,,,,,,,,,,,,,,,,https://cdn.shopify.com/s/files/1/1020/9912/4593/files/430C4A3F-FCA2-4727-842B-C0B2BE5FF469.jpg?v=1786244467,kg,,,
hania-aamir-viral-set,,,,,,,,,Butter yellow,,,L,,,,,,0.0,shopify,10,deny,manual,1080.00,2500.00,true,false,,,,,"",,,,,,,,,,,,,,,,,,,,,,https://cdn.shopify.com/s/files/1/1020/9912/4593/files/DAA9F0E0-752F-49FD-A1DC-1EA4EA9F8045.jpg?v=1786244467,kg,,,
hania-aamir-viral-set,,,,,,,,,Butter yellow,,,XL,,,,,,0.0,shopify,10,deny,manual,1080.00,2500.00,true,false,,,,,"",,,,,,,,,,,,,,,,,,,,,,https://cdn.shopify.com/s/files/1/1020/9912/4593/files/DAA9F0E0-752F-49FD-A1DC-1EA4EA9F8045.jpg?v=1786244467,kg,,,
hania-aamir-viral-set,,,,,,,,,Butter yellow,,,XXL,,,,,,0.0,shopify,10,deny,manual,1080.00,2500.00,true,false,,,,,"",,,,,,,,,,,,,,,,,,,,,,https://cdn.shopify.com/s/files/1/1020/9912/4593/files/DAA9F0E0-752F-49FD-A1DC-1EA4EA9F8045.jpg?v=1786244467,kg,,,
premium-pure-mal-chanderi-fully-flared-anarkali-set-with-dupatta-and-pant,Premium Pure Mal Chanderi Fully Flared Anarkali Set With Dupatta And Pant,"<p><span>ANARKALI GOWN DETAILS</span><span><br> </span><span>• Fabric : Heavy Pure Mal Chanderi Fabric</span><span><br> </span><span>• Design : 16 Kali Gown With Side Zipper</span><span><br> </span><span>• Work : Fancy Handwork Mirror Lace On Yoke</span><span><br> </span><span>• Inner : Pure Microscrape Full Lining</span><span><br> </span><span>• Length : 48 Inches Approx</span><span><br> </span><span>• Flair : 4 Meter Fully Flared Anarkali</span></p>
<p><span>DUPATTA DETAILS</span><span><br> </span><span>• Fabric : Pure Soft Mal Chanderi</span><span><br> </span><span>• Work : Four Side Mirror Lace Border Work</span><span><br> </span><span>• Length : 2.2 Meter</span></p>
<p><span>BOTTOM DETAILS</span><span><br> </span><span>• Fabric : Pure Romansilk Chanderi</span><span><br> </span><span>• Size : Free Size Fully Stitched</span></p>
<p><span>AVAILABLE SIZES</span><span><br> </span><span>XS (34), S (36), M (38), L (40), XL (42), XXL (44) Fully Stitched Ready To Wear</span></p>",Anjuclothing ,Apparel & Accessories > Clothing > Traditional & Ceremonial Clothing > Salwar Kameez & Suit Sets,"","",true,Size,XS,,,,,,,,,0.0,shopify,10,deny,manual,1599.00,,true,false,,,,,"",https://cdn.shopify.com/s/files/1/1020/9912/4593/files/4F80D5F3-65BA-4A4C-94DB-4893EA6538B3.png?v=1789197709,1,"",false,,,,,,,,,,round,,,,,long,,,,kg,,,active
premium-pure-mal-chanderi-fully-flared-anarkali-set-with-dupatta-and-pant,,,,,,,,,S,,,,,,,,,0.0,shopify,9,deny,manual,1599.00,,true,false,,,,,"",https://cdn.shopify.com/s/files/1/1020/9912/4593/files/32C3657A-FAE0-49D2-8A6F-26945FB28E64.jpg?v=1786195180,2,"",,,,,,,,,,,,,,,,,,,,kg,,,
premium-pure-mal-chanderi-fully-flared-anarkali-set-with-dupatta-and-pant,,,,,,,,,M,,,,,,,,,0.0,shopify,10,deny,manual,1599.00,,true,false,,,,,"",https://cdn.shopify.com/s/files/1/1020/9912/4593/files/F30DFB34-E0D5-42B3-B1B8-39C563DDCD61.jpg?v=1786195180,3,"",,,,,,,,,,,,,,,,,,,,kg,,,
premium-pure-mal-chanderi-fully-flared-anarkali-set-with-dupatta-and-pant,,,,,,,,,L,,,,,,,,,0.0,shopify,10,deny,manual,1599.00,,true,false,,,,,"",https://cdn.shopify.com/s/files/1/1020/9912/4593/files/E5332269-483A-45A5-8F22-21B1BDA0660A.jpg?v=1786195180,4,"",,,,,,,,,,,,,,,,,,,,kg,,,
premium-pure-mal-chanderi-fully-flared-anarkali-set-with-dupatta-and-pant,,,,,,,,,XL,,,,,,,,,0.0,shopify,10,deny,manual,1599.00,,true,false,,,,,"",https://cdn.shopify.com/s/files/1/1020/9912/4593/files/B58B5234-4FD9-41AA-AB60-38FAE2082A61.jpg?v=1786195180,5,"",,,,,,,,,,,,,,,,,,,,kg,,,
premium-pure-mal-chanderi-fully-flared-anarkali-set-with-dupatta-and-pant,,,,,,,,,2XL,,,,,,,,,0.0,shopify,10,deny,manual,1599.00,,true,false,,,,,"",,,,,,,,,,,,,,,,,,,,,,,kg,,,
premium-pure-blooming-vichitra-silk-anarkali-gown-set-with-dupatta,Premium Pure Blooming Vichitra Silk Anarkali Gown Set With Dupatta,"<p><span>ANARKALI GOWN DETAILS</span><span><br> </span><span>• Fabric : Heavy Pure Blooming Vichitra Silk</span><span><br> </span><span>• Work : Yoke Fancy Lace Work With Embroidery Dori, Jari &amp; Sequence Lace Work</span><span><br> </span><span>• Sleeves : Full Churidar Sleeves With Fancy Embroidery Lace</span><span><br> </span><span>• Inner : Pure Microscrape Full Lining</span><span><br> </span><span>• Length : 50–51 Inches Approx</span><span><br> </span><span>• Flair : 3.50 – 3.60 Meter Fully Flared Anarkali</span></p>
<p><span>BOTTOM DETAILS</span><span><br> </span><span>• Fabric : Micro Cotton</span><span><br> </span><span>• Size : Free Size Fully Stitched</span></p>
<p><span>DUPATTA DETAILS</span><span><br> </span><span>• Fabric : Pure Blooming Vichitra Silk</span><span><br> </span><span>• Work : Embroidery Sequence Dori &amp; Jari Work With Fancy Lace Border And Real Mirror Lace</span><span><br> </span><span>• Length : 2.2 Meter</span><span><br> </span><span>• Width : 27 Inches Shawl Style</span></p>
<p><span>AVAILABLE SIZES</span><span><br> </span><span>S (36), M (38), L (40), XL (42), XXL (44) Fully Stitched Ready To Wear</span></p>",Anjuclothing ,,"","",true,Size,S,,,,,,,,,0.0,shopify,10,deny,manual,1899.00,4500.00,true,true,,,,,"",https://cdn.shopify.com/s/files/1/1020/9912/4593/files/60897E72-4B65-4B73-A733-EBF7CF498E88.png?v=1789197709,1,"",false,,,,,,,,,,,,,,,,,,,kg,,,active
premium-pure-blooming-vichitra-silk-anarkali-gown-set-with-dupatta,,,,,,,,,M,,,,,,,,,0.0,shopify,10,deny,manual,1899.00,4500.00,true,true,,,,,"",https://cdn.shopify.com/s/files/1/1020/9912/4593/files/DDB1F737-939D-46CD-8A89-E48D90EB746D.jpg?v=1786159726,2,"",,,,,,,,,,,,,,,,,,,,kg,,,
premium-pure-blooming-vichitra-silk-anarkali-gown-set-with-dupatta,,,,,,,,,L,,,,,,,,,0.0,shopify,9,deny,manual,1899.00,4500.00,true,true,,,,,"",https://cdn.shopify.com/s/files/1/1020/9912/4593/files/75645341-75C9-41C1-97C8-C873A602F429.jpg?v=1786159725,3,"",,,,,,,,,,,,,,,,,,,,kg,,,
premium-pure-blooming-vichitra-silk-anarkali-gown-set-with-dupatta,,,,,,,,,XL,,,,,,,,,0.0,shopify,10,deny,manual,1899.00,4500.00,true,true,,,,,"",https://cdn.shopify.com/s/files/1/1020/9912/4593/files/3E653403-77F9-4158-ABDF-A832AD25492B.jpg?v=1786159726,4,"",,,,,,,,,,,,,,,,,,,,kg,,,
premium-pure-blooming-vichitra-silk-anarkali-gown-set-with-dupatta,,,,,,,,,2XL,,,,,,,,,0.0,shopify,10,deny,manual,1899.00,4500.00,true,true,,,,,"",https://cdn.shopify.com/s/files/1/1020/9912/4593/files/C4C8FDF5-8695-41B7-B9BF-AEC9F39A0EC5.jpg?v=1786159725,5,"",,,,,,,,,,,,,,,,,,,,kg,,,
premium-pure-blooming-vichitra-silk-anarkali-gown-set-with-dupatta,,,,,,,,,,,,,,,,,,,,,,,,,,,,,,,"",https://cdn.shopify.com/s/files/1/1020/9912/4593/files/D1191D74-3B1A-4ED8-A318-E8CF28EFD6AF.jpg?v=1786159725,6,"",,,,,,,,,,,,,,,,,,,,,,,
premium-faux-georgette-handwork-anarkali-set-with-dupatta,Premium Faux Georgette Handwork Anarkali Set With Dupatta,"<p><span>ANARKALI DETAILS</span><span><br> </span><span>• Fabric : Faux Georgette</span><span><br> </span><span>• Work : Hand Work With Padded Design</span><span><br> </span><span>• Inner : Soft Micro Inner</span><span><br> </span><span>• Length : 48 Inches</span><span><br> </span><span>• Size : S(36), M(38), L(40), XL(42), XXL(44) With 3XL Margin | Fully Stitched Ready To Wear</span></p>
<p><span>PLAZZO DETAILS</span><span><br> </span><span>• Fabric : Faux Georgette</span><span><br> </span><span>• Work : Plain</span><span><br> </span><span>• Length : 39–40 Inches</span><span><br> </span><span>• Size : Fully Stitched | Fits Up To Size 44 With Elastic Waistband</span></p>
<p><span>DUPATTA DETAILS</span><span><br> </span><span>• Fabric : Faux Georgette</span><span><br> </span><span>• Work : LCD Diamond With Fancy Four-Side Lace Border</span><span><br> </span><span>• Length : 2.10 Meters</span></p>",Anjuclothing ,Apparel & Accessories > Clothing > Traditional & Ceremonial Clothing > Salwar Kameez & Suit Sets,"","",true,Size,S,,,,,,,,,0.0,shopify,9,deny,manual,1599.00,,true,false,,,,,"",https://cdn.shopify.com/s/files/1/1020/9912/4593/files/3215A35E-D6D7-4880-8F3B-0B5187CF4CC5.png?v=1789204660,1,"",false,,,,,,,,,,,,,,,long,,,,kg,,,active
premium-faux-georgette-handwork-anarkali-set-with-dupatta,,,,,,,,,M,,,,,,,,,0.0,shopify,9,deny,manual,1599.00,,true,false,,,,,"",https://cdn.shopify.com/s/files/1/1020/9912/4593/files/B61F92CA-D2D6-444C-892D-02341587B3BD.jpg?v=1786030751,2,"",,,,,,,,,,,,,,,,,,,,kg,,,
premium-faux-georgette-handwork-anarkali-set-with-dupatta,,,,,,,,,L,,,,,,,,,0.0,shopify,10,deny,manual,1599.00,,true,false,,,,,"",https://cdn.shopify.com/s/files/1/1020/9912/4593/files/E5B70D01-5DEE-4125-9585-8D1C58E1382F.jpg?v=1786030751,3,"",,,,,,,,,,,,,,,,,,,,kg,,,
premium-faux-georgette-handwork-anarkali-set-with-dupatta,,,,,,,,,XL,,,,,,,,,0.0,shopify,10,deny,manual,1599.00,,true,false,,,,,"",https://cdn.shopify.com/s/files/1/1020/9912/4593/files/36ABB15B-D1EF-42C2-A0E9-2108B62C114C.jpg?v=1786030751,4,"",,,,,,,,,,,,,,,,,,,,kg,,,
premium-faux-georgette-handwork-anarkali-set-with-dupatta,,,,,,,,,2XL,,,,,,,,,0.0,shopify,9,deny,manual,1599.00,,true,false,,,,,"",https://cdn.shopify.com/s/files/1/1020/9912/4593/files/F4B27926-EA98-46BA-BD2A-14DB8BE3731D.jpg?v=1786030751,5,"",,,,,,,,,,,,,,,,,,,,kg,,,
premium-faux-georgette-handwork-anarkali-set-with-dupatta,,,,,,,,,,,,,,,,,,,,,,,,,,,,,,,"",https://cdn.shopify.com/s/files/1/1020/9912/4593/files/9759E1DE-0658-499B-8A35-049109854BD7.jpg?v=1786030402,6,"",,,,,,,,,,,,,,,,,,,,,,,
premium-roman-cotton-farshi-salwar-set-with-mal-cotton-dupatta,Premium Roman Cotton Farshi Salwar Set With Mal Cotton Dupatta,"<p><span>TOP DETAILS</span><span><br> </span><span>• Fabric : Heavy Roman Cotton</span><span><br> </span><span>• Inner : Micro Cotton</span><span><br> </span><span>• Length : 29–30 Inches</span><span><br> </span><span>• Size : S(36), M(38), L(40), XL(42), XXL(44) | Fully Stitched Ready To Wear</span></p>
<p><span>FARSHI SALWAR DETAILS</span><span><br> </span><span>• Fabric : Heavy Cambric Cotton</span><span><br> </span><span>• Work : Embroidery Work</span><span><br> </span><span>• Length : 40–41 Inches</span><span><br> </span><span>• Stitching : Fully Stitched</span></p>
<p><span>DUPATTA DETAILS</span><span><br> </span><span>• Fabric : Heavy Mal Cotton</span><span><br> </span><span>• Length : 2.30 Meters</span></p>",Anjuclothing ,,"","",true,Size,S,,,,,,,,,0.0,shopify,10,deny,manual,1350.00,,true,false,,,,,"",https://cdn.shopify.com/s/files/1/1020/9912/4593/files/51F478E8-8B11-4EF4-9B6F-5C65BBCA7B4B.png?v=1789204660,1,"",false,,,,,,,,,,,,,,,,,,,kg,,,active
premium-roman-cotton-farshi-salwar-set-with-mal-cotton-dupatta,,,,,,,,,M,,,,,,,,,0.0,shopify,10,deny,manual,1350.00,,true,false,,,,,"",https://cdn.shopify.com/s/files/1/1020/9912/4593/files/66901999-AB06-4F3A-81E3-9DAEB15CCAE7.png?v=1785945666,2,"",,,,,,,,,,,,,,,,,,,,kg,,,
premium-roman-cotton-farshi-salwar-set-with-mal-cotton-dupatta,,,,,,,,,L,,,,,,,,,0.0,shopify,10,deny,manual,1350.00,,true,false,,,,,"",https://cdn.shopify.com/s/files/1/1020/9912/4593/files/3F5C7495-C05C-4EB9-A085-3235FB68F454.png?v=1785945666,3,"",,,,,,,,,,,,,,,,,,,,kg,,,
premium-roman-cotton-farshi-salwar-set-with-mal-cotton-dupatta,,,,,,,,,XL,,,,,,,,,0.0,shopify,10,deny,manual,1350.00,,true,false,,,,,"",https://cdn.shopify.com/s/files/1/1020/9912/4593/files/037AA9E6-1A9C-4FDD-8EB2-092DED558BE1.jpg?v=1785945666,4,"",,,,,,,,,,,,,,,,,,,,kg,,,
premium-roman-cotton-farshi-salwar-set-with-mal-cotton-dupatta,,,,,,,,,2XL,,,,,,,,,0.0,shopify,10,deny,manual,1350.00,,true,false,,,,,"",https://cdn.shopify.com/s/files/1/1020/9912/4593/files/F0F93E96-EE00-4B8D-B8AA-FB4EEAB0B0D3.png?v=1785945666,5,"",,,,,,,,,,,,,,,,,,,,kg,,,
designer-faux-georgette-digital-print-mirror-work-sharara-set-with-dupatta,Designer Faux Georgette Digital Print Mirror Work Sharara Set With Dupatta,"<p><span>TOP DETAILS</span><span><br> </span><span>• Fabric : Heavy Faux Georgette</span><span><br> </span><span>• Lining : Soft Micro Cotton</span><span><br> </span><span>• Work : Digital Print With Real Mirror &amp; Fancy Lace Work</span><span><br> </span><span>• Sizes : S(36), M(38), L(40), XL(42), XXL(44) With 3XL Margin</span></p>
<p><span>SHARARA DETAILS</span><span><br> </span><span>• Fabric : Heavy Faux Georgette</span><span><br> </span><span>• Lining : Soft Micro Cotton</span><span><br> </span><span>• Work : Digital Print With Real Mirror &amp; Fancy Lace Work</span><span><br> </span><span>• Size : Fully Stitched | Fits Up To 44 (Elastic Waistband)</span></p>
<p><span>DUPATTA DETAILS</span><span><br> </span><span>• Fabric : Heavy Faux Georgette</span><span><br> </span><span>• Work : Digital Print With Real Mirror &amp; Fancy Lace Work</span><span><br> </span><span>• Length : 2.10 Meter</span></p>",Anjuclothing ,,"","",true,Size,S,,,,,,,,,0.0,shopify,10,deny,manual,1750.00,3500.00,true,false,,,,,"",https://cdn.shopify.com/s/files/1/1020/9912/4593/files/398A81EB-2892-438F-855D-E8345C637C45.png?v=1789204660,1,"",false,,,,,,,,,,,,,,,,,,,kg,,,active
designer-faux-georgette-digital-print-mirror-work-sharara-set-with-dupatta,,,,,,,,,M,,,,,,,,,0.0,shopify,10,deny,manual,1750.00,3500.00,true,false,,,,,"",https://cdn.shopify.com/s/files/1/1020/9912/4593/files/F6AE7EEF-D556-4340-BD73-686A02F1CAB3.jpg?v=1785851676,2,"",,,,,,,,,,,,,,,,,,,,kg,,,
designer-faux-georgette-digital-print-mirror-work-sharara-set-with-dupatta,,,,,,,,,L,,,,,,,,,0.0,shopify,10,deny,manual,1750.00,3500.00,true,false,,,,,"",https://cdn.shopify.com/s/files/1/1020/9912/4593/files/56F78C25-91CC-490A-A219-C199CE3F7EC9.jpg?v=1785851676,3,"",,,,,,,,,,,,,,,,,,,,kg,,,
designer-faux-georgette-digital-print-mirror-work-sharara-set-with-dupatta,,,,,,,,,XL,,,,,,,,,0.0,shopify,10,deny,manual,1750.00,3500.00,true,false,,,,,"",https://cdn.shopify.com/s/files/1/1020/9912/4593/files/97749070-0D9D-4C0D-8E62-0AA7161DF035.jpg?v=1785851676,4,"",,,,,,,,,,,,,,,,,,,,kg,,,
designer-faux-georgette-digital-print-mirror-work-sharara-set-with-dupatta,,,,,,,,,2XL,,,,,,,,,0.0,shopify,10,deny,manual,1750.00,3500.00,true,false,,,,,"",https://cdn.shopify.com/s/files/1/1020/9912/4593/files/79B15194-1885-4B10-8ABE-4A33042F5019.jpg?v=1785851676,5,"",,,,,,,,,,,,,,,,,,,,kg,,,
designer-faux-georgette-digital-print-mirror-work-sharara-set-with-dupatta,,,,,,,,,,,,,,,,,,,,,,,,,,,,,,,"",https://cdn.shopify.com/s/files/1/1020/9912/4593/files/A683228F-4B77-4F3F-B9E6-FC2F93B50097.jpg?v=1785851677,6,"",,,,,,,,,,,,,,,,,,,,,,,
designer-faux-georgette-digital-print-mirror-work-sharara-set-with-dupatta,,,,,,,,,,,,,,,,,,,,,,,,,,,,,,,"",https://cdn.shopify.com/s/files/1/1020/9912/4593/files/27C3976B-81A3-4658-B641-504923E4D308.jpg?v=1785851676,7,"",,,,,,,,,,,,,,,,,,,,,,,
designer-faux-georgette-digital-print-mirror-work-sharara-set-with-dupatta,,,,,,,,,,,,,,,,,,,,,,,,,,,,,,,"",https://cdn.shopify.com/s/files/1/1020/9912/4593/files/A01949A7-8152-47C1-A84E-5DEE72B99B3E.jpg?v=1785851676,8,"",,,,,,,,,,,,,,,,,,,,,,,
designer-faux-georgette-digital-print-mirror-work-sharara-set-with-dupatta,,,,,,,,,,,,,,,,,,,,,,,,,,,,,,,"",https://cdn.shopify.com/s/files/1/1020/9912/4593/files/4AC21DD6-2817-48EE-BB68-F019084E63D0.jpg?v=1785851676,9,"",,,,,,,,,,,,,,,,,,,,,,,
heavy-roman-silk-chanderi-gown-set-with-embroidered-dupatta-bottom,Heavy Roman Silk Chanderi Gown Set With Embroidered Dupatta & Bottom,"<p><span>GOWN DETAILS</span><span><br> </span><span>• Fabric : Heavy Pure Roman Silk Chanderi</span><span><br> </span><span>• Flair : 5.5 Meter</span><span><br> </span><span>• Inner : Pure Microscrape Full Lining With Patta Attached</span><span><br> </span><span>• Length : 55 Inches</span><span><br> </span><span>• Sizes : S, M, L, XL, XXL</span><span><br> </span><span>• Stitching : Fully Stitched Ready To Wear</span></p>
<p><span>BOTTOM DETAILS</span><span><br> </span><span>• Fabric : Pure Roman Silk Chanderi</span><span><br> </span><span>• Size : Free Size (Fully Stitched)</span></p>
<p><span>DUPATTA DETAILS</span><span><br> </span><span>• Fabric : Fox Georgette</span><span><br> </span><span>• Work : Embroidery Sequence Jari Work With Four Side Lace Border</span><span><br> </span><span>• Length : 2.2 Meter</span></p>",Anjuclothing ,,"","",true,Size,S,,Colour,Red,,,,,,0.0,shopify,10,deny,manual,1699.00,,true,false,,,,,"",https://cdn.shopify.com/s/files/1/1020/9912/4593/files/3D9E1C4A-D394-4A43-A87F-D086723F1C42.png?v=1789204660,1,"",false,,,,,,,,,,,,,,,,,,,kg,,,active
heavy-roman-silk-chanderi-gown-set-with-embroidered-dupatta-bottom,,,,,,,,,M,,,Red,,,,,,0.0,shopify,10,deny,manual,1699.00,,true,false,,,,,"",https://cdn.shopify.com/s/files/1/1020/9912/4593/files/C2B5515B-914B-4A93-A411-082F0116A5A7.jpg?v=1785849463,2,"",,,,,,,,,,,,,,,,,,,,kg,,,
heavy-roman-silk-chanderi-gown-set-with-embroidered-dupatta-bottom,,,,,,,,,L,,,Red,,,,,,0.0,shopify,10,deny,manual,1699.00,,true,false,,,,,"",https://cdn.shopify.com/s/files/1/1020/9912/4593/files/43880CD6-F709-4250-B04E-2688626FE5BA.jpg?v=1785849464,3,"",,,,,,,,,,,,,,,,,,,,kg,,,
heavy-roman-silk-chanderi-gown-set-with-embroidered-dupatta-bottom,,,,,,,,,XL,,,Red,,,,,,0.0,shopify,10,deny,manual,1699.00,,true,false,,,,,"",https://cdn.shopify.com/s/files/1/1020/9912/4593/files/F7DAF151-B1CA-42C1-9F71-B98D93352686.jpg?v=1786106741,4,"",,,,,,,,,,,,,,,,,,,,kg,,,
heavy-roman-silk-chanderi-gown-set-with-embroidered-dupatta-bottom,,,,,,,,,2XL,,,Red,,,,,,0.0,shopify,10,deny,manual,1699.00,,true,false,,,,,"",https://cdn.shopify.com/s/files/1/1020/9912/4593/files/0C8975C7-44BC-40E4-A769-AEAEEBE14C0F.jpg?v=1786106742,5,"",,,,,,,,,,,,,,,,,,,,kg,,,
heavy-roman-silk-chanderi-gown-set-with-embroidered-dupatta-bottom,,,,,,,,,S,,,Yellow,,,,,,0.0,shopify,10,deny,manual,1699.00,,true,false,,,,,"",https://cdn.shopify.com/s/files/1/1020/9912/4593/files/62DDBC6D-54AB-41A4-8177-D51CA9AA93F2.jpg?v=1786106742,6,"",,,,,,,,,,,,,,,,,,,,kg,,,
heavy-roman-silk-chanderi-gown-set-with-embroidered-dupatta-bottom,,,,,,,,,M,,,Yellow,,,,,,0.0,shopify,10,deny,manual,1699.00,,true,false,,,,,"",https://cdn.shopify.com/s/files/1/1020/9912/4593/files/3FC422D1-8247-4182-A381-C5D114FA27EF.jpg?v=1786106741,7,"",,,,,,,,,,,,,,,,,,,,kg,,,
heavy-roman-silk-chanderi-gown-set-with-embroidered-dupatta-bottom,,,,,,,,,L,,,Yellow,,,,,,0.0,shopify,10,deny,manual,1699.00,,true,false,,,,,"",,,,,,,,,,,,,,,,,,,,,,,kg,,,
heavy-roman-silk-chanderi-gown-set-with-embroidered-dupatta-bottom,,,,,,,,,XL,,,Yellow,,,,,,0.0,shopify,10,deny,manual,1699.00,,true,false,,,,,"",,,,,,,,,,,,,,,,,,,,,,,kg,,,
heavy-roman-silk-chanderi-gown-set-with-embroidered-dupatta-bottom,,,,,,,,,2XL,,,Yellow,,,,,,0.0,shopify,10,deny,manual,1699.00,,true,false,,,,,"",,,,,,,,,,,,,,,,,,,,,,,kg,,,
roman-glass-real-mirror-work-top-with-plazzo-chanderi-silk-dupatta-set,Roman Glass Real Mirror Work Top With Plazzo & Chanderi Silk Dupatta Set,"<p>TOP DETAILS</p>
<p><span>• Fabric : Roman Glass</span><span><br> </span><span>• Work : Real Mirror Work</span><span><br> </span><span>• Sleeves : Full Sleeves</span><span><br> </span><span>• Inner : Heavy Micro Cotton</span><span><br> </span><span>• Length : 32–33 Inches</span><span><br> </span><span>• Sizes : M(38), L(40), XL(42), XXL(44)</span><span><br> </span><span>• Stitching : Fully Stitched Ready To Wear</span></p>
<p><span>PLAZZO DETAILS</span><span><br> </span><span>• Fabric : Roman Glass</span><span><br> </span><span>• Length : 39–40 Inches</span></p>
<p><span>DUPATTA DETAILS</span><span><br> </span><span>• Fabric : Chanderi Silk</span><span><br> </span><span>• Work : Lace Border With Moti Work</span></p>
<p> </p>",Anjuclothing ,,"","",true,Colour,Red,,Size,M,,,,,,0.0,shopify,5,deny,manual,1799.00,3500.00,true,false,,,,,"",https://cdn.shopify.com/s/files/1/1020/9912/4593/files/627F5488-7CC6-434C-AECF-EFBE9AA83460.png?v=1789134229,1,"",false,,,,,,,,,,,,,,,,,,,kg,,,active
roman-glass-real-mirror-work-top-with-plazzo-chanderi-silk-dupatta-set,,,,,,,,,Red,,,L,,,,,,0.0,shopify,10,deny,manual,1799.00,3500.00,true,false,,,,,"",https://cdn.shopify.com/s/files/1/1020/9912/4593/files/0467E442-D35D-4901-B298-A4F9CC5FABD0.jpg?v=1785833278,2,"",,,,,,,,,,,,,,,,,,,,kg,,,
roman-glass-real-mirror-work-top-with-plazzo-chanderi-silk-dupatta-set,,,,,,,,,Red,,,XL,,,,,,0.0,shopify,10,deny,manual,1799.00,3500.00,true,false,,,,,"",https://cdn.shopify.com/s/files/1/1020/9912/4593/files/FAD91F31-E1F3-4AAD-A79E-F6AB74A7ADE9.jpg?v=1785833278,3,"",,,,,,,,,,,,,,,,,,,,kg,,,
roman-glass-real-mirror-work-top-with-plazzo-chanderi-silk-dupatta-set,,,,,,,,,Red,,,2XL,,,,,,0.0,shopify,9,deny,manual,1799.00,3500.00,true,false,,,,,"",https://cdn.shopify.com/s/files/1/1020/9912/4593/files/62B3FC76-556B-466C-8EA6-457414563156.jpg?v=1787397948,4,"",,,,,,,,,,,,,,,,,,,,kg,,,
roman-glass-real-mirror-work-top-with-plazzo-chanderi-silk-dupatta-set,,,,,,,,,Blue,,,M,,,,,,0.0,shopify,10,deny,manual,1799.00,3500.00,true,false,,,,,"",https://cdn.shopify.com/s/files/1/1020/9912/4593/files/47F6A9F7-9FD8-4C2D-8AF9-80B4BBBA114E.jpg?v=1787397947,5,"",,,,,,,,,,,,,,,,,,,,kg,,,
roman-glass-real-mirror-work-top-with-plazzo-chanderi-silk-dupatta-set,,,,,,,,,Blue,,,L,,,,,,0.0,shopify,9,deny,manual,1799.00,3500.00,true,false,,,,,"",https://cdn.shopify.com/s/files/1/1020/9912/4593/files/6AEDDC60-D150-4066-9F02-E73A78CFB073.jpg?v=1787397948,6,"",,,,,,,,,,,,,,,,,,,,kg,,,
roman-glass-real-mirror-work-top-with-plazzo-chanderi-silk-dupatta-set,,,,,,,,,Blue,,,XL,,,,,,0.0,shopify,10,deny,manual,1799.00,3500.00,true,false,,,,,"",https://cdn.shopify.com/s/files/1/1020/9912/4593/files/2DCF7B25-1D80-4E17-8172-59F1EA8143BD.jpg?v=1788843370,7,"",,,,,,,,,,,,,,,,,,,,kg,,,
roman-glass-real-mirror-work-top-with-plazzo-chanderi-silk-dupatta-set,,,,,,,,,Blue,,,2XL,,,,,,0.0,shopify,9,deny,manual,1799.00,3500.00,true,false,,,,,"",https://cdn.shopify.com/s/files/1/1020/9912/4593/files/DB798892-E934-4F88-8874-47C2E9182333.jpg?v=1788843370,8,"",,,,,,,,,,,,,,,,,,,,kg,,,
roman-glass-real-mirror-work-top-with-plazzo-chanderi-silk-dupatta-set,,,,,,,,,Orange,,,M,,,,,,0.0,shopify,9,deny,manual,1799.00,3500.00,true,false,,,,,"",,,,,,,,,,,,,,,,,,,,,,,kg,,,
roman-glass-real-mirror-work-top-with-plazzo-chanderi-silk-dupatta-set,,,,,,,,,Orange,,,L,,,,,,0.0,shopify,9,deny,manual,1799.00,3500.00,true,false,,,,,"",,,,,,,,,,,,,,,,,,,,,,,kg,,,
roman-glass-real-mirror-work-top-with-plazzo-chanderi-silk-dupatta-set,,,,,,,,,Orange,,,XL,,,,,,0.0,shopify,10,deny,manual,1799.00,3500.00,true,false,,,,,"",,,,,,,,,,,,,,,,,,,,,,,kg,,,
roman-glass-real-mirror-work-top-with-plazzo-chanderi-silk-dupatta-set,,,,,,,,,Orange,,,2XL,,,,,,0.0,shopify,9,deny,manual,1799.00,3500.00,true,false,,,,,"",,,,,,,,,,,,,,,,,,,,,,,kg,,,
heavy-fandy-crush-full-neck-handwork-top-with-sharara-plazzo-set,Heavy Fandy Crush Full Neck Handwork Top With Sharara Plazzo Set,"<p><span>TOP DETAILS</span><span><br> </span><span>• Fabric : Heavy Fandy Crush</span><span><br> </span><span>• Work : Heavy Beads Hand Work With Moti Work</span><span><br> </span><span>• Neck : Full Neck Design</span><span><br> </span><span>• Inner : Heavy Micro Cotton</span><span><br> </span><span>• Length : 31–32 Inches</span><span><br> </span><span>• Sizes : S(36), M(38), L(40), XL(42), XXL(44) + Margin</span><span><br> </span><span>• Stitching : Fully Stitched Ready To Wear</span></p>
<p><span>SHARARA PLAZZO DETAILS</span><span><br> </span><span>• Fabric : Heavy Fandy Crush</span><span><br> </span><span>• Inner : Heavy Micro Cotton</span><span><br> </span><span>• Length : 41–42 Inches</span><span><br> </span><span>• Fit : Fully Stitched</span></p>
<p><span>PACKAGE DETAILS</span><span><br> </span><span>• Includes : Full Neck Top &amp; Sharara Plazzo</span><span><br> </span><span>• Dupatta : Not Included</span></p>",Anjuclothing ,Apparel & Accessories > Clothing > Traditional & Ceremonial Clothing > Salwar Kameez & Suit Sets,"","",true,Colour,Teal,,Size,S,,,,,,0.0,shopify,10,deny,manual,1780.00,2500.00,true,false,,,,,"",https://cdn.shopify.com/s/files/1/1020/9912/4593/files/ED33B02E-EB8E-4E66-84A6-977D9BA36B98.png?v=1789204660,1,"",false,,,,,,,,,,halter,,,,,sleeveless,,,,kg,,,active
heavy-fandy-crush-full-neck-handwork-top-with-sharara-plazzo-set,,,,,,,,,Pink,,,S,,,,,,0.0,shopify,10,deny,manual,1780.00,2500.00,true,false,,,,,"",https://cdn.shopify.com/s/files/1/1020/9912/4593/files/E7C3C3FC-0C34-4F1D-8D9A-0D76A64C1D8E.jpg?v=1785816976,2,"",,,,,,,,,,,,,,,,,,,,kg,,,
heavy-fandy-crush-full-neck-handwork-top-with-sharara-plazzo-set,,,,,,,,,Teal,,,M,,,,,,0.0,shopify,10,deny,manual,1780.00,2500.00,true,false,,,,,"",https://cdn.shopify.com/s/files/1/1020/9912/4593/files/3FC066B6-1C40-4914-A163-01D745D4EEA8.jpg?v=1785816977,3,"",,,,,,,,,,,,,,,,,,,,kg,,,
heavy-fandy-crush-full-neck-handwork-top-with-sharara-plazzo-set,,,,,,,,,Teal,,,L,,,,,,0.0,shopify,10,deny,manual,1780.00,2500.00,true,false,,,,,"",https://cdn.shopify.com/s/files/1/1020/9912/4593/files/8D028ECE-F8DB-4226-AD50-8FA813328D3B.jpg?v=1785816977,4,"",,,,,,,,,,,,,,,,,,,,kg,,,
heavy-fandy-crush-full-neck-handwork-top-with-sharara-plazzo-set,,,,,,,,,Teal,,,XL,,,,,,0.0,shopify,10,deny,manual,1780.00,2500.00,true,false,,,,,"",,,,,,,,,,,,,,,,,,,,,,,kg,,,
heavy-fandy-crush-full-neck-handwork-top-with-sharara-plazzo-set,,,,,,,,,Teal,,,2XL,,,,,,0.0,shopify,10,deny,manual,1780.00,2500.00,true,false,,,,,"",,,,,,,,,,,,,,,,,,,,,,,kg,,,
heavy-fandy-crush-full-neck-handwork-top-with-sharara-plazzo-set,,,,,,,,,Pink,,,M,,,,,,0.0,shopify,10,deny,manual,1780.00,2500.00,true,false,,,,,"",,,,,,,,,,,,,,,,,,,,,,,kg,,,
heavy-fandy-crush-full-neck-handwork-top-with-sharara-plazzo-set,,,,,,,,,Pink,,,L,,,,,,0.0,shopify,10,deny,manual,1780.00,2500.00,true,false,,,,,"",,,,,,,,,,,,,,,,,,,,,,,kg,,,
heavy-fandy-crush-full-neck-handwork-top-with-sharara-plazzo-set,,,,,,,,,Pink,,,XL,,,,,,0.0,shopify,10,deny,manual,1780.00,2500.00,true,false,,,,,"",,,,,,,,,,,,,,,,,,,,,,,kg,,,
heavy-fandy-crush-full-neck-handwork-top-with-sharara-plazzo-set,,,,,,,,,Pink,,,2XL,,,,,,0.0,shopify,10,deny,manual,1780.00,2500.00,true,false,,,,,"",,,,,,,,,,,,,,,,,,,,,,,kg,,,
fendy-silk-embroidery-sequence-real-mirror-work-sharara-set-with-dupatta,Fendy Silk Embroidery Sequence & Real Mirror Work Sharara Set With Dupatta,"<p><span>TOP DETAILS</span><span><br> </span><span>• Fabric : Fendy Silk</span><span><br> </span><span>• Work : Embroidery Sequence With Real Mirror Work</span><span><br> </span><span>• Sleeves : Full Sleeves</span><span><br> </span><span>• Inner : Heavy Micro Cotton</span><span><br> </span><span>• Sizes : S(36), M(38), L(40), XL(42), XXL(44)</span><span><br> </span><span>• Stitching : Fully Stitched &amp; Ready To Wear</span></p>
<p><span>BOTTOM (SHARARA PLAZZO)</span><span><br> </span><span>• Fabric : Fendy Silk With Full Flair</span><span><br> </span><span>• Length : 40-41 Inches</span></p>
<p><span>DUPATTA DETAILS</span><span><br> </span><span>• Fabric : Fendy Silk</span><span><br> </span><span>• Work : Embroidery Sequence Work With Lace Border</span></p>
<p><span> </span></p>",Anjuclothing ,,"","",true,Size,S,,,,,,,,,0.0,shopify,10,deny,manual,1550.00,,true,false,,,,,"",https://cdn.shopify.com/s/files/1/1020/9912/4593/files/E46B92E5-0698-4E74-B28D-14F039E8DA40.png?v=1789204660,1,"",false,,,,,,,,,,,,,,,,,,,kg,,,active
fendy-silk-embroidery-sequence-real-mirror-work-sharara-set-with-dupatta,,,,,,,,,M,,,,,,,,,0.0,shopify,10,deny,manual,1550.00,,true,false,,,,,"",https://cdn.shopify.com/s/files/1/1020/9912/4593/files/9B571831-B56D-43C1-BB3F-31F5199A0BB2.jpg?v=1785764958,2,"",,,,,,,,,,,,,,,,,,,,kg,,,
fendy-silk-embroidery-sequence-real-mirror-work-sharara-set-with-dupatta,,,,,,,,,L,,,,,,,,,0.0,shopify,10,deny,manual,1550.00,,true,false,,,,,"",https://cdn.shopify.com/s/files/1/1020/9912/4593/files/A462AAD7-D668-49A3-A43B-790542EDFE79.jpg?v=1785764958,3,"",,,,,,,,,,,,,,,,,,,,kg,,,
fendy-silk-embroidery-sequence-real-mirror-work-sharara-set-with-dupatta,,,,,,,,,XL,,,,,,,,,0.0,shopify,10,deny,manual,1550.00,,true,false,,,,,"",https://cdn.shopify.com/s/files/1/1020/9912/4593/files/21CAE095-1E5B-479D-87B8-C7C37791C604.jpg?v=1785764958,4,"",,,,,,,,,,,,,,,,,,,,kg,,,
fendy-silk-embroidery-sequence-real-mirror-work-sharara-set-with-dupatta,,,,,,,,,2XL,,,,,,,,,0.0,shopify,10,deny,manual,1550.00,,true,false,,,,,"",https://cdn.shopify.com/s/files/1/1020/9912/4593/files/17A58B0C-7988-4467-B2FB-F4AF6DC2068E.jpg?v=1785764958,5,"",,,,,,,,,,,,,,,,,,,,kg,,,
premium-roman-silk-embroidered-anarkali-set-with-chanderi-dupatta,Premium Roman Silk Embroidered Anarkali Set With Chanderi Dupatta,"<p><span>ANARKALI DETAILS</span><span><br> </span><span>• Fabric : Roman Silk</span><span><br> </span><span>• Work : Embroidery Sequence Work</span><span><br> </span><span>• Inner : Heavy Micro Cotton</span><span><br> </span><span>• Sleeves : Full Sleeves</span><span><br> </span><span>• Length : 48–49 Inches</span><span><br> </span><span>• Flair : 3.75 Meters</span><span><br> </span><span>• Size : M(38), L(40), XL(42), XXL(44) | Fully Stitched Ready To Wear</span></p>
<p><span>BOTTOM DETAILS</span><span><br> </span><span>• Fabric : Roman Silk</span><span><br> </span><span>• Length : 39–40 Inches</span></p>
<p><span>DUPATTA DETAILS</span><span><br> </span><span>• Fabric : Chanderi</span><span><br> </span><span>• Work : Embroidery Sequence Work</span><span><br> </span><span>• Length : 2.10 Meters</span></p>",Anjuclothing ,Apparel & Accessories > Clothing > Traditional & Ceremonial Clothing > Salwar Kameez & Suit Sets,"","",true,Colour,Orange,,Size,M,,,,,,0.0,shopify,10,deny,manual,1799.00,3500.00,true,false,,,,,"",https://cdn.shopify.com/s/files/1/1020/9912/4593/files/861B9AD8-63A0-4EBF-976D-833485C0FC8E.png?v=1789204660,1,"",false,,,,,,,,,,round,,,,,long,,,,kg,,,active
premium-roman-silk-embroidered-anarkali-set-with-chanderi-dupatta,,,,,,,,,Orange,,,L,,,,,,0.0,shopify,10,deny,manual,1799.00,3500.00,true,false,,,,,"",https://cdn.shopify.com/s/files/1/1020/9912/4593/files/1FC89621-3E63-4EF3-A6CD-B89AE887CCDF.jpg?v=1786279013,2,"",,,,,,,,,,,,,,,,,,,,kg,,,
premium-roman-silk-embroidered-anarkali-set-with-chanderi-dupatta,,,,,,,,,Orange,,,XL,,,,,,0.0,shopify,10,deny,manual,1799.00,3500.00,true,false,,,,,"",https://cdn.shopify.com/s/files/1/1020/9912/4593/files/F11DFA2F-2A9E-45F4-B7B0-7D1962EB2546.jpg?v=1785655121,3,"",,,,,,,,,,,,,,,,,,,,kg,,,
premium-roman-silk-embroidered-anarkali-set-with-chanderi-dupatta,,,,,,,,,Orange,,,2XL,,,,,,0.0,shopify,10,deny,manual,1799.00,3500.00,true,false,,,,,"",https://cdn.shopify.com/s/files/1/1020/9912/4593/files/4CFE9F25-0E23-4D0A-9338-688C0814984A.jpg?v=1785655121,4,"",,,,,,,,,,,,,,,,,,,,kg,,,
premium-roman-silk-embroidered-anarkali-set-with-chanderi-dupatta,,,,,,,,,Pink,,,M,,,,,,0.0,shopify,10,deny,manual,1799.00,3500.00,true,false,,,,,"",https://cdn.shopify.com/s/files/1/1020/9912/4593/files/B126E547-1BD1-4D95-BEB6-D96731CAD3D9.jpg?v=1785655121,5,"",,,,,,,,,,,,,,,,,,,,kg,,,
premium-roman-silk-embroidered-anarkali-set-with-chanderi-dupatta,,,,,,,,,Pink,,,L,,,,,,0.0,shopify,10,deny,manual,1799.00,3500.00,true,false,,,,,"",https://cdn.shopify.com/s/files/1/1020/9912/4593/files/0D7CE489-3D62-4CBD-9A5D-1866369A2713.jpg?v=1786279013,6,"",,,,,,,,,,,,,,,,,,,,kg,,,
premium-roman-silk-embroidered-anarkali-set-with-chanderi-dupatta,,,,,,,,,Pink,,,XL,,,,,,0.0,shopify,10,deny,manual,1799.00,3500.00,true,false,,,,,"",https://cdn.shopify.com/s/files/1/1020/9912/4593/files/0CF3EBC1-C336-4670-841E-21D49B4C6E4E.jpg?v=1786279013,7,"",,,,,,,,,,,,,,,,,,,,kg,,,
premium-roman-silk-embroidered-anarkali-set-with-chanderi-dupatta,,,,,,,,,Pink,,,2XL,,,,,,0.0,shopify,10,deny,manual,1799.00,3500.00,true,false,,,,,"",https://cdn.shopify.com/s/files/1/1020/9912/4593/files/F73E93EC-7D69-4AE0-BAA1-7D2A2F902ED2.jpg?v=1788873116,8,"",,,,,,,,,,,,,,,,,,,,kg,,,
premium-roman-silk-embroidered-anarkali-set-with-chanderi-dupatta,,,,,,,,,Black,,,M,,,,,,0.0,shopify,10,deny,manual,1799.00,3500.00,true,false,,,,,"",https://cdn.shopify.com/s/files/1/1020/9912/4593/files/BE6DB8C5-2082-45D6-9B84-D0A03D5185FD.jpg?v=1788873116,9,"",,,,,,,,,,,,,,,,,,,,kg,,,
premium-roman-silk-embroidered-anarkali-set-with-chanderi-dupatta,,,,,,,,,Black,,,L,,,,,,0.0,shopify,10,deny,manual,1799.00,3500.00,true,false,,,,,"",https://cdn.shopify.com/s/files/1/1020/9912/4593/files/6247DA6B-B987-4128-972B-41A8158932DA.jpg?v=1789032641,10,"",,,,,,,,,,,,,,,,,,,,kg,,,
premium-roman-silk-embroidered-anarkali-set-with-chanderi-dupatta,,,,,,,,,Black,,,XL,,,,,,0.0,shopify,10,deny,manual,1799.00,3500.00,true,false,,,,,"",https://cdn.shopify.com/s/files/1/1020/9912/4593/files/4532C47E-03E4-4EF0-8B08-C5F99A083330.jpg?v=1789032640,11,"",,,,,,,,,,,,,,,,,,,,kg,,,
premium-roman-silk-embroidered-anarkali-set-with-chanderi-dupatta,,,,,,,,,Black,,,2XL,,,,,,0.0,shopify,10,deny,manual,1799.00,3500.00,true,false,,,,,"",,,,,,,,,,,,,,,,,,,,,,,kg,,,
premium-roman-silk-embroidered-anarkali-set-with-chanderi-dupatta,,,,,,,,,Red,,,M,,,,,,0.0,shopify,10,deny,manual,1799.00,3500.00,true,false,,,,,"",,,,,,,,,,,,,,,,,,,,,,,kg,,,
premium-roman-silk-embroidered-anarkali-set-with-chanderi-dupatta,,,,,,,,,Red,,,L,,,,,,0.0,shopify,10,deny,manual,1799.00,3500.00,true,false,,,,,"",,,,,,,,,,,,,,,,,,,,,,,kg,,,
premium-roman-silk-embroidered-anarkali-set-with-chanderi-dupatta,,,,,,,,,Red,,,XL,,,,,,0.0,shopify,10,deny,manual,1799.00,3500.00,true,false,,,,,"",,,,,,,,,,,,,,,,,,,,,,,kg,,,
premium-roman-silk-embroidered-anarkali-set-with-chanderi-dupatta,,,,,,,,,Red,,,2XL,,,,,,0.0,shopify,10,deny,manual,1799.00,3500.00,true,false,,,,,"",,,,,,,,,,,,,,,,,,,,,,,kg,,,
premium-roman-silk-embroidered-anarkali-set-with-chanderi-dupatta,,,,,,,,,Yellow,,,M,,,,,,0.0,shopify,10,deny,manual,1799.00,3500.00,true,false,,,,,"",,,,,,,,,,,,,,,,,,,,,,,kg,,,
premium-roman-silk-embroidered-anarkali-set-with-chanderi-dupatta,,,,,,,,,Yellow,,,L,,,,,,0.0,shopify,10,deny,manual,1799.00,3500.00,true,false,,,,,"",,,,,,,,,,,,,,,,,,,,,,,kg,,,
premium-roman-silk-embroidered-anarkali-set-with-chanderi-dupatta,,,,,,,,,Yellow,,,XL,,,,,,0.0,shopify,10,deny,manual,1799.00,3500.00,true,false,,,,,"",,,,,,,,,,,,,,,,,,,,,,,kg,,,
premium-roman-silk-embroidered-anarkali-set-with-chanderi-dupatta,,,,,,,,,Yellow,,,2XL,,,,,,0.0,shopify,10,deny,manual,1799.00,3500.00,true,false,,,,,"",,,,,,,,,,,,,,,,,,,,,,,kg,,,
satin-silk-kurta-set-with-palazzo-and-dupatta,Satin Silk Kurta Set with Palazzo and Dupatta,"<p><span>Top (Kurta) Details:</span></p>
<ul>
<li><span>Fabric: Satin Silk</span></li>
<li><span>Work: Weaving with Fancy Coin Lace</span></li>
<li><span>Lining: Soft Micro Cotton</span></li>
<li><span>Length: 36 inches</span></li>
<li><span>Sizes Available: M (38), L (40), XL (42), XXL (44) with 3XL margin</span></li>
<li><span>Stitching: Fully Stitched</span></li>
</ul>
<p><span>Palazzo Details:</span></p>
<ul>
<li><span>Fabric: Natural Crepe</span></li>
<li><span>Fit: Fully Stitched with Stretchable Elastic Waist (Up to Size 44)</span></li>
<li><span>Length: 40 inches</span></li>
</ul>
<p><span>Dupatta Details:</span></p>
<ul>
<li><span>Fabric: Satin Silk</span></li>
<li><span>Work: Weaving</span></li>
<li><span>Length: 2.2 meters</span></li>
</ul>",Anjuclothing ,,"","",true,Size,M,,,,,,,,,0.0,shopify,10,deny,manual,2250.00,5500.00,true,false,,,,,"",https://cdn.shopify.com/s/files/1/1020/9912/4593/files/F67A7589-99AA-4920-9894-FDF504689791.png?v=1789204660,1,"",false,,,,,,,,,,,,,,,,,,,kg,,,active
satin-silk-kurta-set-with-palazzo-and-dupatta,,,,,,,,,L,,,,,,,,,0.0,shopify,10,deny,manual,2250.00,5500.00,true,false,,,,,"",https://cdn.shopify.com/s/files/1/1020/9912/4593/files/3F594B4E-938E-490C-8519-3F81D0633C33.jpg?v=1785597118,2,"",,,,,,,,,,,,,,,,,,,,kg,,,
satin-silk-kurta-set-with-palazzo-and-dupatta,,,,,,,,,XL,,,,,,,,,0.0,shopify,10,deny,manual,2250.00,5500.00,true,false,,,,,"",https://cdn.shopify.com/s/files/1/1020/9912/4593/files/524131D7-DA00-4C48-8F1D-7C01127526A8.jpg?v=1785597119,3,"",,,,,,,,,,,,,,,,,,,,kg,,,
satin-silk-kurta-set-with-palazzo-and-dupatta,,,,,,,,,2XL,,,,,,,,,0.0,shopify,10,deny,manual,2250.00,5500.00,true,false,,,,,"",https://cdn.shopify.com/s/files/1/1020/9912/4593/files/6F3894EF-42E1-444D-960E-CCF432162D4B.jpg?v=1785597119,4,"",,,,,,,,,,,,,,,,,,,,kg,,,
satin-silk-kurta-set-with-palazzo-and-dupatta,,,,,,,,,,,,,,,,,,,,,,,,,,,,,,,"",https://cdn.shopify.com/s/files/1/1020/9912/4593/files/F2A2E98D-C885-4E00-9CA7-2F4686E78A70.jpg?v=1785597119,5,"",,,,,,,,,,,,,,,,,,,,,,,
satin-silk-kurta-set-with-palazzo-and-dupatta,,,,,,,,,,,,,,,,,,,,,,,,,,,,,,,"",https://cdn.shopify.com/s/files/1/1020/9912/4593/files/196EEF4C-3EA6-4A54-AD08-B33F3F48DFF2.jpg?v=1785597119,6,"",,,,,,,,,,,,,,,,,,,,,,,
satin-silk-kurta-set-with-palazzo-and-dupatta,,,,,,,,,,,,,,,,,,,,,,,,,,,,,,,"",https://cdn.shopify.com/s/files/1/1020/9912/4593/files/6D40B6B5-37BF-4D8E-9896-FBBEC9A6E4C2.jpg?v=1785597118,7,"",,,,,,,,,,,,,,,,,,,,,,,
premium-crunchy-silk-co-ord-set-with-shirt-plazzo,Premium Crunchy Silk Co-Ord Set With Shirt & Plazzo,"<p><span>TOP DETAILS</span><span><br> </span><span>• Fabric : Crunchy Silk</span><span><br> </span><span>• Work : Handwork Neckline</span><span><br> </span><span>• Inner : Cotton (Full Inner Top To Bottom)</span><span><br> </span><span>• Neck : Round Neck</span><span><br> </span><span>• Length : 20 Inches</span><span><br> </span><span>• Stitching : Standard Stitching With Adjustable Drawstring</span><span><br> </span><span>• Size : M(38), L(40), XL(42), XXL(44) | Fully Stitched Ready To Wear</span></p>
<p><span>SHIRT DETAILS</span><span><br> </span><span>• Fabric : Crunchy Silk</span><span><br> </span><span>• Sleeves : Regular Full Sleeves</span><span><br> </span><span>• Length : 22 Inches</span></p>
<p><span>PLAZZO DETAILS</span><span><br> </span><span>• Fabric : Crunchy Silk</span><span><br> </span><span>• Inner : Micro Cotton Silk</span><span><br> </span><span>• Length : 40 Inches</span><span><br> </span><span>• Size : Free Size | Fully Stitched</span></p>",Anjuclothing ,,"","",true,Colour,Pink,,Size,M,,,,,,0.0,shopify,10,deny,manual,1499.00,,true,false,,,,,"",https://cdn.shopify.com/s/files/1/1020/9912/4593/files/92BFD06F-4F1D-40F2-9B88-A5303D183D7F.png?v=1789204660,1,"",false,,,,,,,,,,,,,,,,,,,kg,,,active
premium-crunchy-silk-co-ord-set-with-shirt-plazzo,,,,,,,,,Lavender,,,M,,,,,,0.0,shopify,10,deny,manual,1499.00,,true,false,,,,,"",https://cdn.shopify.com/s/files/1/1020/9912/4593/files/48800132-9507-4F7F-987F-EEFD00AEFF5F.jpg?v=1785498054,2,"",,,,,,,,,,,,,,,,,,,,kg,,,
premium-crunchy-silk-co-ord-set-with-shirt-plazzo,,,,,,,,,Pink,,,L,,,,,,0.0,shopify,10,deny,manual,1499.00,,true,false,,,,,"",https://cdn.shopify.com/s/files/1/1020/9912/4593/files/775F5C98-3086-4F07-BB75-B37AE7EF0E9F.jpg?v=1785498054,3,"",,,,,,,,,,,,,,,,,,,,kg,,,
premium-crunchy-silk-co-ord-set-with-shirt-plazzo,,,,,,,,,Pink,,,XL,,,,,,0.0,shopify,10,deny,manual,1499.00,,true,false,,,,,"",https://cdn.shopify.com/s/files/1/1020/9912/4593/files/F96456C8-958E-4A01-98D4-41173A215311.jpg?v=1785498054,4,"",,,,,,,,,,,,,,,,,,,,kg,,,
premium-crunchy-silk-co-ord-set-with-shirt-plazzo,,,,,,,,,Pink,,,2XL,,,,,,0.0,shopify,10,deny,manual,1499.00,,true,false,,,,,"",https://cdn.shopify.com/s/files/1/1020/9912/4593/files/5F3BD8CC-609C-4368-9DE5-B33F1BF84928.jpg?v=1785498054,5,"",,,,,,,,,,,,,,,,,,,,kg,,,
premium-crunchy-silk-co-ord-set-with-shirt-plazzo,,,,,,,,,Lavender,,,L,,,,,,0.0,shopify,10,deny,manual,1499.00,,true,false,,,,,"",https://cdn.shopify.com/s/files/1/1020/9912/4593/files/A033B253-F350-4D60-8E73-637F6F15FAA7.jpg?v=1785498898,6,"",,,,,,,,,,,,,,,,,,,,kg,,,
premium-crunchy-silk-co-ord-set-with-shirt-plazzo,,,,,,,,,Lavender,,,XL,,,,,,0.0,shopify,10,deny,manual,1499.00,,true,false,,,,,"",https://cdn.shopify.com/s/files/1/1020/9912/4593/files/D9F3D72F-57C3-492F-9211-F7F1C8D82ABE.jpg?v=1785498898,7,"",,,,,,,,,,,,,,,,,,,,kg,,,
premium-crunchy-silk-co-ord-set-with-shirt-plazzo,,,,,,,,,Lavender,,,2XL,,,,,,0.0,shopify,10,deny,manual,1499.00,,true,false,,,,,"",https://cdn.shopify.com/s/files/1/1020/9912/4593/files/703330CB-F15E-4CE2-9643-5B7F4117C5A3.jpg?v=1785514827,8,"",,,,,,,,,,,,,,,,,,,,kg,,,
premium-crunchy-silk-co-ord-set-with-shirt-plazzo,,,,,,,,,,,,,,,,,,,,,,,,,,,,,,,"",https://cdn.shopify.com/s/files/1/1020/9912/4593/files/6CC9F71B-2E47-4CED-BD21-5FA2840B112C.jpg?v=1785514827,9,"",,,,,,,,,,,,,,,,,,,,,,,
premium-natural-crepe-embroidered-palazzo-set-with-dupatta,Premium Natural Crepe Embroidered Palazzo Set With Dupatta,"<p><span>TOP DETAILS</span><span><br> </span><span>• Fabric : Heavy Pure Natural Crepe</span><span><br> </span><span>• Work : Heavy Embroidery &amp; Cut Work</span><span><br> </span><span>• Inner : Micro</span><span><br> </span><span>• Length : 36 Inches</span><span><br> </span><span>• Size : M(38), L(40), XL(42), XXL(44) | Fully Stitched Ready To Wear</span></p>
<p><span>PLAZZO DETAILS</span><span><br> </span><span>• Fabric : Heavy Pure Natural Crepe</span><span><br> </span><span>• Length : 41 Inches</span><span><br> </span><span>• Size : Fully Stitched Up To Size 44 With Stretchable Elastic Waist</span></p>
<p><span>DUPATTA DETAILS</span><span><br> </span><span>• Fabric : Heavy Pure Natural Crepe</span><span><br> </span><span>• Work : Heavy Embroidery &amp; Four-Side Cut Work</span><span><br> </span><span>• Length : 2.20 Meters</span></p>",Anjuclothing ,,"","",true,Size,M,,,,,,,,,0.0,shopify,10,deny,manual,1450.00,,true,false,,,,,"",https://cdn.shopify.com/s/files/1/1020/9912/4593/files/C5202A1D-B4F8-4A42-A234-6552D0E9346F.png?v=1789204660,1,"",false,,,,,,,,,,,,,,,,,,,kg,,,active
premium-natural-crepe-embroidered-palazzo-set-with-dupatta,,,,,,,,,L,,,,,,,,,0.0,shopify,10,deny,manual,1450.00,,true,false,,,,,"",https://cdn.shopify.com/s/files/1/1020/9912/4593/files/50C120FA-0A31-4627-8786-4656E4D25B77.jpg?v=1785480626,2,"",,,,,,,,,,,,,,,,,,,,kg,,,
premium-natural-crepe-embroidered-palazzo-set-with-dupatta,,,,,,,,,XL,,,,,,,,,0.0,shopify,10,deny,manual,1450.00,,true,false,,,,,"",https://cdn.shopify.com/s/files/1/1020/9912/4593/files/20F2AFDE-20B6-464B-A510-9A5BE7C835C3.jpg?v=1785480626,3,"",,,,,,,,,,,,,,,,,,,,kg,,,
premium-natural-crepe-embroidered-palazzo-set-with-dupatta,,,,,,,,,2XL,,,,,,,,,0.0,shopify,10,deny,manual,1450.00,,true,false,,,,,"",https://cdn.shopify.com/s/files/1/1020/9912/4593/files/C830FE4F-529F-48CD-918A-E2EB0A7C61D1.jpg?v=1785480626,4,"",,,,,,,,,,,,,,,,,,,,kg,,,
premium-natural-crepe-embroidered-palazzo-set-with-dupatta,,,,,,,,,,,,,,,,,,,,,,,,,,,,,,,"",https://cdn.shopify.com/s/files/1/1020/9912/4593/files/6FDBF3BF-11A5-4C49-B434-AE2DEB7A9CA6.jpg?v=1785480626,5,"",,,,,,,,,,,,,,,,,,,,,,,
designer-faux-georgette-embroidered-gown-with-pant-and-dupatta-set,Designer Faux Georgette Embroidered Gown with Pant and Dupatta Set,"<p><span>Gown (Top) Details:</span></p>
<ul>
<li><span>Fabric: Heavy Faux Georgette</span></li>
<li><span>Work: Embroidery Work</span></li>
<li><span>Sleeves: Full Sleeves</span></li>
<li><span>Inner: Heavy Micro Cotton</span></li>
<li><span>Length: 48–49 inches</span></li>
<li><span>Flair: 7 meters</span></li>
<li><span>Sizes Available: M (38), L (40), XL (42), XXL (44)</span></li>
<li><span>Stitching: Fully Stitched</span></li>
</ul>
<p><span>Pant Details:</span></p>
<ul>
<li><span>Fabric: Heavy Micro Cotton</span></li>
<li><span>Waist: Elastic</span></li>
<li><span>Length: 40–41 inches</span></li>
<li><span>Stitching: Fully Stitched</span></li>
</ul>
<p><span>Dupatta Details:</span></p>
<ul>
<li><span>Fabric: Heavy Faux Georgette</span></li>
<li><span>Work: Embroidery with Lace Border</span></li>
</ul>",Anjuclothing ,,"","",true,Colour,White,,Size,M,,,,,,0.0,shopify,10,deny,manual,1650.00,,true,false,,,,,"",https://cdn.shopify.com/s/files/1/1020/9912/4593/files/A7C29944-F6E9-445A-8A92-6900FDFCB3DD.png?v=1789204660,1,"",false,,,,,,,,,,,,,,,,,,,kg,,,active
designer-faux-georgette-embroidered-gown-with-pant-and-dupatta-set,,,,,,,,,Black,,,M,,,,,,0.0,shopify,10,deny,manual,1650.00,,true,false,,,,,"",https://cdn.shopify.com/s/files/1/1020/9912/4593/files/4B8E6B69-499A-4CD4-88F9-986F2EF41B1B.jpg?v=1785477631,2,"",,,,,,,,,,,,,,,,,,,,kg,,,
designer-faux-georgette-embroidered-gown-with-pant-and-dupatta-set,,,,,,,,,White,,,L,,,,,,0.0,shopify,10,deny,manual,1650.00,,true,false,,,,,"",https://cdn.shopify.com/s/files/1/1020/9912/4593/files/ACC513E8-FAFC-48F9-A325-4E451EC28062.jpg?v=1785477631,3,"",,,,,,,,,,,,,,,,,,,,kg,,,
designer-faux-georgette-embroidered-gown-with-pant-and-dupatta-set,,,,,,,,,White,,,XL,,,,,,0.0,shopify,10,deny,manual,1650.00,,true,false,,,,,"",https://cdn.shopify.com/s/files/1/1020/9912/4593/files/0EBAE0C8-DB3A-4425-88A0-F069657C1C87.jpg?v=1785477631,4,"",,,,,,,,,,,,,,,,,,,,kg,,,
designer-faux-georgette-embroidered-gown-with-pant-and-dupatta-set,,,,,,,,,White,,,2XL,,,,,,0.0,shopify,10,deny,manual,1650.00,,true,false,,,,,"",https://cdn.shopify.com/s/files/1/1020/9912/4593/files/A849076F-7F80-4A5F-B112-7506F6AF772C.jpg?v=1785477631,5,"",,,,,,,,,,,,,,,,,,,,kg,,,
designer-faux-georgette-embroidered-gown-with-pant-and-dupatta-set,,,,,,,,,Black,,,L,,,,,,0.0,shopify,10,deny,manual,1650.00,,true,false,,,,,"",https://cdn.shopify.com/s/files/1/1020/9912/4593/files/B5C58FFC-3524-472F-8D5F-CBDA7526BB80.jpg?v=1785477631,6,"",,,,,,,,,,,,,,,,,,,,kg,,,
designer-faux-georgette-embroidered-gown-with-pant-and-dupatta-set,,,,,,,,,Black,,,XL,,,,,,0.0,shopify,10,deny,manual,1650.00,,true,false,,,,,"",,,,,,,,,,,,,,,,,,,,,,,kg,,,
designer-faux-georgette-embroidered-gown-with-pant-and-dupatta-set,,,,,,,,,Black,,,2XL,,,,,,0.0,shopify,10,deny,manual,1650.00,,true,false,,,,,"",,,,,,,,,,,,,,,,,,,,,,,kg,,,
crunchy-silk-farshi-salwar-suit-with-swarovski-work,Crunchy Silk Farshi Salwar Suit with Swarovski Work,"<p><span>Top (Kurta) Details:</span></p>
<ul>
<li><span>Fabric: Crunchy Silk</span></li>
<li><span>Work: Swarovski Work with Fancy Lace Detailing</span></li>
<li><span>Neckline: Square Neck</span></li>
<li><span>Sleeves: Regular Full Sleeves</span></li>
<li><span>Length: 34 inches</span></li>
<li><span>Lining: Cotton Full Inner (Top to Bottom)</span></li>
<li><span>Sizes Available: S (36), M (38), L (40), XL (42), XXL (44)</span></li>
<li><span>Stitching: Fully Stitched</span></li>
</ul>
<p><span>Farshi Salwar Details:</span></p>
<ul>
<li><span>Fabric: Crunchy Silk</span></li>
<li><span>Work: Swarovski Diamond Work</span></li>
<li><span>Inner: Micro Cotton Silk</span></li>
<li><span>Size: Free Size</span></li>
<li><span>Length: 38 inches</span></li>
<li><span>Stitching: Fully Stitched</span></li>
</ul>
<p><span>Dupatta Details:</span></p>
<ul>
<li><span>Fabric: Crunchy Silk</span></li>
<li><span>Work: Swarovski Diamond Work with Lace Border</span></li>
<li><span>Length: 2.20 meters</span></li>
</ul>",Anjuclothing ,,"","",true,Colour,Lavender,,Size,S,,,,,,0.0,shopify,10,deny,manual,1299.00,2500.00,true,false,,,,,"",https://cdn.shopify.com/s/files/1/1020/9912/4593/files/85C60426-F60D-4D7B-9120-82A083EA4DC1.png?v=1789204660,1,"",false,,,,,,,,,,,,,,,,,,,kg,,,active
crunchy-silk-farshi-salwar-suit-with-swarovski-work,,,,,,,,,Skyblue,,,S,,,,,,0.0,shopify,10,deny,manual,1299.00,2500.00,true,false,,,,,"",https://cdn.shopify.com/s/files/1/1020/9912/4593/files/1E28A470-8156-43B5-B08F-7DF1F0FC127E.jpg?v=1785400074,2,"",,,,,,,,,,,,,,,,,,,https://cdn.shopify.com/s/files/1/1020/9912/4593/files/4F4FA2F5-3D3E-4A7C-BA9A-69715B57B378.jpg?v=1785400074,kg,,,
crunchy-silk-farshi-salwar-suit-with-swarovski-work,,,,,,,,,Pink,,,S,,,,,,0.0,shopify,10,deny,manual,1299.00,2500.00,true,false,,,,,"",https://cdn.shopify.com/s/files/1/1020/9912/4593/files/4F4FA2F5-3D3E-4A7C-BA9A-69715B57B378.jpg?v=1785400074,3,"",,,,,,,,,,,,,,,,,,,https://cdn.shopify.com/s/files/1/1020/9912/4593/files/C5A1118C-85A2-4C63-B156-9C313036C3F7.jpg?v=1785400074,kg,,,
crunchy-silk-farshi-salwar-suit-with-swarovski-work,,,,,,,,,Lavender,,,M,,,,,,0.0,shopify,10,deny,manual,1299.00,2500.00,true,false,,,,,"",https://cdn.shopify.com/s/files/1/1020/9912/4593/files/C5A1118C-85A2-4C63-B156-9C313036C3F7.jpg?v=1785400074,4,"",,,,,,,,,,,,,,,,,,,,kg,,,
crunchy-silk-farshi-salwar-suit-with-swarovski-work,,,,,,,,,Lavender,,,L,,,,,,0.0,shopify,10,deny,manual,1299.00,2500.00,true,false,,,,,"",https://cdn.shopify.com/s/files/1/1020/9912/4593/files/94969DD2-B335-4D49-B837-88E257603024.jpg?v=1785400074,5,"",,,,,,,,,,,,,,,,,,,,kg,,,
crunchy-silk-farshi-salwar-suit-with-swarovski-work,,,,,,,,,Lavender,,,XL,,,,,,0.0,shopify,10,deny,manual,1299.00,2500.00,true,false,,,,,"",https://cdn.shopify.com/s/files/1/1020/9912/4593/files/DD6ED13C-715C-4842-8766-1A2233B126A3.jpg?v=1785400074,6,"",,,,,,,,,,,,,,,,,,,,kg,,,
crunchy-silk-farshi-salwar-suit-with-swarovski-work,,,,,,,,,Lavender,,,2XL,,,,,,0.0,shopify,10,deny,manual,1299.00,2500.00,true,false,,,,,"",https://cdn.shopify.com/s/files/1/1020/9912/4593/files/9A6A7C1F-6FD5-42F6-AA0E-7F577933F241.jpg?v=1785400074,7,"",,,,,,,,,,,,,,,,,,,,kg,,,
crunchy-silk-farshi-salwar-suit-with-swarovski-work,,,,,,,,,Skyblue,,,M,,,,,,0.0,shopify,10,deny,manual,1299.00,2500.00,true,false,,,,,"",https://cdn.shopify.com/s/files/1/1020/9912/4593/files/F650B704-2427-4593-9E9B-34B0A15BAFBC.jpg?v=1785400074,8,"",,,,,,,,,,,,,,,,,,,https://cdn.shopify.com/s/files/1/1020/9912/4593/files/4F4FA2F5-3D3E-4A7C-BA9A-69715B57B378.jpg?v=1785400074,kg,,,
crunchy-silk-farshi-salwar-suit-with-swarovski-work,,,,,,,,,Skyblue,,,L,,,,,,0.0,shopify,10,deny,manual,1299.00,2500.00,true,false,,,,,"",https://cdn.shopify.com/s/files/1/1020/9912/4593/files/1CFBF2A1-225F-446E-8E29-0BCCF69B31FF.jpg?v=1785400074,9,"",,,,,,,,,,,,,,,,,,,https://cdn.shopify.com/s/files/1/1020/9912/4593/files/4F4FA2F5-3D3E-4A7C-BA9A-69715B57B378.jpg?v=1785400074,kg,,,
crunchy-silk-farshi-salwar-suit-with-swarovski-work,,,,,,,,,Skyblue,,,XL,,,,,,0.0,shopify,10,deny,manual,1299.00,2500.00,true,false,,,,,"",https://cdn.shopify.com/s/files/1/1020/9912/4593/files/0C37FCF8-65AC-4F90-9608-9B7D839B34D8.jpg?v=1785400074,10,"",,,,,,,,,,,,,,,,,,,https://cdn.shopify.com/s/files/1/1020/9912/4593/files/4F4FA2F5-3D3E-4A7C-BA9A-69715B57B378.jpg?v=1785400074,kg,,,
crunchy-silk-farshi-salwar-suit-with-swarovski-work,,,,,,,,,Skyblue,,,2XL,,,,,,0.0,shopify,10,deny,manual,1299.00,2500.00,true,false,,,,,"",https://cdn.shopify.com/s/files/1/1020/9912/4593/files/567456BB-E787-4092-99E8-41AA2CFF6B6F.jpg?v=1785400074,11,"",,,,,,,,,,,,,,,,,,,https://cdn.shopify.com/s/files/1/1020/9912/4593/files/4F4FA2F5-3D3E-4A7C-BA9A-69715B57B378.jpg?v=1785400074,kg,,,
crunchy-silk-farshi-salwar-suit-with-swarovski-work,,,,,,,,,Pink,,,M,,,,,,0.0,shopify,10,deny,manual,1299.00,2500.00,true,false,,,,,"",https://cdn.shopify.com/s/files/1/1020/9912/4593/files/7B007D59-C250-4E5D-9B3C-AF5014F16B96.jpg?v=1785400074,12,"",,,,,,,,,,,,,,,,,,,https://cdn.shopify.com/s/files/1/1020/9912/4593/files/C5A1118C-85A2-4C63-B156-9C313036C3F7.jpg?v=1785400074,kg,,,
crunchy-silk-farshi-salwar-suit-with-swarovski-work,,,,,,,,,Pink,,,L,,,,,,0.0,shopify,10,deny,manual,1299.00,2500.00,true,false,,,,,"",,,,,,,,,,,,,,,,,,,,,,https://cdn.shopify.com/s/files/1/1020/9912/4593/files/C5A1118C-85A2-4C63-B156-9C313036C3F7.jpg?v=1785400074,kg,,,
crunchy-silk-farshi-salwar-suit-with-swarovski-work,,,,,,,,,Pink,,,XL,,,,,,0.0,shopify,10,deny,manual,1299.00,2500.00,true,false,,,,,"",,,,,,,,,,,,,,,,,,,,,,https://cdn.shopify.com/s/files/1/1020/9912/4593/files/C5A1118C-85A2-4C63-B156-9C313036C3F7.jpg?v=1785400074,kg,,,
crunchy-silk-farshi-salwar-suit-with-swarovski-work,,,,,,,,,Pink,,,2XL,,,,,,0.0,shopify,10,deny,manual,1299.00,2500.00,true,false,,,,,"",,,,,,,,,,,,,,,,,,,,,,https://cdn.shopify.com/s/files/1/1020/9912/4593/files/C5A1118C-85A2-4C63-B156-9C313036C3F7.jpg?v=1785400074,kg,,,
heavy-natural-crepe-farshi-kurta-pant-set,Heavy Natural Crepe Farshi kurta pant set,"<p><span>Top (Kurta) Details:</span></p>
<ul>
<li><span>Fabric: Heavy Pure Natural Crepe</span></li>
<li><span>Design: Fully Fancy Sleeves</span></li>
<li><span>Inner: Micro Cotton</span></li>
<li><span>Sizes Available: M (38), L (40), XL (42), XXL (44)</span></li>
<li><span>Stitching: Fully Stitched</span></li>
</ul>
<p><span>Farshi Pant Details:</span></p>
<ul>
<li><span>Fabric: Heavy Pure Natural Crepe</span></li>
<li><span>Inner: Heavy Micro Cotton</span></li>
<li><span>Length: 40–41 inches</span></li>
<li><span>Stitching: Fully Stitched</span></li>
</ul>
<p><span>Dupatta Details:</span></p>
<ul>
<li><span>Fabric: Nazmin</span></li>
</ul>",Anjuclothing ,,"","",true,Size,M,,,,,,,,,0.0,shopify,10,deny,manual,1450.00,,true,false,,,,,"",https://cdn.shopify.com/s/files/1/1020/9912/4593/files/01C446CE-1C52-48B4-BE62-95703EF3E9B7.png?v=1789220007,1,"",false,,,,,,,,,,,,,,,,,,,kg,,,active
heavy-natural-crepe-farshi-kurta-pant-set,,,,,,,,,L,,,,,,,,,0.0,shopify,10,deny,manual,1450.00,,true,false,,,,,"",https://cdn.shopify.com/s/files/1/1020/9912/4593/files/A621151B-BA32-476F-8909-627B220B1B05.jpg?v=1785380115,2,"",,,,,,,,,,,,,,,,,,,,kg,,,
heavy-natural-crepe-farshi-kurta-pant-set,,,,,,,,,XL,,,,,,,,,0.0,shopify,10,deny,manual,1450.00,,true,false,,,,,"",https://cdn.shopify.com/s/files/1/1020/9912/4593/files/282961AB-A2E1-4598-ABDD-694384B9880D.jpg?v=1785380115,3,"",,,,,,,,,,,,,,,,,,,,kg,,,
heavy-natural-crepe-farshi-kurta-pant-set,,,,,,,,,2XL,,,,,,,,,0.0,shopify,10,deny,manual,1450.00,,true,false,,,,,"",https://cdn.shopify.com/s/files/1/1020/9912/4593/files/FA8686EC-0999-4C7D-8279-041888F752E3.jpg?v=1785380115,4,"",,,,,,,,,,,,,,,,,,,,kg,,,
heavy-natural-crepe-farshi-kurta-pant-set,,,,,,,,,,,,,,,,,,,,,,,,,,,,,,,"",https://cdn.shopify.com/s/files/1/1020/9912/4593/files/582FE995-8322-4903-9913-5BD7E5A550A5.jpg?v=1785380115,5,"",,,,,,,,,,,,,,,,,,,,,,,
heavy-natural-crepe-kurta-set-with-farshi-pant-and-nazmin-dupatta,Heavy Natural Crepe Kurta Set with Farshi Pant and Nazmin Dupatta,"<p><span>Top (Kurta) Details:</span></p>
<ul>
<li><span>Fabric: Heavy Pure Natural Crepe</span></li>
<li><span>Design: Fully Fancy Sleeves</span></li>
<li><span>Inner: Micro Cotton</span></li>
<li><span>Sizes Available: M (38), L (40), XL (42), XXL (44)</span></li>
<li><span>Stitching: Fully Stitched</span></li>
</ul>
<p><span>Farshi Pant Details:</span></p>
<ul>
<li><span>Fabric: Heavy Pure Natural Crepe</span></li>
<li><span>Inner: Heavy Micro Cotton</span></li>
<li><span>Length: 40–41 inches</span></li>
<li><span>Stitching: Fully Stitched</span></li>
</ul>
<p><span>Dupatta Details:</span></p>
<ul>
<li><span>Fabric: Nazmin</span></li>
</ul>",Anjuclothing ,,"","",true,Size,M,,,,,,,,,0.0,shopify,10,deny,manual,1450.00,,true,false,,,,,"",https://cdn.shopify.com/s/files/1/1020/9912/4593/files/114A3F00-3E90-4B3C-BDE9-FC8729F683B4.png?v=1789220007,1,"",false,,,,,,,,,,,,,,,,,,,kg,,,active
heavy-natural-crepe-kurta-set-with-farshi-pant-and-nazmin-dupatta,,,,,,,,,L,,,,,,,,,0.0,shopify,10,deny,manual,1450.00,,true,false,,,,,"",https://cdn.shopify.com/s/files/1/1020/9912/4593/files/B6EE5E21-FE47-4BE9-A3AC-B3EDF3D6734D.jpg?v=1785379473,2,"",,,,,,,,,,,,,,,,,,,,kg,,,
heavy-natural-crepe-kurta-set-with-farshi-pant-and-nazmin-dupatta,,,,,,,,,XL,,,,,,,,,0.0,shopify,10,deny,manual,1450.00,,true,false,,,,,"",https://cdn.shopify.com/s/files/1/1020/9912/4593/files/E410AFCF-4DCB-4B54-9537-8E65AF0AA4AB.jpg?v=1785379473,3,"",,,,,,,,,,,,,,,,,,,,kg,,,
heavy-natural-crepe-kurta-set-with-farshi-pant-and-nazmin-dupatta,,,,,,,,,2XL,,,,,,,,,0.0,shopify,10,deny,manual,1450.00,,true,false,,,,,"",https://cdn.shopify.com/s/files/1/1020/9912/4593/files/C7FB709B-1366-4A94-8BEF-D632763024DC.jpg?v=1785379473,4,"",,,,,,,,,,,,,,,,,,,,kg,,,
heavy-natural-crepe-kurta-set-with-farshi-pant-and-nazmin-dupatta,,,,,,,,,,,,,,,,,,,,,,,,,,,,,,,"",https://cdn.shopify.com/s/files/1/1020/9912/4593/files/094FB66F-EEFA-4381-B660-486858053481.jpg?v=1785379474,5,"",,,,,,,,,,,,,,,,,,,,,,,
heavy-pure-cambric-cotton-kurta-set-with-farshi-pant-and-dupatta,Heavy Pure Cambric Cotton Kurta Set with Farshi Pant and Dupatta,"<p><span>Top (Kurta) Details:</span></p>
<ul>
<li><span>Fabric: Heavy Pure Cambric Cotton</span></li>
<li><span>Design: Fully Fancy Sleeves with Latkan</span></li>
<li><span>Inner: Micro Cotton</span></li>
<li><span>Length: 30–31 inches</span></li>
<li><span>Sizes Available: S (36), M (38), L (40), XL (42), XXL (44), 3XL (46) with margin</span></li>
<li><span>Stitching: Fully Stitched</span></li>
</ul>
<p><span>Farshi Pant Details:</span></p>
<ul>
<li><span>Fabric: Heavy Pure Cambric Cotton</span></li>
<li><span>Inner: Heavy Micro Cotton</span></li>
<li><span>Length: 40–41 inches</span></li>
<li><span>Stitching: Fully Stitched</span></li>
</ul>
<p><span>Dupatta Details:</span></p>
<ul>
<li><span>Fabric: Heavy Pure Cambric Cotton</span></li>
<li><span>Length: 2.20 meters</span></li>
</ul>",Anjuclothing ,,"","",true,Size,S,,,,,,,,,0.0,shopify,10,deny,manual,1499.00,,true,false,,,,,"",https://cdn.shopify.com/s/files/1/1020/9912/4593/files/643E82FD-0C3F-4AA7-8E03-4069462A3CC8.png?v=1789220007,1,"",false,,,,,,,,,,,,,,,,,,,kg,,,active
heavy-pure-cambric-cotton-kurta-set-with-farshi-pant-and-dupatta,,,,,,,,,M,,,,,,,,,0.0,shopify,10,deny,manual,1499.00,,true,false,,,,,"",https://cdn.shopify.com/s/files/1/1020/9912/4593/files/091D67D5-D7CC-4DD7-944D-AC8A455FD8D1.jpg?v=1785378966,2,"",,,,,,,,,,,,,,,,,,,,kg,,,
heavy-pure-cambric-cotton-kurta-set-with-farshi-pant-and-dupatta,,,,,,,,,L,,,,,,,,,0.0,shopify,10,deny,manual,1499.00,,true,false,,,,,"",https://cdn.shopify.com/s/files/1/1020/9912/4593/files/3B3364F8-A53C-41B0-BD56-B7CAD5F25678.jpg?v=1785378966,3,"",,,,,,,,,,,,,,,,,,,,kg,,,
heavy-pure-cambric-cotton-kurta-set-with-farshi-pant-and-dupatta,,,,,,,,,XL,,,,,,,,,0.0,shopify,10,deny,manual,1499.00,,true,false,,,,,"",https://cdn.shopify.com/s/files/1/1020/9912/4593/files/C2222BCC-385E-4570-9BB1-A2F86D8A8913.jpg?v=1785378967,4,"",,,,,,,,,,,,,,,,,,,,kg,,,
heavy-pure-cambric-cotton-kurta-set-with-farshi-pant-and-dupatta,,,,,,,,,2XL,,,,,,,,,0.0,shopify,10,deny,manual,1499.00,,true,false,,,,,"",,,,,,,,,,,,,,,,,,,,,,,kg,,,
heavy-pure-cambric-cotton-kurta-set-with-farshi-pant-and-dupatta,,,,,,,,,3XL,,,,,,,,,0.0,shopify,10,deny,manual,1499.00,,true,false,,,,,"",,,,,,,,,,,,,,,,,,,,,,,kg,,,
designer-indo-western-crunchy-silk-crop-top-palazzo-set,Designer Indo-Western Crunchy Silk Crop Top Palazzo Set,"<p><span>Crop Top Details:</span></p>
<ul>
<li><span>Fabric: Crunchy Silk</span></li>
<li><span>Work: Embroidery Thread and Sequence Work</span></li>
<li><span>Sleeves: Sleeve Fabric Attached Inside</span></li>
<li><span>Inner: Pure Micro Cotton Full Lining</span></li>
</ul>
<p><span>Dupatta Details:</span></p>
<ul>
<li><span>Type: Neck Belt Style Dupatta</span></li>
<li><span>Fabric: Crunchy Silk</span></li>
<li><span>Work: Fancy Lace Work</span></li>
</ul>
<p><span>Palazzo Details:</span></p>
<ul>
<li><span>Fabric: Pure Crunchy Silk</span></li>
<li><span>Size: Free Size</span></li>
<li><span>Stitching: Fully Stitched</span></li>
<li><span>Flair: 2+2 meters</span></li>
</ul>
<p><span>Available Sizes:</span><span> XS (34), S (36), M (38), L (40), XL (42)</span></p>",Anjuclothing ,Apparel & Accessories > Clothing > Traditional & Ceremonial Clothing > Salwar Kameez & Suit Sets,"","",true,Size,Xs,,,,,,,,,0.0,shopify,10,deny,manual,1499.00,2500.00,true,false,,,,,"",https://cdn.shopify.com/s/files/1/1020/9912/4593/files/54580230-CE61-42E8-AB89-EA566CA2F41E.png?v=1789220007,1,"",false,,,,,,,,,,round,,,,,sleeveless,,,,kg,,,active
designer-indo-western-crunchy-silk-crop-top-palazzo-set,,,,,,,,,S,,,,,,,,,0.0,shopify,10,deny,manual,1499.00,2500.00,true,false,,,,,"",https://cdn.shopify.com/s/files/1/1020/9912/4593/files/649ED451-0BC7-4BD6-8CC2-7423BC39B666.jpg?v=1785331362,2,"",,,,,,,,,,,,,,,,,,,,kg,,,
designer-indo-western-crunchy-silk-crop-top-palazzo-set,,,,,,,,,M,,,,,,,,,0.0,shopify,10,deny,manual,1499.00,2500.00,true,false,,,,,"",https://cdn.shopify.com/s/files/1/1020/9912/4593/files/DB06F0EF-EA20-4243-9629-E238D6BF00E1.jpg?v=1785331362,3,"",,,,,,,,,,,,,,,,,,,,kg,,,
designer-indo-western-crunchy-silk-crop-top-palazzo-set,,,,,,,,,L,,,,,,,,,0.0,shopify,10,deny,manual,1499.00,2500.00,true,false,,,,,"",https://cdn.shopify.com/s/files/1/1020/9912/4593/files/7E18936D-64A5-45CA-97AE-F43C1C3D6824.jpg?v=1785331362,4,"",,,,,,,,,,,,,,,,,,,,kg,,,
designer-indo-western-crunchy-silk-crop-top-palazzo-set,,,,,,,,,XL,,,,,,,,,0.0,shopify,10,deny,manual,1499.00,2500.00,true,false,,,,,"",https://cdn.shopify.com/s/files/1/1020/9912/4593/files/6F70A407-E921-498B-ADA1-8F9336821320.jpg?v=1785331362,5,"",,,,,,,,,,,,,,,,,,,,kg,,,
crunchy-silk-embroidered-kurta-set-with-bell-bottom-and-dupatta,Crunchy Silk Embroidered Kurta Set with Bell Bottom and Dupatta,"<p><span>Kurta Details:</span></p>
<ul>
<li><span>Fabric: Crunchy Silk</span></li>
<li><span>Work: Embroidery with Sequence and Zari Work</span></li>
<li><span>Design: Back Side Fancy Dori Pattern</span></li>
<li><span>Sizes Available: XS (34), S (36), M (38), L (40), XL (42), XXL (44)</span></li>
</ul>
<p><span>Bottom (Bell Bottom) Details:</span></p>
<ul>
<li><span>Fabric: Crunchy Silk</span></li>
<li><span>Length: 40–41 inches</span></li>
<li><span>Stitching: Fully Stitched</span></li>
</ul>
<p><span>Dupatta Details:</span></p>
<ul>
<li><span>Fabric: Crunchy Silk</span></li>
<li><span>Work: Embroidery with Sequence and Zari Border with Fancy Lace Work</span></li>
<li><span>Length: 2.2 meters</span></li>
</ul>",Anjuclothing ,,"","",true,Size,XS,,,,,,,,,0.0,shopify,10,deny,manual,1650.00,,true,false,,,,,"",https://cdn.shopify.com/s/files/1/1020/9912/4593/files/D73F1269-6778-4043-B2CC-522CBB4E249F.png?v=1789220007,1,"",false,,,,,,,,,,,,,,,,,,,kg,,,active
crunchy-silk-embroidered-kurta-set-with-bell-bottom-and-dupatta,,,,,,,,,S,,,,,,,,,0.0,shopify,10,deny,manual,1650.00,,true,false,,,,,"",https://cdn.shopify.com/s/files/1/1020/9912/4593/files/1AFDF501-403C-40F1-8A76-D9CC449BFED1.jpg?v=1785311514,2,"",,,,,,,,,,,,,,,,,,,,kg,,,
crunchy-silk-embroidered-kurta-set-with-bell-bottom-and-dupatta,,,,,,,,,M,,,,,,,,,0.0,shopify,10,deny,manual,1650.00,,true,false,,,,,"",https://cdn.shopify.com/s/files/1/1020/9912/4593/files/D4389352-C1C6-4EB7-8D50-118643FE5305.jpg?v=1785311523,3,"",,,,,,,,,,,,,,,,,,,,kg,,,
crunchy-silk-embroidered-kurta-set-with-bell-bottom-and-dupatta,,,,,,,,,L,,,,,,,,,0.0,shopify,10,deny,manual,1650.00,,true,false,,,,,"",https://cdn.shopify.com/s/files/1/1020/9912/4593/files/3B3D8B47-0576-42F1-B656-CDE3BE529813.jpg?v=1785311514,4,"",,,,,,,,,,,,,,,,,,,,kg,,,
crunchy-silk-embroidered-kurta-set-with-bell-bottom-and-dupatta,,,,,,,,,XL,,,,,,,,,0.0,shopify,10,deny,manual,1650.00,,true,false,,,,,"",https://cdn.shopify.com/s/files/1/1020/9912/4593/files/F891C09A-3452-4128-BBB1-BB699A65C15C.jpg?v=1785311514,5,"",,,,,,,,,,,,,,,,,,,,kg,,,
crunchy-silk-embroidered-kurta-set-with-bell-bottom-and-dupatta,,,,,,,,,2XL,,,,,,,,,0.0,shopify,10,deny,manual,1650.00,,true,false,,,,,"",,,,,,,,,,,,,,,,,,,,,,,kg,,,
wine-heavy-fendy-silk-embroidered-kurta-set-with-farshi-shalwar-and-dupatta,Wine Heavy Fendy Silk Embroidered Kurta Set with Farshi Shalwar and Dupatta,"<p><span>Kurta (Top) Details:</span></p>
<ul>
<li><span>Fabric: Heavy Fendy Silk</span></li>
<li><span>Work: Embroidery with Sequence and Zari Work</span></li>
<li><span>Design: Beautiful Front and Sleeve Work with Back Side Dori Closure Pattern</span></li>
</ul>
<p><span>Dupatta Details:</span></p>
<ul>
<li><span>Fabric: Glass Roman Silk</span></li>
<li><span>Length: 2.2 meters</span></li>
<li><span>Work: Embroidery with Sequence and Zari Border</span></li>
<li><span>Finish: Fancy Lace Work</span></li>
</ul>
<p><span>Farshi Shalwar Details:</span></p>
<ul>
<li><span>Fabric: Heavy Fendy Silk</span></li>
<li><span>Size: Free Size</span></li>
<li><span>Stitching: Fully Stitched</span></li>
</ul>
<p><span>Available Sizes:</span><span> XS (34), S (36), M (38), L (40), XL (42), XXL (44)</span></p>",Anjuclothing ,,"","",true,Size,XS,,,,,,,,,0.0,shopify,10,deny,manual,1599.00,,true,false,,,,,"",https://cdn.shopify.com/s/files/1/1020/9912/4593/files/1C65A859-D0AA-432C-8BC9-29FD1C954281.png?v=1789220007,1,"",false,,,,,,,,,,,,,,,,,,,kg,,,active
wine-heavy-fendy-silk-embroidered-kurta-set-with-farshi-shalwar-and-dupatta,,,,,,,,,S,,,,,,,,,0.0,shopify,10,deny,manual,1599.00,,true,false,,,,,"",https://cdn.shopify.com/s/files/1/1020/9912/4593/files/423F0543-6F1B-4C81-A83B-D73CD5623B4D.jpg?v=1785311233,2,"",,,,,,,,,,,,,,,,,,,,kg,,,
wine-heavy-fendy-silk-embroidered-kurta-set-with-farshi-shalwar-and-dupatta,,,,,,,,,M,,,,,,,,,0.0,shopify,10,deny,manual,1599.00,,true,false,,,,,"",https://cdn.shopify.com/s/files/1/1020/9912/4593/files/D4CFC205-1DE8-4274-ABB9-5DA18998295D.jpg?v=1785311232,3,"",,,,,,,,,,,,,,,,,,,,kg,,,
wine-heavy-fendy-silk-embroidered-kurta-set-with-farshi-shalwar-and-dupatta,,,,,,,,,L,,,,,,,,,0.0,shopify,10,deny,manual,1599.00,,true,false,,,,,"",https://cdn.shopify.com/s/files/1/1020/9912/4593/files/B45FF959-A8CE-450A-A76B-0478978A5D95.jpg?v=1785311232,4,"",,,,,,,,,,,,,,,,,,,,kg,,,
wine-heavy-fendy-silk-embroidered-kurta-set-with-farshi-shalwar-and-dupatta,,,,,,,,,XL,,,,,,,,,0.0,shopify,10,deny,manual,1599.00,,true,false,,,,,"",https://cdn.shopify.com/s/files/1/1020/9912/4593/files/F4E724BF-5B81-49FE-AE03-EAEED8F72318.jpg?v=1785311232,5,"",,,,,,,,,,,,,,,,,,,,kg,,,
wine-heavy-fendy-silk-embroidered-kurta-set-with-farshi-shalwar-and-dupatta,,,,,,,,,2XL,,,,,,,,,0.0,shopify,10,deny,manual,1599.00,,true,false,,,,,"",,,,,,,,,,,,,,,,,,,,,,,kg,,,
teal-blue-crunchy-silk-embroidered-kurta-set-with-bell-bottom-pant-and-dupatta,Teal Blue Crunchy Silk Embroidered Kurta Set with Bell Bottom Pant and Dupatta,"<p><span>Kurta (Top) Details:</span></p>
<ul>
<li><span>Fabric: Crunchy Silk</span></li>
<li><span>Work: Embroidery with Sequence and Zari Work</span></li>
<li><span>Design: Back Side Fancy Dori Pattern</span></li>
</ul>
<p><span>Dupatta Details:</span></p>
<ul>
<li><span>Fabric: Crunchy Silk</span></li>
<li><span>Length: 2.2 meters</span></li>
<li><span>Work: Embroidery with Sequence and Zari Border and Fancy Lace Work</span></li>
</ul>
<p><span>Bell Bottom Pant Details:</span></p>
<ul>
<li><span>Fabric: Crunchy Silk</span></li>
<li><span>Inner: Full Micro Cotton Lining</span></li>
<li><span>Size: Free Size</span></li>
<li><span>Stitching: Fully Stitched</span></li>
</ul>
<p><span>Available Sizes:</span><span> XS (34), S (36), M (38), L (40), XL (42), XXL (44)</span></p>",Anjuclothing ,,"","",true,Size,XS,,,,,,,,,0.0,shopify,10,deny,manual,1599.00,,true,false,,,,,"",https://cdn.shopify.com/s/files/1/1020/9912/4593/files/464D0B88-C0D8-48A3-916C-8193C7AB5987.png?v=1789220007,1,"",false,,,,,,,,,,,,,,,,,,,kg,,,active
teal-blue-crunchy-silk-embroidered-kurta-set-with-bell-bottom-pant-and-dupatta,,,,,,,,,S,,,,,,,,,0.0,shopify,10,deny,manual,1599.00,,true,false,,,,,"",https://cdn.shopify.com/s/files/1/1020/9912/4593/files/212D28D9-9B83-4B6F-939E-4B37A6CCAA3A.jpg?v=1785311088,2,"",,,,,,,,,,,,,,,,,,,,kg,,,
teal-blue-crunchy-silk-embroidered-kurta-set-with-bell-bottom-pant-and-dupatta,,,,,,,,,M,,,,,,,,,0.0,shopify,10,deny,manual,1599.00,,true,false,,,,,"",https://cdn.shopify.com/s/files/1/1020/9912/4593/files/FDF70D87-BFD9-42EC-981B-C2A5F28F4230.jpg?v=1785311088,3,"",,,,,,,,,,,,,,,,,,,,kg,,,
teal-blue-crunchy-silk-embroidered-kurta-set-with-bell-bottom-pant-and-dupatta,,,,,,,,,L,,,,,,,,,0.0,shopify,10,deny,manual,1599.00,,true,false,,,,,"",https://cdn.shopify.com/s/files/1/1020/9912/4593/files/74D11A95-43A6-4306-9F5E-495AF501E9D6.jpg?v=1785311087,4,"",,,,,,,,,,,,,,,,,,,,kg,,,
teal-blue-crunchy-silk-embroidered-kurta-set-with-bell-bottom-pant-and-dupatta,,,,,,,,,XL,,,,,,,,,0.0,shopify,10,deny,manual,1599.00,,true,false,,,,,"",https://cdn.shopify.com/s/files/1/1020/9912/4593/files/760AE7F6-C2BB-4270-B3CA-CFD474AFB384.jpg?v=1785311088,5,"",,,,,,,,,,,,,,,,,,,,kg,,,
teal-blue-crunchy-silk-embroidered-kurta-set-with-bell-bottom-pant-and-dupatta,,,,,,,,,2XL,,,,,,,,,0.0,shopify,10,deny,manual,1599.00,,true,false,,,,,"",,,,,,,,,,,,,,,,,,,,,,,kg,,,
premium-zimi-chu-sequence-work-saree-with-satin-silk-blouse,Premium Zimi Chu Sequence Work Saree With Satin Silk Blouse,"<p><span>SAREE DETAILS</span><span><br> </span><span>• Fabric : Zimi Chu</span><span><br> </span><span>• Work : 3mm Sequence Work With Arco Border</span><span><br> </span><span>• Length : 5.50 Meters</span><span><br> </span><span>• Border : Double Arco Border</span></p>
<p><span>BLOUSE DETAILS</span><span><br> </span><span>• Fabric : Satin Silk</span><span><br> </span><span>• Type : Unstitched</span></p>",Anjuclothing ,,"","",true,Colour,Dark pink,,,,,,,,,0.0,shopify,10,deny,manual,899.00,,true,false,,,,,"",https://cdn.shopify.com/s/files/1/1020/9912/4593/files/E2D6BF42-EEE6-4DE3-A3AE-2D44875F17B6.png?v=1789220006,1,"",false,,,,,,,,,,,,,,,,,,https://cdn.shopify.com/s/files/1/1020/9912/4593/files/62FB54E4-06C5-4EA9-917D-D0DB3C34BE3A.jpg?v=1785250435,kg,,,active
premium-zimi-chu-sequence-work-saree-with-satin-silk-blouse,,,,,,,,,Skyblue,,,,,,,,,0.0,shopify,10,deny,manual,899.00,,true,false,,,,,"",https://cdn.shopify.com/s/files/1/1020/9912/4593/files/62FB54E4-06C5-4EA9-917D-D0DB3C34BE3A.jpg?v=1785250435,2,"",,,,,,,,,,,,,,,,,,,https://cdn.shopify.com/s/files/1/1020/9912/4593/files/C3398B36-D114-4E24-B78E-6112C187D8BD.jpg?v=1785250435,kg,,,
premium-zimi-chu-sequence-work-saree-with-satin-silk-blouse,,,,,,,,,Navy blue,,,,,,,,,0.0,shopify,10,deny,manual,899.00,,true,false,,,,,"",https://cdn.shopify.com/s/files/1/1020/9912/4593/files/9CBCC872-6C7C-44B2-A840-78A6D78235CE.jpg?v=1785250435,3,"",,,,,,,,,,,,,,,,,,,https://cdn.shopify.com/s/files/1/1020/9912/4593/files/6348A0D2-4682-4284-B58C-2A3BB00C666B.jpg?v=1785250435,kg,,,
premium-zimi-chu-sequence-work-saree-with-satin-silk-blouse,,,,,,,,,Purple,,,,,,,,,0.0,shopify,10,deny,manual,899.00,,true,false,,,,,"",https://cdn.shopify.com/s/files/1/1020/9912/4593/files/48AC0B87-E44D-48AE-BA5D-91E189A0DBA5.jpg?v=1785250435,4,"",,,,,,,,,,,,,,,,,,,https://cdn.shopify.com/s/files/1/1020/9912/4593/files/81F2FF62-01B8-4AF0-A035-D49B66F51542.jpg?v=1785250435,kg,,,
premium-zimi-chu-sequence-work-saree-with-satin-silk-blouse,,,,,,,,,Onion pink,,,,,,,,,0.0,shopify,10,deny,manual,899.00,,true,false,,,,,"",https://cdn.shopify.com/s/files/1/1020/9912/4593/files/6348A0D2-4682-4284-B58C-2A3BB00C666B.jpg?v=1785250435,5,"",,,,,,,,,,,,,,,,,,,https://cdn.shopify.com/s/files/1/1020/9912/4593/files/8E720E69-90D1-4AA4-8344-B747F7A2C4CD.jpg?v=1785250435,kg,,,
premium-zimi-chu-sequence-work-saree-with-satin-silk-blouse,,,,,,,,,Teal,,,,,,,,,0.0,shopify,10,deny,manual,899.00,,true,false,,,,,"",https://cdn.shopify.com/s/files/1/1020/9912/4593/files/81F2FF62-01B8-4AF0-A035-D49B66F51542.jpg?v=1785250435,6,"",,,,,,,,,,,,,,,,,,,https://cdn.shopify.com/s/files/1/1020/9912/4593/files/48AC0B87-E44D-48AE-BA5D-91E189A0DBA5.jpg?v=1785250435,kg,,,
premium-zimi-chu-sequence-work-saree-with-satin-silk-blouse,,,,,,,,,Pink,,,,,,,,,0.0,shopify,10,deny,manual,899.00,,true,false,,,,,"",https://cdn.shopify.com/s/files/1/1020/9912/4593/files/8E720E69-90D1-4AA4-8344-B747F7A2C4CD.jpg?v=1785250435,7,"",,,,,,,,,,,,,,,,,,,https://cdn.shopify.com/s/files/1/1020/9912/4593/files/DAA41CB5-FCBD-4E7E-B37C-5D521B3250B7.jpg?v=1785250435,kg,,,
premium-zimi-chu-sequence-work-saree-with-satin-silk-blouse,,,,,,,,,,,,,,,,,,,,,,,,,,,,,,,"",https://cdn.shopify.com/s/files/1/1020/9912/4593/files/C3398B36-D114-4E24-B78E-6112C187D8BD.jpg?v=1785250435,8,"",,,,,,,,,,,,,,,,,,,,,,,
premium-zimi-chu-sequence-work-saree-with-satin-silk-blouse,,,,,,,,,,,,,,,,,,,,,,,,,,,,,,,"",https://cdn.shopify.com/s/files/1/1020/9912/4593/files/DAA41CB5-FCBD-4E7E-B37C-5D521B3250B7.jpg?v=1785250435,9,"",,,,,,,,,,,,,,,,,,,,,,,
premium-zimi-chu-sequence-work-saree-with-satin-silk-blouse,,,,,,,,,,,,,,,,,,,,,,,,,,,,,,,"",https://cdn.shopify.com/s/files/1/1020/9912/4593/files/3E78D53B-E484-4DB6-873C-680142B69B43.jpg?v=1785250435,10,"",,,,,,,,,,,,,,,,,,,,,,,
premium-zimi-chu-sequence-work-saree-with-satin-silk-blouse,,,,,,,,,,,,,,,,,,,,,,,,,,,,,,,"",https://cdn.shopify.com/s/files/1/1020/9912/4593/files/483521E9-F9B3-481F-9462-1F295756464B.jpg?v=1785250435,11,"",,,,,,,,,,,,,,,,,,,,,,,
premium-zimi-chu-sequence-work-saree-with-satin-silk-blouse,,,,,,,,,,,,,,,,,,,,,,,,,,,,,,,"",https://cdn.shopify.com/s/files/1/1020/9912/4593/files/C9DD1C9F-8A34-414C-AE22-1678EA710296.jpg?v=1785250435,12,"",,,,,,,,,,,,,,,,,,,,,,,
premium-zimi-chu-sequence-work-saree-with-satin-silk-blouse,,,,,,,,,,,,,,,,,,,,,,,,,,,,,,,"",https://cdn.shopify.com/s/files/1/1020/9912/4593/files/2A33C42B-3391-4235-BE6E-7D6E7B39691D.jpg?v=1785250435,13,"",,,,,,,,,,,,,,,,,,,,,,,
premium-zimi-chu-sequence-work-saree-with-satin-silk-blouse,,,,,,,,,,,,,,,,,,,,,,,,,,,,,,,"",https://cdn.shopify.com/s/files/1/1020/9912/4593/files/B46CB8BE-E02C-43B7-8E5B-138FC6BD101B.jpg?v=1785250435,14,"",,,,,,,,,,,,,,,,,,,,,,,
premium-zimi-chu-sequence-work-saree-with-satin-silk-blouse,,,,,,,,,,,,,,,,,,,,,,,,,,,,,,,"",https://cdn.shopify.com/s/files/1/1020/9912/4593/files/01661FDC-11FE-4C70-9483-1FAB4E817F3F.jpg?v=1785250435,15,"",,,,,,,,,,,,,,,,,,,,,,,
premium-nc-vichitra-silk-embroidered-farshi-shalwar-suit-set-with-dupatta,Premium NC Vichitra Silk Embroidered Farshi Shalwar Suit Set With Dupatta,"<p><span>TOP DETAILS</span><span><br> </span><span>• Fabric : NC Vichitra Silk</span><span><br> </span><span>• Work : Embroidery Sequence, Dori &amp; Jari Work With Beautiful Front Yoke Pattern</span><span><br> </span><span>• Size : XS(34), S(36), M(38), L(40), XL(42), XXL(44) | Fully Stitched Ready To Wear</span></p>
<p><span>FARSHI SHALWAR DETAILS</span><span><br> </span><span>• Fabric : NC Vichitra Silk</span><span><br> </span><span>• Size : Free Size | Fully Stitched</span></p>
<p><span>DUPATTA DETAILS</span><span><br> </span><span>• Fabric : NC Vichitra Silk</span><span><br> </span><span>• Work : Embroidery Sequence, Dori &amp; Jari Work With Fancy Lace Border</span><span><br> </span><span>• Length : 2.2 Meters</span></p>",Anjuclothing ,Apparel & Accessories > Clothing > Traditional & Ceremonial Clothing > Salwar Kameez & Suit Sets,"","",true,Size,Xs,,,,,,,,,0.0,shopify,0,deny,manual,1650.00,3500.00,true,false,,,,,"",https://cdn.shopify.com/s/files/1/1020/9912/4593/files/85FAFA43-3355-4372-8BF5-87E8B53AB884.png?v=1789220006,1,"",false,,,,,,,,,,,,,,,,,,,kg,,,active
premium-nc-vichitra-silk-embroidered-farshi-shalwar-suit-set-with-dupatta,,,,,,,,,S,,,,,,,,,0.0,shopify,0,deny,manual,1650.00,3500.00,true,false,,,,,"",https://cdn.shopify.com/s/files/1/1020/9912/4593/files/D472D72B-99AE-4A76-A338-1F94F6822776.jpg?v=1785248313,2,"",,,,,,,,,,,,,,,,,,,,kg,,,
premium-nc-vichitra-silk-embroidered-farshi-shalwar-suit-set-with-dupatta,,,,,,,,,M,,,,,,,,,0.0,shopify,0,deny,manual,1650.00,3500.00,true,false,,,,,"",https://cdn.shopify.com/s/files/1/1020/9912/4593/files/81746369-B96E-4FB3-81A0-CB806F1D7945.jpg?v=1785248313,3,"",,,,,,,,,,,,,,,,,,,,kg,,,
premium-nc-vichitra-silk-embroidered-farshi-shalwar-suit-set-with-dupatta,,,,,,,,,L,,,,,,,,,0.0,shopify,0,deny,manual,1650.00,3500.00,true,false,,,,,"",https://cdn.shopify.com/s/files/1/1020/9912/4593/files/6D0E2669-E133-4585-BB01-61F2E1D44730.jpg?v=1785248313,4,"",,,,,,,,,,,,,,,,,,,,kg,,,
premium-nc-vichitra-silk-embroidered-farshi-shalwar-suit-set-with-dupatta,,,,,,,,,XL,,,,,,,,,0.0,shopify,0,deny,manual,1650.00,3500.00,true,false,,,,,"",,,,,,,,,,,,,,,,,,,,,,,kg,,,
premium-nc-vichitra-silk-embroidered-farshi-shalwar-suit-set-with-dupatta,,,,,,,,,2XL,,,,,,,,,0.0,shopify,0,deny,manual,1650.00,3500.00,true,false,,,,,"",,,,,,,,,,,,,,,,,,,,,,,kg,,,
premium-designer-embroidered-net-saree-with-diamond-border,Premium Designer Embroidered Net Saree with Diamond Border,"<p><span>Saree</span></p>
<ul>
<li><span>Fabric: Premium Net</span></li>
<li><span>Work: Beautiful embroidery, dori and heavy sequins work</span></li>
<li><span>Border: Heavy hand diamond work lace border featuring approximately 2500 hand-applied diamonds</span></li>
<li><span>Finish: Premium showroom-quality craftsmanship</span></li>
</ul>
<p><span>Inner</span></p>
<ul>
<li><span>Fabric: Silk</span></li>
<li><span>Length: 1.5 meters (Unstitched)</span></li>
</ul>
<p><span>Blouse</span></p>
<ul>
<li><span>Fabric: Premium Kasturi Silk</span></li>
<li><span>Work: Beautiful embroidery, dori and heavy sequins work with hand pearl embellishments</span></li>
<li><span>Design: Front and back fully worked with matching embroidered sleeves</span></li>
<li><span>Stitching: Unstitched</span></li>
</ul>",Anjuclothing ,,"","",true,Title,Default Title,,,,,,,,,0.0,shopify,8,deny,manual,1599.00,3500.00,true,false,,,,,"",https://cdn.shopify.com/s/files/1/1020/9912/4593/files/11297A9F-FA69-4DFC-92BB-F23AA5133EB1.png?v=1789220007,1,"",false,,,,,,,,,,,,,,,,,,,kg,,,active
premium-designer-embroidered-net-saree-with-diamond-border,,,,,,,,,,,,,,,,,,,,,,,,,,,,,,,"",https://cdn.shopify.com/s/files/1/1020/9912/4593/files/9910D30D-1FF5-4B37-BE39-301CB7423B78.jpg?v=1785210646,2,"",,,,,,,,,,,,,,,,,,,,,,,
premium-designer-embroidered-net-saree-with-diamond-border,,,,,,,,,,,,,,,,,,,,,,,,,,,,,,,"",https://cdn.shopify.com/s/files/1/1020/9912/4593/files/ABCC5A86-8B0E-452A-B6F2-CD3C5BA06C35.jpg?v=1785210646,3,"",,,,,,,,,,,,,,,,,,,,,,,
premium-designer-embroidered-net-saree-with-diamond-border,,,,,,,,,,,,,,,,,,,,,,,,,,,,,,,"",https://cdn.shopify.com/s/files/1/1020/9912/4593/files/BBDC6841-57F8-45A9-83B1-9FBADD2E94EA.jpg?v=1785210646,4,"",,,,,,,,,,,,,,,,,,,,,,,
premium-designer-embroidered-net-saree-with-diamond-border,,,,,,,,,,,,,,,,,,,,,,,,,,,,,,,"",https://cdn.shopify.com/s/files/1/1020/9912/4593/files/76F8C28E-05CF-4F36-81CC-00F2AB895CC6.jpg?v=1785210646,5,"",,,,,,,,,,,,,,,,,,,,,,,
premium-designer-embroidered-net-saree-with-diamond-border,,,,,,,,,,,,,,,,,,,,,,,,,,,,,,,"",https://cdn.shopify.com/s/files/1/1020/9912/4593/files/34B4BFAB-105C-42AD-A724-10B21E061756.jpg?v=1785210646,6,"",,,,,,,,,,,,,,,,,,,,,,,
fendy-silk-embroidered-mirror-work-sharara-set,Fendy Silk Embroidered Mirror Work Sharara Set,"<p><span>Top:</span></p>
<ul>
<li><span>Fabric: Fendy Silk</span></li>
<li><span>Design: Embroidery codding with real mirror work</span></li>
<li><span>Sleeves: Sleeveless</span></li>
<li><span>Inner: Heavy micro cotton</span></li>
<li><span>Sizes Available: S (36), M (38), L (40), XL (42), XXL (44)</span></li>
</ul>
<p><span>Bottom (Sharara Plazzo):</span></p>
<ul>
<li><span>Fabric: Fendy Silk with full flair</span></li>
<li><span>Length: 40–41 inches</span></li>
</ul>
<p><span>Dupatta:</span></p>
<ul>
<li><span>Fabric: Fendy Silk</span></li>
<li><span>Design: Real mirror work lace border</span></li>
</ul>",Anjuclothing ,Apparel & Accessories > Clothing > Traditional & Ceremonial Clothing > Salwar Kameez & Suit Sets,"","",true,Size,S,,,,,,,,,0.0,shopify,10,deny,manual,1650.00,2500.00,true,false,,,,,"",https://cdn.shopify.com/s/files/1/1020/9912/4593/files/2F90CF35-8368-452D-ACAF-A6730A6B02A5.png?v=1789220007,1,"",false,,,,,,,,,,,,,,,sleeveless,,,,kg,,,active
fendy-silk-embroidered-mirror-work-sharara-set,,,,,,,,,M,,,,,,,,,0.0,shopify,10,deny,manual,1650.00,2500.00,true,false,,,,,"",https://cdn.shopify.com/s/files/1/1020/9912/4593/files/8C8E9E8A-2325-4D7F-AD6B-68154680C3E5.jpg?v=1785148714,2,"",,,,,,,,,,,,,,,,,,,,kg,,,
fendy-silk-embroidered-mirror-work-sharara-set,,,,,,,,,L,,,,,,,,,0.0,shopify,10,deny,manual,1650.00,2500.00,true,false,,,,,"",https://cdn.shopify.com/s/files/1/1020/9912/4593/files/4293C46B-25F1-4659-BAE9-B8BCDA036F8A.jpg?v=1785148714,3,"",,,,,,,,,,,,,,,,,,,,kg,,,
fendy-silk-embroidered-mirror-work-sharara-set,,,,,,,,,XL,,,,,,,,,0.0,shopify,10,deny,manual,1650.00,2500.00,true,false,,,,,"",https://cdn.shopify.com/s/files/1/1020/9912/4593/files/37394163-71BE-4281-BF2D-1F1622255B36.jpg?v=1785148715,4,"",,,,,,,,,,,,,,,,,,,,kg,,,
fendy-silk-embroidered-mirror-work-sharara-set,,,,,,,,,2XL,,,,,,,,,0.0,shopify,10,deny,manual,1650.00,2500.00,true,false,,,,,"",https://cdn.shopify.com/s/files/1/1020/9912/4593/files/7837B9E9-AB66-4647-B465-41A9F9824C95.jpg?v=1785148714,5,"",,,,,,,,,,,,,,,,,,,,kg,,,
diamond-silk-embroidered-anarkali-gown-with-palazzo-and-dupatta-set,Diamond Silk Embroidered Anarkali Gown with Palazzo and Dupatta Set,"<p><span>Anarkali (Top) Details:</span></p>
<ul>
<li><span>Fabric: Diamond Silk</span></li>
<li><span>Work: Embroidery Work</span></li>
<li><span>Sizes Available: M (38), L (40), XL (42), XXL (44)</span></li>
<li><span>Lining: Soft Micro Cotton</span></li>
<li><span>Length: 48–49 inches</span></li>
<li><span>Flair: 4 meters</span></li>
</ul>
<p><span>Palazzo Details:</span></p>
<ul>
<li><span>Fabric: Diamond Silk</span></li>
<li><span>Size: Free Size</span></li>
<li><span>Length: 39–40 inches</span></li>
</ul>
<p><span>Dupatta Details:</span></p>
<ul>
<li><span>Fabric: Diamond Silk</span></li>
<li><span>Work: Lace Border Work</span></li>
<li><span>Width: 2.10 meters</span></li>
</ul>",Anjuclothing ,Apparel & Accessories > Clothing > Traditional & Ceremonial Clothing > Salwar Kameez & Suit Sets,"","",true,Size,M,,,,,,,,,0.0,shopify,10,deny,manual,1799.00,,true,false,,,,,"",https://cdn.shopify.com/s/files/1/1020/9912/4593/files/F25FDA36-921F-418C-B105-EE82C18F11F4.png?v=1789136680,1,"",false,,,,,,,,,,round,,,,,long,,,,kg,,,active
diamond-silk-embroidered-anarkali-gown-with-palazzo-and-dupatta-set,,,,,,,,,L,,,,,,,,,0.0,shopify,9,deny,manual,1799.00,,true,false,,,,,"",https://cdn.shopify.com/s/files/1/1020/9912/4593/files/77A7F849-4DF3-444F-91C9-B956147FA60E.jpg?v=1785126672,2,"",,,,,,,,,,,,,,,,,,,,kg,,,
diamond-silk-embroidered-anarkali-gown-with-palazzo-and-dupatta-set,,,,,,,,,XL,,,,,,,,,0.0,shopify,9,deny,manual,1799.00,,true,false,,,,,"",https://cdn.shopify.com/s/files/1/1020/9912/4593/files/34808BD0-99AB-49C3-B605-9A0C8AAE63BD.jpg?v=1785126672,3,"",,,,,,,,,,,,,,,,,,,,kg,,,
diamond-silk-embroidered-anarkali-gown-with-palazzo-and-dupatta-set,,,,,,,,,2XL,,,,,,,,,0.0,shopify,10,deny,manual,1799.00,,true,false,,,,,"",https://cdn.shopify.com/s/files/1/1020/9912/4593/files/C120B156-996D-452E-B5D6-5EA240630E1D.jpg?v=1785126672,4,"",,,,,,,,,,,,,,,,,,,,kg,,,
diamond-silk-embroidered-anarkali-gown-with-palazzo-and-dupatta-set,,,,,,,,,,,,,,,,,,,,,,,,,,,,,,,"",https://cdn.shopify.com/s/files/1/1020/9912/4593/files/75FABC3C-4694-4EFC-AD4D-95BD53CA70AC.jpg?v=1785126672,5,"",,,,,,,,,,,,,,,,,,,,,,,
premium-faux-georgette-khatli-mirror-work-anarkali-set-with-dupatta,Premium Faux Georgette Khatli Mirror Work Anarkali Set With Dupatta,"<p><span>ANARKALI DETAILS</span><span><br> </span><span>• Fabric : Heavy Faux Georgette</span><span><br> </span><span>• Work : Khatli Work With Real Mirror</span><span><br> </span><span>• Inner : Heavy Micro Cotton</span><span><br> </span><span>• Sleeves : Full Sleeves</span><span><br> </span><span>• Length : 48–49 Inches</span><span><br> </span><span>• Flair : 7-Meter Umbrella Flair</span><span><br> </span><span>• Size : M(38), L(40), XL(42), XXL(44) | Fully Stitched Ready To Wear</span></p>
<p><span>BOTTOM DETAILS</span><span><br> </span><span>• Fabric : Heavy Micro</span><span><br> </span><span>• Length : 39–40 Inches</span></p>
<p><span>DUPATTA DETAILS</span><span><br> </span><span>• Fabric : Heavy Faux Georgette</span><span><br> </span><span>• Work : Heavy Embroidery Sequence Work</span><span><br> </span><span>• Length : 2.10 Meters</span></p>",Anjuclothing ,,"","",true,Size,M,,,,,,,,,0.0,shopify,10,deny,manual,1699.00,3500.00,true,false,,,,,"",https://cdn.shopify.com/s/files/1/1020/9912/4593/files/5BBE994C-1E61-47C6-8934-665681317DA5.png?v=1789220007,1,"",false,,,,,,,,,,,,,,,,,,,kg,,,active
premium-faux-georgette-khatli-mirror-work-anarkali-set-with-dupatta,,,,,,,,,L,,,,,,,,,0.0,shopify,10,deny,manual,1699.00,3500.00,true,false,,,,,"",https://cdn.shopify.com/s/files/1/1020/9912/4593/files/6F38D128-958A-4522-86B8-76B852BBE54D.jpg?v=1785076136,2,"",,,,,,,,,,,,,,,,,,,,kg,,,
premium-faux-georgette-khatli-mirror-work-anarkali-set-with-dupatta,,,,,,,,,XL,,,,,,,,,0.0,shopify,10,deny,manual,1699.00,3500.00,true,false,,,,,"",https://cdn.shopify.com/s/files/1/1020/9912/4593/files/4E6CD0E0-0999-4CF6-A90D-4621D9FA551D.jpg?v=1785076136,3,"",,,,,,,,,,,,,,,,,,,,kg,,,
premium-faux-georgette-khatli-mirror-work-anarkali-set-with-dupatta,,,,,,,,,2XL,,,,,,,,,0.0,shopify,10,deny,manual,1699.00,3500.00,true,false,,,,,"",https://cdn.shopify.com/s/files/1/1020/9912/4593/files/D96229F7-80C0-4D59-8BDF-383363DF8DD1.jpg?v=1785076136,4,"",,,,,,,,,,,,,,,,,,,,kg,,,
premium-faux-georgette-khatli-mirror-work-anarkali-set-with-dupatta,,,,,,,,,,,,,,,,,,,,,,,,,,,,,,,"",https://cdn.shopify.com/s/files/1/1020/9912/4593/files/5B944281-B51F-4253-A30A-CEA6364BAD7E.jpg?v=1785076136,5,"",,,,,,,,,,,,,,,,,,,,,,,
premium-crunchy-silk-embroidered-bell-bottom-suit-set-with-dupatta-1,Premium Crunchy Silk Embroidered Bell Bottom Suit Set With Dupatta,"<p><span>TOP DETAILS</span><span><br> </span><span>• Fabric : Crunchy Silk</span><span><br> </span><span>• Work : Embroidery Sequence &amp; Jari Work With Back Fancy Dori Pattern</span><span><br> </span><span>• Size : XS(34), S(36), M(38), L(40), XL(42), XXL(44) | Fully Stitched Ready To Wear</span></p>
<p><span>BELL BOTTOM PANT DETAILS</span><span><br> </span><span>• Fabric : Crunchy Silk</span><span><br> </span><span>• Work : Fancy Embroidery Sequence &amp; Jari Work</span><span><br> </span><span>• Inner : Full Microscrape Cotton</span><span><br> </span><span>• Size : Free Size | Fully Stitched</span></p>
<p><span>DUPATTA DETAILS</span><span><br> </span><span>• Fabric : Crunchy Silk</span><span><br> </span><span>• Work : Embroidery Sequence &amp; Jari Work With Fancy Lace Border</span><span><br> </span><span>• Length : 2.2 Meters</span></p>",Anjuclothing ,,"","",true,Colour,Purple,,Size,XS,,,,,,0.0,shopify,10,deny,manual,1650.00,3500.00,true,false,,,,,"",https://cdn.shopify.com/s/files/1/1020/9912/4593/files/C8534A0E-F5CC-41E3-8A15-967FDD72CC3A.png?v=1789220007,1,"",false,,,,,,,,,,,,,,,,,,,kg,,,active
premium-crunchy-silk-embroidered-bell-bottom-suit-set-with-dupatta-1,,,,,,,,,Green,,,XS,,,,,,0.0,shopify,10,deny,manual,1650.00,3500.00,true,false,,,,,"",https://cdn.shopify.com/s/files/1/1020/9912/4593/files/00AF9F4C-5DC2-44ED-8767-C6ABF562820F.jpg?v=1785055383,2,"",,,,,,,,,,,,,,,,,,,,kg,,,
premium-crunchy-silk-embroidered-bell-bottom-suit-set-with-dupatta-1,,,,,,,,,Purple,,,S,,,,,,0.0,shopify,10,deny,manual,1650.00,3500.00,true,false,,,,,"",https://cdn.shopify.com/s/files/1/1020/9912/4593/files/B2EAB134-E76C-475F-9894-6D115AB9D84F.jpg?v=1785055382,3,"",,,,,,,,,,,,,,,,,,,,kg,,,
premium-crunchy-silk-embroidered-bell-bottom-suit-set-with-dupatta-1,,,,,,,,,Purple,,,M,,,,,,0.0,shopify,10,deny,manual,1650.00,3500.00,true,false,,,,,"",https://cdn.shopify.com/s/files/1/1020/9912/4593/files/B9ECF21A-978C-4D6E-82BB-5A9D0C017989.jpg?v=1785055383,4,"",,,,,,,,,,,,,,,,,,,,kg,,,
premium-crunchy-silk-embroidered-bell-bottom-suit-set-with-dupatta-1,,,,,,,,,Purple,,,L,,,,,,0.0,shopify,10,deny,manual,1650.00,3500.00,true,false,,,,,"",https://cdn.shopify.com/s/files/1/1020/9912/4593/files/34F4D173-99E2-4817-9FAF-F855C4050B3F.jpg?v=1785055383,5,"",,,,,,,,,,,,,,,,,,,,kg,,,
premium-crunchy-silk-embroidered-bell-bottom-suit-set-with-dupatta-1,,,,,,,,,Purple,,,XL,,,,,,0.0,shopify,10,deny,manual,1650.00,3500.00,true,false,,,,,"",https://cdn.shopify.com/s/files/1/1020/9912/4593/files/96797F3A-6EB1-497F-BE9F-5CA1611B37E5.jpg?v=1785055383,6,"",,,,,,,,,,,,,,,,,,,,kg,,,
premium-crunchy-silk-embroidered-bell-bottom-suit-set-with-dupatta-1,,,,,,,,,Purple,,,2XL,,,,,,0.0,shopify,10,deny,manual,1650.00,3500.00,true,false,,,,,"",https://cdn.shopify.com/s/files/1/1020/9912/4593/files/55B901B6-7739-45F4-95FE-F8446BBA54BC.jpg?v=1785055383,7,"",,,,,,,,,,,,,,,,,,,,kg,,,
premium-crunchy-silk-embroidered-bell-bottom-suit-set-with-dupatta-1,,,,,,,,,Green,,,S,,,,,,0.0,shopify,10,deny,manual,1650.00,3500.00,true,false,,,,,"",,,,,,,,,,,,,,,,,,,,,,,kg,,,
premium-crunchy-silk-embroidered-bell-bottom-suit-set-with-dupatta-1,,,,,,,,,Green,,,M,,,,,,0.0,shopify,10,deny,manual,1650.00,3500.00,true,false,,,,,"",,,,,,,,,,,,,,,,,,,,,,,kg,,,
premium-crunchy-silk-embroidered-bell-bottom-suit-set-with-dupatta-1,,,,,,,,,Green,,,L,,,,,,0.0,shopify,10,deny,manual,1650.00,3500.00,true,false,,,,,"",,,,,,,,,,,,,,,,,,,,,,,kg,,,
premium-crunchy-silk-embroidered-bell-bottom-suit-set-with-dupatta-1,,,,,,,,,Green,,,XL,,,,,,0.0,shopify,10,deny,manual,1650.00,3500.00,true,false,,,,,"",,,,,,,,,,,,,,,,,,,,,,,kg,,,
premium-crunchy-silk-embroidered-bell-bottom-suit-set-with-dupatta-1,,,,,,,,,Green,,,2XL,,,,,,0.0,shopify,10,deny,manual,1650.00,3500.00,true,false,,,,,"",,,,,,,,,,,,,,,,,,,,,,,kg,,,
premium-jimmy-silk-embroidered-kurti-palazzo-set-with-koti,Premium Jimmy Silk Embroidered Kurti Palazzo Set With Koti,"<p><span>KURTI DETAILS</span></p>
<p><span>• Fabric : Jimmy Silk</span></p>
<p><span>• Work : Heavy Embroidery Work With Back Drawstring Pattern</span></p>
<p><span>• Inner : Micron</span></p>
<p><span>• Length : 48 Inches</span></p>
<p><span>• Sleeve Length : 18 Inches</span></p>
<p><span>• Size : M(38), L(40), XL(42), XXL(44) | Fully Stitched Ready To Wear</span></p>
<p><span>PALAZZO DETAILS</span></p>
<p><span>• Fabric : Jimmy Silk</span></p>
<p><span>• Waist : Free Size | Fits Up To XXL</span></p>
<p><span>KOTI DETAILS</span></p>
<p><span>• Fabric : Jimmy Silk</span></p>
<p><span>• Work : Lace Border Sleeve Work With Back Drawstring Pattern</span></p>
<p><span>• Length : 52 Inches</span></p>",Anjuclothing ,,"","",true,Size,M,,,,,,,,,0.0,shopify,10,deny,manual,1750.00,3500.00,true,false,,,,,"",https://cdn.shopify.com/s/files/1/1020/9912/4593/files/E520B283-12CC-4ABA-93C7-76F6F622F47E.png?v=1789220007,1,"",false,,,,,,,,,,,,,,,,,,,kg,,,active
premium-jimmy-silk-embroidered-kurti-palazzo-set-with-koti,,,,,,,,,L,,,,,,,,,0.0,shopify,10,deny,manual,1750.00,3500.00,true,false,,,,,"",https://cdn.shopify.com/s/files/1/1020/9912/4593/files/F243632D-0E1F-4EBD-997C-FCADE95BD5CF.jpg?v=1785055079,2,"",,,,,,,,,,,,,,,,,,,,kg,,,
premium-jimmy-silk-embroidered-kurti-palazzo-set-with-koti,,,,,,,,,XL,,,,,,,,,0.0,shopify,10,deny,manual,1750.00,3500.00,true,false,,,,,"",https://cdn.shopify.com/s/files/1/1020/9912/4593/files/68393BBA-0E8A-4DB4-BB97-71015BD4F9E7.jpg?v=1785055079,3,"",,,,,,,,,,,,,,,,,,,,kg,,,
premium-jimmy-silk-embroidered-kurti-palazzo-set-with-koti,,,,,,,,,2XL,,,,,,,,,0.0,shopify,10,deny,manual,1750.00,3500.00,true,false,,,,,"",https://cdn.shopify.com/s/files/1/1020/9912/4593/files/B794CD15-EC29-4AB9-A053-9E6AC6981AE5.jpg?v=1785055079,4,"",,,,,,,,,,,,,,,,,,,,kg,,,
premium-jimmy-silk-embroidered-kurti-palazzo-set-with-koti,,,,,,,,,,,,,,,,,,,,,,,,,,,,,,,"",https://cdn.shopify.com/s/files/1/1020/9912/4593/files/85FF7BF7-02DC-4176-ABB4-C2CCACD11E55.jpg?v=1785055081,5,"",,,,,,,,,,,,,,,,,,,,,,,
premium-jimmy-silk-embroidered-kurti-palazzo-set-with-koti,,,,,,,,,,,,,,,,,,,,,,,,,,,,,,,"",https://cdn.shopify.com/s/files/1/1020/9912/4593/files/23D8ACD2-E324-4381-B754-8F1CAB42A011.jpg?v=1785055079,6,"",,,,,,,,,,,,,,,,,,,,,,,
premium-jimmy-silk-embroidered-kurti-palazzo-set-with-koti,,,,,,,,,,,,,,,,,,,,,,,,,,,,,,,"",https://cdn.shopify.com/s/files/1/1020/9912/4593/files/5CE34C64-5E0A-4B05-93F5-50E35511D100.jpg?v=1785055079,7,"",,,,,,,,,,,,,,,,,,,,,,,
premium-frendy-silk-embroidered-bell-bottom-suit-set-with-dupatta,Premium Frendy Silk Embroidered Bell Bottom Suit Set With Dupatta,"<p><span>TOP DETAILS</span><span><br> </span><span>• Fabric : Frendy Silk</span><span><br> </span><span>• Work : Embroidery Sequence, Dori &amp; Jari Work With Back Fancy Dori Pattern</span><span><br> </span><span>• Size : XS(34), S(36), M(38), L(40), XL(42), XXL(44) | Fully Stitched Ready To Wear</span></p>
<p><span>BELL BOTTOM PANT DETAILS</span><span><br> </span><span>• Fabric : Frendy Silk</span><span><br> </span><span>• Inner : Full Microscrape Cotton</span><span><br> </span><span>• Size : Free Size | Fully Stitched</span></p>
<p><span>DUPATTA DETAILS</span><span><br> </span><span>• Fabric : Frendy Silk</span><span><br> </span><span>• Work : Embroidery Sequence, Dori &amp; Jari Work With Fancy Lace Border</span><span><br> </span><span>• Length : 2.2 Meters</span></p>",Anjuclothing ,Apparel & Accessories > Clothing > Traditional & Ceremonial Clothing > Salwar Kameez & Suit Sets,"","",true,Colour,Skyblue,,Size,XS,,,,,,0.0,shopify,9,deny,manual,1650.00,2500.00,true,false,,,,,"",https://cdn.shopify.com/s/files/1/1020/9912/4593/files/D6E2B806-114E-4DF0-A970-1200083E3924.png?v=1789220007,1,"",false,,,,,,,,,,,,,,,sleeveless,,,,kg,,,active
premium-frendy-silk-embroidered-bell-bottom-suit-set-with-dupatta,,,,,,,,,Pink,,,XS,,,,,,0.0,shopify,10,deny,manual,1650.00,2500.00,true,false,,,,,"",https://cdn.shopify.com/s/files/1/1020/9912/4593/files/7EA93268-F6CE-4812-875D-EB16E019CE62.jpg?v=1785054713,2,"",,,,,,,,,,,,,,,,,,,,kg,,,
premium-frendy-silk-embroidered-bell-bottom-suit-set-with-dupatta,,,,,,,,,Skyblue,,,S,,,,,,0.0,shopify,10,deny,manual,1650.00,2500.00,true,false,,,,,"",https://cdn.shopify.com/s/files/1/1020/9912/4593/files/4997BE13-3AC2-4219-BB38-E5270CEEB497.jpg?v=1785054714,3,"",,,,,,,,,,,,,,,,,,,,kg,,,
premium-frendy-silk-embroidered-bell-bottom-suit-set-with-dupatta,,,,,,,,,Skyblue,,,M,,,,,,0.0,shopify,10,deny,manual,1650.00,2500.00,true,false,,,,,"",https://cdn.shopify.com/s/files/1/1020/9912/4593/files/FCC5F0BF-5D03-4748-9155-61476D607BA8.jpg?v=1785054713,4,"",,,,,,,,,,,,,,,,,,,,kg,,,
premium-frendy-silk-embroidered-bell-bottom-suit-set-with-dupatta,,,,,,,,,Skyblue,,,L,,,,,,0.0,shopify,10,deny,manual,1650.00,2500.00,true,false,,,,,"",https://cdn.shopify.com/s/files/1/1020/9912/4593/files/83099C3E-99C2-471B-A844-1B58B410A373.jpg?v=1785054713,5,"",,,,,,,,,,,,,,,,,,,,kg,,,
premium-frendy-silk-embroidered-bell-bottom-suit-set-with-dupatta,,,,,,,,,Skyblue,,,XL,,,,,,0.0,shopify,10,deny,manual,1650.00,2500.00,true,false,,,,,"",https://cdn.shopify.com/s/files/1/1020/9912/4593/files/8433BA84-00B0-497B-B9E9-67AAC25776F4.jpg?v=1785054714,6,"",,,,,,,,,,,,,,,,,,,,kg,,,
premium-frendy-silk-embroidered-bell-bottom-suit-set-with-dupatta,,,,,,,,,Skyblue,,,2XL,,,,,,0.0,shopify,10,deny,manual,1650.00,2500.00,true,false,,,,,"",https://cdn.shopify.com/s/files/1/1020/9912/4593/files/AEAE06DA-C0D0-4137-A964-52C8F00591AC.jpg?v=1785054713,7,"",,,,,,,,,,,,,,,,,,,,kg,,,
premium-frendy-silk-embroidered-bell-bottom-suit-set-with-dupatta,,,,,,,,,Pink,,,S,,,,,,0.0,shopify,10,deny,manual,1650.00,2500.00,true,false,,,,,"",https://cdn.shopify.com/s/files/1/1020/9912/4593/files/40322589-6145-49E3-B0A7-55EFB3FA56F9.jpg?v=1785054713,8,"",,,,,,,,,,,,,,,,,,,,kg,,,
premium-frendy-silk-embroidered-bell-bottom-suit-set-with-dupatta,,,,,,,,,Pink,,,M,,,,,,0.0,shopify,9,deny,manual,1650.00,2500.00,true,false,,,,,"",,,,,,,,,,,,,,,,,,,,,,,kg,,,
premium-frendy-silk-embroidered-bell-bottom-suit-set-with-dupatta,,,,,,,,,Pink,,,L,,,,,,0.0,shopify,10,deny,manual,1650.00,2500.00,true,false,,,,,"",,,,,,,,,,,,,,,,,,,,,,,kg,,,
premium-frendy-silk-embroidered-bell-bottom-suit-set-with-dupatta,,,,,,,,,Pink,,,XL,,,,,,0.0,shopify,10,deny,manual,1650.00,2500.00,true,false,,,,,"",,,,,,,,,,,,,,,,,,,,,,,kg,,,
premium-frendy-silk-embroidered-bell-bottom-suit-set-with-dupatta,,,,,,,,,Pink,,,2XL,,,,,,0.0,shopify,10,deny,manual,1650.00,2500.00,true,false,,,,,"",,,,,,,,,,,,,,,,,,,,,,,kg,,,
premium-tabby-organza-palazzo-set-with-dupatta,Premium Tabby Organza Palazzo Set With Dupatta,"<p><span>TOP DETAILS</span><span><br> </span><span>• Fabric : Tabby Organza</span><span><br> </span><span>• Work : Mukesh Work</span><span><br> </span><span>• Inner : Micro</span><span><br> </span><span>• Size : M(38), XL(42), XXL(44) With 3XL Margin | Fully Stitched Ready To Wear</span><span><br> </span><span>• Sleeves : Extra Sleeves Attached Inside</span></p>
<p><span>PALAZZO DETAILS</span><span><br> </span><span>• Fabric : Tabby Organza</span><span><br> </span><span>• Stitching : Fully Stitched Up To Size 44 With Elastic Waist</span></p>
<p><span>DUPATTA DETAILS</span><span><br> </span><span>• Fabric : Tabby Organza</span><span><br> </span><span>• Work : Mukesh Work With Four-Sided Lace Border</span><span><br> </span><span>• Length : 2.2 Meters</span></p>",Anjuclothing ,,"","",true,Colour,Red,,Size,M,,,,,,0.0,shopify,9,deny,manual,1100.00,2500.00,true,false,,,,,"",https://cdn.shopify.com/s/files/1/1020/9912/4593/files/7E889B96-82C4-4C9D-AF62-ED849ECD3A0D.png?v=1789220007,1,"",false,,,,,,,,,,,,,,,,,,,kg,,,active
premium-tabby-organza-palazzo-set-with-dupatta,,,,,,,,,Beige,,,M,,,,,,0.0,shopify,10,deny,manual,1100.00,2500.00,true,false,,,,,"",https://cdn.shopify.com/s/files/1/1020/9912/4593/files/DC15E94D-1BC1-4C50-B47A-C273746E3212.jpg?v=1785041890,2,"",,,,,,,,,,,,,,,,,,,,kg,,,
premium-tabby-organza-palazzo-set-with-dupatta,,,,,,,,,Red,,,L,,,,,,0.0,shopify,10,deny,manual,1100.00,2500.00,true,false,,,,,"",https://cdn.shopify.com/s/files/1/1020/9912/4593/files/8A3EA195-99D6-4BA7-B543-84F46D4AB715.jpg?v=1785041890,3,"",,,,,,,,,,,,,,,,,,,,kg,,,
premium-tabby-organza-palazzo-set-with-dupatta,,,,,,,,,Red,,,XL,,,,,,0.0,shopify,10,deny,manual,1100.00,2500.00,true,false,,,,,"",https://cdn.shopify.com/s/files/1/1020/9912/4593/files/EB54F3D1-4F0E-48A7-986B-E7A6CAD99579.jpg?v=1785041890,4,"",,,,,,,,,,,,,,,,,,,,kg,,,
premium-tabby-organza-palazzo-set-with-dupatta,,,,,,,,,Red,,,2XL,,,,,,0.0,shopify,10,deny,manual,1100.00,2500.00,true,false,,,,,"",https://cdn.shopify.com/s/files/1/1020/9912/4593/files/C3A22B93-A420-4102-9709-4F96AEAF4B6E.jpg?v=1785041890,5,"",,,,,,,,,,,,,,,,,,,,kg,,,
premium-tabby-organza-palazzo-set-with-dupatta,,,,,,,,,Beige,,,L,,,,,,0.0,shopify,10,deny,manual,1100.00,2500.00,true,false,,,,,"",https://cdn.shopify.com/s/files/1/1020/9912/4593/files/428AA42C-9F50-4985-B1E7-B5FF23717E00.jpg?v=1785041890,6,"",,,,,,,,,,,,,,,,,,,,kg,,,
premium-tabby-organza-palazzo-set-with-dupatta,,,,,,,,,Beige,,,XL,,,,,,0.0,shopify,10,deny,manual,1100.00,2500.00,true,false,,,,,"",https://cdn.shopify.com/s/files/1/1020/9912/4593/files/6050F21F-B3E6-4FB3-BCBB-C3AEDB37D463.jpg?v=1785041890,7,"",,,,,,,,,,,,,,,,,,,,kg,,,
premium-tabby-organza-palazzo-set-with-dupatta,,,,,,,,,Beige,,,2XL,,,,,,0.0,shopify,10,deny,manual,1100.00,2500.00,true,false,,,,,"",,,,,,,,,,,,,,,,,,,,,,,kg,,,
premium-cambric-cotton-digital-print-co-ord-set-with-farshi-pant,Premium Cambric Cotton Digital Print Co-Ord Set With Farshi Pant,"<p><span>TOP DETAILS</span><span><br> </span><span>• Fabric : Heavy Pure Cambric Cotton</span><span><br> </span><span>• Sleeves : Fully Fancy Sleeves With Latkan</span><span><br> </span><span>• Inner : Micro Cotton</span><span><br> </span><span>• Length : 32 Inches</span><span><br> </span><span>• Size : M(38), L(40), XL(42), XXL(44) With XXXL Margin | Fully Stitched Ready To Wear</span></p>
<p><span>FARSHI PANT DETAILS</span><span><br> </span><span>• Fabric : Heavy Pure Cambric Cotton With Digital Print</span><span><br> </span><span>• Inner : Heavy Micro Cotton</span><span><br> </span><span>• Length : 40–41 Inches</span><span><br> </span><span>• Stitching : Fully Stitched</span></p>",Anjuclothing ,,"","",true,Size,M,,,,,,,,,0.0,shopify,10,deny,manual,1450.00,3500.00,true,false,,,,,"",https://cdn.shopify.com/s/files/1/1020/9912/4593/files/1558D25E-A0B3-48D8-9E6D-C950BBCBB961.png?v=1789220007,1,"",false,,,,,,,,,,,,,,,,,,,kg,,,active
premium-cambric-cotton-digital-print-co-ord-set-with-farshi-pant,,,,,,,,,L,,,,,,,,,0.0,shopify,10,deny,manual,1450.00,3500.00,true,false,,,,,"",https://cdn.shopify.com/s/files/1/1020/9912/4593/files/A730A8F0-5DBC-41B6-9839-25912A31CDD4.jpg?v=1784963876,2,"",,,,,,,,,,,,,,,,,,,,kg,,,
premium-cambric-cotton-digital-print-co-ord-set-with-farshi-pant,,,,,,,,,XL,,,,,,,,,0.0,shopify,10,deny,manual,1450.00,3500.00,true,false,,,,,"",https://cdn.shopify.com/s/files/1/1020/9912/4593/files/404D16D3-670F-46BF-A631-1994E7B4F92A.jpg?v=1784963876,3,"",,,,,,,,,,,,,,,,,,,,kg,,,
premium-cambric-cotton-digital-print-co-ord-set-with-farshi-pant,,,,,,,,,2XL,,,,,,,,,0.0,shopify,10,deny,manual,1450.00,3500.00,true,false,,,,,"",https://cdn.shopify.com/s/files/1/1020/9912/4593/files/56966B8C-A8A9-4BEB-B372-BCD179A27A54.jpg?v=1784963876,4,"",,,,,,,,,,,,,,,,,,,,kg,,,
premium-cambric-cotton-digital-print-co-ord-set-with-farshi-pant,,,,,,,,,,,,,,,,,,,,,,,,,,,,,,,"",https://cdn.shopify.com/s/files/1/1020/9912/4593/files/A92D2FC6-C170-42E1-9BBD-A377F9114D10.jpg?v=1784963876,5,"",,,,,,,,,,,,,,,,,,,,,,,
premium-georgette-chiffon-digital-print-gown-set-with-mirror-work-dupatta,Premium Georgette Chiffon Digital Print Gown Set With Mirror Work Dupatta,"<p><span>GOWN DETAILS</span><span><br> </span><span>• Fabric : Heavy Georgette Chiffon With Digital Print</span><span><br> </span><span>• Work : Original Glass Mirror Handwork On Neck</span><span><br> </span><span>• Inner : Heavy Butter Cotton</span><span><br> </span><span>• Length : 52–55 Inches</span><span><br> </span><span>• Flair : 8+ Meters</span><span><br> </span><span>• Sleeves : Extra Sleeves Attached</span><span><br> </span><span>• Back Style : Fancy Polka Pattern With Latkan</span><span><br> </span><span>• Size : S(36), M(38), L(40), XL(42) With Margin Up To XXL(44) | Fully Stitched Ready To Wear</span></p>
<p><span>BOTTOM DETAILS</span><span><br> </span><span>• Fabric : Butter Crepe Soft</span><span><br> </span><span>• Length : 38–39 Inches</span></p>
<p><span>DUPATTA DETAILS</span><span><br> </span><span>• Fabric : Pure Georgette Chiffon</span><span><br> </span><span>• Work : All-Over Hand 9mm Mirror Aari Work With Four-Sided Golden Gota Patti Lace Border</span></p>",Anjuclothing ,,"","",true,Size,S,,,,,,,,,0.0,shopify,10,deny,manual,1750.00,,true,false,,,,,"",https://cdn.shopify.com/s/files/1/1020/9912/4593/files/C806DAD3-C3B6-4E70-AECA-9D7B83A08657.png?v=1789220007,1,"",false,,,,,,,,,,,,,,,,,,,kg,,,active
premium-georgette-chiffon-digital-print-gown-set-with-mirror-work-dupatta,,,,,,,,,M,,,,,,,,,0.0,shopify,10,deny,manual,1750.00,,true,false,,,,,"",https://cdn.shopify.com/s/files/1/1020/9912/4593/files/4D1F2BA6-2C88-4040-ABD1-4A3BC29FB65D.jpg?v=1784822808,2,"",,,,,,,,,,,,,,,,,,,,kg,,,
premium-georgette-chiffon-digital-print-gown-set-with-mirror-work-dupatta,,,,,,,,,L,,,,,,,,,0.0,shopify,10,deny,manual,1750.00,,true,false,,,,,"",https://cdn.shopify.com/s/files/1/1020/9912/4593/files/3948B638-916F-4815-A8F3-A480E9E1510D.jpg?v=1784822808,3,"",,,,,,,,,,,,,,,,,,,,kg,,,
premium-georgette-chiffon-digital-print-gown-set-with-mirror-work-dupatta,,,,,,,,,XL,,,,,,,,,0.0,shopify,10,deny,manual,1750.00,,true,false,,,,,"",https://cdn.shopify.com/s/files/1/1020/9912/4593/files/C22A7EC2-51E8-4428-AD7F-1598E967DC6B.jpg?v=1784822808,4,"",,,,,,,,,,,,,,,,,,,,kg,,,
premium-georgette-chiffon-digital-print-gown-set-with-mirror-work-dupatta,,,,,,,,,XXL,,,,,,,,,0.0,shopify,10,deny,manual,1750.00,,true,false,,,,,"",https://cdn.shopify.com/s/files/1/1020/9912/4593/files/ED09C32C-D5A2-4142-A75F-F03C41B0992F.jpg?v=1784822807,5,"",,,,,,,,,,,,,,,,,,,,kg,,,
premium-georgette-chiffon-digital-print-gown-set-with-mirror-work-dupatta,,,,,,,,,,,,,,,,,,,,,,,,,,,,,,,"",https://cdn.shopify.com/s/files/1/1020/9912/4593/files/322B3B18-6342-47FD-A1A5-C29032A305C6.jpg?v=1784822808,6,"",,,,,,,,,,,,,,,,,,,,,,,
premium-georgette-chiffon-digital-print-gown-set-with-mirror-work-dupatta,,,,,,,,,,,,,,,,,,,,,,,,,,,,,,,"",https://cdn.shopify.com/s/files/1/1020/9912/4593/files/3D146F39-997F-4876-9D27-6407E4F088C4.jpg?v=1784822808,7,"",,,,,,,,,,,,,,,,,,,,,,,
premium-soft-chinon-mirror-work-palazzo-set-with-designer-belt,Premium Soft Chinon Mirror Work Palazzo Set With Designer Belt,"<p><span>TOP DETAILS</span><span><br> </span><span>• Fabric : Soft Chinon</span><span><br> </span><span>• Work : Soft Crepe Lining With Beautiful Hand-Stitched Original Mirror Work</span><span><br> </span><span>• Flair : 3 Meters With Original Mirror Lace On Shoulders, Sleeves &amp; Full Flair</span><span><br> </span><span>• Sleeves : Sleeveless</span><span><br> </span><span>• Length : 32–33 Inches</span><span><br> </span><span>• Size : S(36), M(38), L(40), XL(42), XXL(44) | Fully Stitched Ready To Wear</span></p>
<p><span>PALAZZO DETAILS</span><span><br> </span><span>• Fabric : Soft Chinon</span><span><br> </span><span>• Work : Soft Crepe Lining With Beautiful Gota Patti Work</span><span><br> </span><span>• Length : 39–40 Inches</span></p>
<p><span>BELT DETAILS</span><span><br> </span><span>• Fabric : Soft Chinon</span><span><br> </span><span>• Work : Original Mirror Work Belt With Both-Side Lace Latkan</span></p>",Anjuclothing ,,"","",true,Size,S,,,,,,,,,0.0,shopify,10,deny,manual,1750.00,,true,false,,,,,"",https://cdn.shopify.com/s/files/1/1020/9912/4593/files/A8E68819-191E-43F8-9FDE-B1A8A8F11340.jpg?v=1784822698,1,"",false,,,,,,,,,,,,,,,,,,,kg,,,active
premium-soft-chinon-mirror-work-palazzo-set-with-designer-belt,,,,,,,,,M,,,,,,,,,0.0,shopify,10,deny,manual,1750.00,,true,false,,,,,"",https://cdn.shopify.com/s/files/1/1020/9912/4593/files/E371BE0A-4303-4DE2-8083-151DBF98EE02.jpg?v=1784822698,2,"",,,,,,,,,,,,,,,,,,,,kg,,,
premium-soft-chinon-mirror-work-palazzo-set-with-designer-belt,,,,,,,,,L,,,,,,,,,0.0,shopify,10,deny,manual,1750.00,,true,false,,,,,"",https://cdn.shopify.com/s/files/1/1020/9912/4593/files/91EA4CDC-3121-4D5F-9F80-85F6C0DB23CD.jpg?v=1784822698,3,"",,,,,,,,,,,,,,,,,,,,kg,,,
premium-soft-chinon-mirror-work-palazzo-set-with-designer-belt,,,,,,,,,XL,,,,,,,,,0.0,shopify,10,deny,manual,1750.00,,true,false,,,,,"",https://cdn.shopify.com/s/files/1/1020/9912/4593/files/02682BA0-364A-4785-BAC1-2B6D3FFFD822.jpg?v=1784822698,4,"",,,,,,,,,,,,,,,,,,,,kg,,,
premium-soft-chinon-mirror-work-palazzo-set-with-designer-belt,,,,,,,,,2XL,,,,,,,,,0.0,shopify,10,deny,manual,1750.00,,true,false,,,,,"",,,,,,,,,,,,,,,,,,,,,,,kg,,,
premium-gold-crush-mirror-work-dhoti-set-with-dupatta,Premium Gold Crush Mirror Work Dhoti Set With Dupatta,"<p><span>TOP DETAILS</span><span><br> </span><span>• Fabric : Gold Crush</span><span><br> </span><span>• Work : Thread Work With Real Mirror &amp; Fancy Latkan</span><span><br> </span><span>• Lining : Soft Micro Cotton</span><span><br> </span><span>• Length : 32 Inches</span><span><br> </span><span>• Size : M(38), L(40), XL(42), XXL(44) With 3XL Margin | Fully Stitched Ready To Wear</span></p>
<p><span>DHOTI DETAILS</span><span><br> </span><span>• Fabric : Gold Crush</span><span><br> </span><span>• Work : Thread Work With Real Mirror</span><span><br> </span><span>• Length : 38 Inches</span><span><br> </span><span>• Stitching : Fully Stitched Up To Size 44 With Stretchable Elastic Waist</span></p>
<p><span>DUPATTA DETAILS</span><span><br> </span><span>• Fabric : Gold Crush</span><span><br> </span><span>• Work : Real Mirror Work With Four-Sided Lace Border</span><span><br> </span><span>• Length : 2.2 Meters</span></p>",Anjuclothing ,Apparel & Accessories > Clothing > Traditional & Ceremonial Clothing > Salwar Kameez & Suit Sets,"","",true,Size,M,,,,,,,,,0.0,shopify,10,deny,manual,2099.00,5500.00,true,false,,,,,"",https://cdn.shopify.com/s/files/1/1020/9912/4593/files/50D2C9C9-D48A-4149-AE14-0A79F8A74077.png?v=1789220006,1,"",false,,,,,,,,,,round,,,,,long,,,,kg,,,active
premium-gold-crush-mirror-work-dhoti-set-with-dupatta,,,,,,,,,L,,,,,,,,,0.0,shopify,10,deny,manual,2099.00,5500.00,true,false,,,,,"",https://cdn.shopify.com/s/files/1/1020/9912/4593/files/2726FD1C-CC34-46AF-9FC1-7ED67814605E.jpg?v=1784822547,2,"",,,,,,,,,,,,,,,,,,,,kg,,,
premium-gold-crush-mirror-work-dhoti-set-with-dupatta,,,,,,,,,XL,,,,,,,,,0.0,shopify,10,deny,manual,2099.00,5500.00,true,false,,,,,"",https://cdn.shopify.com/s/files/1/1020/9912/4593/files/CDCE0A37-133F-4308-AB5F-E97882337C7F.jpg?v=1784822547,3,"",,,,,,,,,,,,,,,,,,,,kg,,,
premium-gold-crush-mirror-work-dhoti-set-with-dupatta,,,,,,,,,2XL,,,,,,,,,0.0,shopify,10,deny,manual,2099.00,5500.00,true,false,,,,,"",https://cdn.shopify.com/s/files/1/1020/9912/4593/files/77BE07BE-6918-4B8A-A5BF-C4A083C4BE4E.jpg?v=1784822547,4,"",,,,,,,,,,,,,,,,,,,,kg,,,
premium-gold-crush-mirror-work-dhoti-set-with-dupatta,,,,,,,,,,,,,,,,,,,,,,,,,,,,,,,"",https://cdn.shopify.com/s/files/1/1020/9912/4593/files/53588338-254C-4C17-9A99-BC7B84E09AFD.jpg?v=1784822547,5,"",,,,,,,,,,,,,,,,,,,,,,,
premium-gold-crush-mirror-work-dhoti-set-with-dupatta,,,,,,,,,,,,,,,,,,,,,,,,,,,,,,,"",https://cdn.shopify.com/s/files/1/1020/9912/4593/files/C97D0051-EE75-4BD9-95E2-729BD3BB94BC.jpg?v=1784822547,6,"",,,,,,,,,,,,,,,,,,,,,,,
premium-gold-crush-mirror-work-dhoti-set-with-dupatta,,,,,,,,,,,,,,,,,,,,,,,,,,,,,,,"",https://cdn.shopify.com/s/files/1/1020/9912/4593/files/5F1A486D-C2E2-4996-B7B0-5AC23CA2FE82.jpg?v=1784822547,7,"",,,,,,,,,,,,,,,,,,,,,,,
premium-gold-crush-mirror-work-dhoti-set-with-dupatta,,,,,,,,,,,,,,,,,,,,,,,,,,,,,,,"",https://cdn.shopify.com/s/files/1/1020/9912/4593/files/D1899F35-2723-4F5D-9D1F-6B6F4CDECBA8.jpg?v=1784822547,8,"",,,,,,,,,,,,,,,,,,,,,,,
premium-faux-georgette-embroidered-anarkali-set-with-bustier-pant,Premium Faux Georgette Embroidered Anarkali Set With Bustier & Pant,"<p><span>ANARKALI DETAILS</span><span><br> </span><span>• Fabric : Heavy Faux Georgette</span><span><br> </span><span>• Work : Coded Embroidery, 3mm Sequence &amp; Original Mirror Lace Work On Yoke &amp; Sleeves</span><span><br> </span><span>• Style : Anarkali With Side Cut</span><span><br> </span><span>• Length : 54 Inches</span><span><br> </span><span>• Size : M(38), L(40), XL(42) With Margin Up To Size 44 | Fully Stitched Ready To Wear</span></p>
<p><span>PANT DETAILS</span><span><br> </span><span>• Fabric : Soft Chinon</span><span><br> </span><span>• Length : 38–40 Inches</span></p>
<p><span>BUSTIER DETAILS</span><span><br> </span><span>• Fabric : Soft Chinon</span><span><br> </span><span>• Lining : Crepe Lining</span><span><br> </span><span>• Style : Padded Bustier</span></p>",Anjuclothing ,,"","",true,Colour,Yellow,,Size,M,,,,,,0.0,shopify,10,deny,manual,1599.00,,true,false,,,,,"",https://cdn.shopify.com/s/files/1/1020/9912/4593/files/6AEF3CFE-C864-47CF-AD4F-A085CED7DDB7.png?v=1789220007,1,"",false,,,,,,,,,,,,,,,,,,,kg,,,active
premium-faux-georgette-embroidered-anarkali-set-with-bustier-pant,,,,,,,,,Red,,,M,,,,,,0.0,shopify,10,deny,manual,1599.00,,true,false,,,,,"",https://cdn.shopify.com/s/files/1/1020/9912/4593/files/3C5D6F96-2FA5-4F44-B549-B42D305C6C20.jpg?v=1784822079,2,"",,,,,,,,,,,,,,,,,,,,kg,,,
premium-faux-georgette-embroidered-anarkali-set-with-bustier-pant,,,,,,,,,White,,,M,,,,,,0.0,shopify,10,deny,manual,1599.00,,true,false,,,,,"",https://cdn.shopify.com/s/files/1/1020/9912/4593/files/88D2FFCB-3B64-4DF1-9F54-AA2E61D42B12.jpg?v=1784822079,3,"",,,,,,,,,,,,,,,,,,,,kg,,,
premium-faux-georgette-embroidered-anarkali-set-with-bustier-pant,,,,,,,,,Yellow,,,L,,,,,,0.0,shopify,10,deny,manual,1599.00,,true,false,,,,,"",https://cdn.shopify.com/s/files/1/1020/9912/4593/files/3AF99D56-7F5C-419B-BFA7-49A224B15E11.jpg?v=1784822079,4,"",,,,,,,,,,,,,,,,,,,,kg,,,
premium-faux-georgette-embroidered-anarkali-set-with-bustier-pant,,,,,,,,,Yellow,,,XL,,,,,,0.0,shopify,10,deny,manual,1599.00,,true,false,,,,,"",https://cdn.shopify.com/s/files/1/1020/9912/4593/files/4FF813C3-E4E1-4BF3-AD21-30B36B39F47A.jpg?v=1784822079,5,"",,,,,,,,,,,,,,,,,,,,kg,,,
premium-faux-georgette-embroidered-anarkali-set-with-bustier-pant,,,,,,,,,Red,,,L,,,,,,0.0,shopify,10,deny,manual,1599.00,,true,false,,,,,"",https://cdn.shopify.com/s/files/1/1020/9912/4593/files/B3C122B5-0A89-406C-BD8A-827D3711F42E.jpg?v=1784822079,6,"",,,,,,,,,,,,,,,,,,,,kg,,,
premium-faux-georgette-embroidered-anarkali-set-with-bustier-pant,,,,,,,,,Red,,,XL,,,,,,0.0,shopify,10,deny,manual,1599.00,,true,false,,,,,"",https://cdn.shopify.com/s/files/1/1020/9912/4593/files/818B2A8F-56EA-4B2C-A583-4BC8C7571CD3.jpg?v=1784822079,7,"",,,,,,,,,,,,,,,,,,,,kg,,,
premium-faux-georgette-embroidered-anarkali-set-with-bustier-pant,,,,,,,,,White,,,L,,,,,,0.0,shopify,10,deny,manual,1599.00,,true,false,,,,,"",https://cdn.shopify.com/s/files/1/1020/9912/4593/files/7F8C21A7-FC58-4D4D-91FF-33D4FA044ADC.jpg?v=1784822079,8,"",,,,,,,,,,,,,,,,,,,,kg,,,
premium-faux-georgette-embroidered-anarkali-set-with-bustier-pant,,,,,,,,,White,,,XL,,,,,,0.0,shopify,10,deny,manual,1599.00,,true,false,,,,,"",https://cdn.shopify.com/s/files/1/1020/9912/4593/files/EA6A597C-E8F1-44F7-A0DB-5A2A8E765EA8.jpg?v=1784822079,9,"",,,,,,,,,,,,,,,,,,,,kg,,,
premium-faux-georgette-embroidered-anarkali-set-with-bustier-pant,,,,,,,,,,,,,,,,,,,,,,,,,,,,,,,"",https://cdn.shopify.com/s/files/1/1020/9912/4593/files/9978C14F-98A8-49A8-9E6F-243AC0D715AE.jpg?v=1784822079,10,"",,,,,,,,,,,,,,,,,,,,,,,
premium-faux-georgette-embroidered-anarkali-set-with-bustier-pant,,,,,,,,,,,,,,,,,,,,,,,,,,,,,,,"",https://cdn.shopify.com/s/files/1/1020/9912/4593/files/A4AAB696-A8A7-4D58-A644-7147670EE0F1.jpg?v=1784822079,11,"",,,,,,,,,,,,,,,,,,,,,,,
premium-soft-chinon-mirror-work-palazzo-set-with-dupatta,Premium Soft Chinon Mirror Work Palazzo Set With Dupatta,"<p><span>TOP DETAILS</span><span><br> </span><span>• Fabric : Soft Chinon</span><span><br> </span><span>• Work : Beautiful Coding &amp; Real Mirror Work On Neck With Real Mirror Border</span><span><br> </span><span>• Inner : High Quality Cotton</span><span><br> </span><span>• Flair : 3+ Meters</span><span><br> </span><span>• Sleeves : A-Line | 22 Inches</span><span><br> </span><span>• Size : XS(34), S(36), M(38), L(40), XL(42), XXL(44) | Fully Stitched Ready To Wear</span></p>
<p><span>PALAZZO DETAILS</span><span><br> </span><span>• Fabric : Soft Chinon With Premium Finishing</span><span><br> </span><span>• Inner : High Quality Cotton</span><span><br> </span><span>• Pattern : Full Flared With Elastic Waist</span><span><br> </span><span>• Length : 40 Inches</span><span><br> </span><span>• Stitching : Free Size | Fits Up To Size 44 With High Quality Elastic</span></p>
<p><span>DUPATTA DETAILS</span><span><br> </span><span>• Fabric : Soft Chinon</span><span><br> </span><span>• Work : Beautiful Fancy Lace</span></p>",Anjuclothing ,,"","",true,Colour,Ivory,,Size,XS,,,,,,0.0,shopify,10,deny,manual,1750.00,,true,false,,,,,"",https://cdn.shopify.com/s/files/1/1020/9912/4593/files/F207F706-45EE-47A9-B426-FF74E5C257C5.png?v=1789220437,1,"",false,,,,,,,,,,,,,,,,,,,kg,,,active
premium-soft-chinon-mirror-work-palazzo-set-with-dupatta,,,,,,,,,Ivory,,,S,,,,,,0.0,shopify,10,deny,manual,1750.00,,true,false,,,,,"",https://cdn.shopify.com/s/files/1/1020/9912/4593/files/80A81A8F-1B11-4FBC-9391-F3C82D4BA02C.webp?v=1784806362,2,"",,,,,,,,,,,,,,,,,,,,kg,,,
premium-soft-chinon-mirror-work-palazzo-set-with-dupatta,,,,,,,,,Ivory,,,M,,,,,,0.0,shopify,10,deny,manual,1750.00,,true,false,,,,,"",https://cdn.shopify.com/s/files/1/1020/9912/4593/files/FC195482-8280-4424-8E48-191C0568AF1E.jpg?v=1784814326,3,"",,,,,,,,,,,,,,,,,,,,kg,,,
premium-soft-chinon-mirror-work-palazzo-set-with-dupatta,,,,,,,,,Ivory,,,L,,,,,,0.0,shopify,10,deny,manual,1750.00,,true,false,,,,,"",https://cdn.shopify.com/s/files/1/1020/9912/4593/files/DD8D1415-65F1-43DD-A056-7B0EEC10A2F0.jpg?v=1784814326,4,"",,,,,,,,,,,,,,,,,,,,kg,,,
premium-soft-chinon-mirror-work-palazzo-set-with-dupatta,,,,,,,,,Ivory,,,XL,,,,,,0.0,shopify,10,deny,manual,1750.00,,true,false,,,,,"",https://cdn.shopify.com/s/files/1/1020/9912/4593/files/A6D36EDF-FF07-4333-B1BA-58D456526D97.jpg?v=1784814326,5,"",,,,,,,,,,,,,,,,,,,,kg,,,
premium-soft-chinon-mirror-work-palazzo-set-with-dupatta,,,,,,,,,Ivory,,,2XL,,,,,,0.0,shopify,10,deny,manual,1750.00,,true,false,,,,,"",https://cdn.shopify.com/s/files/1/1020/9912/4593/files/AF32B353-2244-487A-8550-149AE6524B32.jpg?v=1784814326,6,"",,,,,,,,,,,,,,,,,,,,kg,,,
premium-soft-chinon-mirror-work-palazzo-set-with-dupatta,,,,,,,,,Blue,,,XS,,,,,,0.0,shopify,10,deny,manual,1750.00,,true,false,,,,,"",https://cdn.shopify.com/s/files/1/1020/9912/4593/files/9BA701D8-64EE-4760-9251-016B484B5DBA.jpg?v=1784814326,7,"",,,,,,,,,,,,,,,,,,,https://cdn.shopify.com/s/files/1/1020/9912/4593/files/FC195482-8280-4424-8E48-191C0568AF1E.jpg?v=1784814326,kg,,,
premium-soft-chinon-mirror-work-palazzo-set-with-dupatta,,,,,,,,,Blue,,,S,,,,,,0.0,shopify,10,deny,manual,1750.00,,true,false,,,,,"",https://cdn.shopify.com/s/files/1/1020/9912/4593/files/F03CA791-C338-4130-9041-84E31E7C9B23.jpg?v=1784814326,8,"",,,,,,,,,,,,,,,,,,,https://cdn.shopify.com/s/files/1/1020/9912/4593/files/FC195482-8280-4424-8E48-191C0568AF1E.jpg?v=1784814326,kg,,,
premium-soft-chinon-mirror-work-palazzo-set-with-dupatta,,,,,,,,,Blue,,,M,,,,,,0.0,shopify,10,deny,manual,1750.00,,true,false,,,,,"",https://cdn.shopify.com/s/files/1/1020/9912/4593/files/9C5B2A42-96F3-44CE-9180-1123E3094DBA.jpg?v=1784814325,9,"",,,,,,,,,,,,,,,,,,,https://cdn.shopify.com/s/files/1/1020/9912/4593/files/FC195482-8280-4424-8E48-191C0568AF1E.jpg?v=1784814326,kg,,,
premium-soft-chinon-mirror-work-palazzo-set-with-dupatta,,,,,,,,,Blue,,,L,,,,,,0.0,shopify,10,deny,manual,1750.00,,true,false,,,,,"",https://cdn.shopify.com/s/files/1/1020/9912/4593/files/D8E5F44E-FA79-47D6-BA32-013F3A821473.webp?v=1784814326,10,"",,,,,,,,,,,,,,,,,,,https://cdn.shopify.com/s/files/1/1020/9912/4593/files/FC195482-8280-4424-8E48-191C0568AF1E.jpg?v=1784814326,kg,,,
premium-soft-chinon-mirror-work-palazzo-set-with-dupatta,,,,,,,,,Blue,,,XL,,,,,,0.0,shopify,10,deny,manual,1750.00,,true,false,,,,,"",https://cdn.shopify.com/s/files/1/1020/9912/4593/files/50C705C4-69AD-4527-A50D-1CCE4984D10D.jpg?v=1784814326,11,"",,,,,,,,,,,,,,,,,,,https://cdn.shopify.com/s/files/1/1020/9912/4593/files/FC195482-8280-4424-8E48-191C0568AF1E.jpg?v=1784814326,kg,,,
premium-soft-chinon-mirror-work-palazzo-set-with-dupatta,,,,,,,,,Blue,,,2XL,,,,,,0.0,shopify,10,deny,manual,1750.00,,true,false,,,,,"",https://cdn.shopify.com/s/files/1/1020/9912/4593/files/36D151E8-7E55-4202-8C87-33CE40008BC4.jpg?v=1784814326,12,"",,,,,,,,,,,,,,,,,,,https://cdn.shopify.com/s/files/1/1020/9912/4593/files/FC195482-8280-4424-8E48-191C0568AF1E.jpg?v=1784814326,kg,,,
premium-soft-chinon-mirror-work-palazzo-set-with-dupatta,,,,,,,,,Red,,,XS,,,,,,0.0,shopify,10,deny,manual,1750.00,,true,false,,,,,"",https://cdn.shopify.com/s/files/1/1020/9912/4593/files/871485CE-44A5-4039-9C6C-07A7B0AFDA1C.jpg?v=1784814326,13,"",,,,,,,,,,,,,,,,,,,https://cdn.shopify.com/s/files/1/1020/9912/4593/files/A6D36EDF-FF07-4333-B1BA-58D456526D97.jpg?v=1784814326,kg,,,
premium-soft-chinon-mirror-work-palazzo-set-with-dupatta,,,,,,,,,Red,,,S,,,,,,0.0,shopify,10,deny,manual,1750.00,,true,false,,,,,"",https://cdn.shopify.com/s/files/1/1020/9912/4593/files/4C18E8A0-BC9F-4259-B3BF-FDA9C874D0F7.jpg?v=1784814325,14,"",,,,,,,,,,,,,,,,,,,https://cdn.shopify.com/s/files/1/1020/9912/4593/files/A6D36EDF-FF07-4333-B1BA-58D456526D97.jpg?v=1784814326,kg,,,
premium-soft-chinon-mirror-work-palazzo-set-with-dupatta,,,,,,,,,Red,,,M,,,,,,0.0,shopify,10,deny,manual,1750.00,,true,false,,,,,"",https://cdn.shopify.com/s/files/1/1020/9912/4593/files/BF7F9759-C717-4E46-917C-6479F9AEADF7.jpg?v=1784814326,15,"",,,,,,,,,,,,,,,,,,,https://cdn.shopify.com/s/files/1/1020/9912/4593/files/A6D36EDF-FF07-4333-B1BA-58D456526D97.jpg?v=1784814326,kg,,,
premium-soft-chinon-mirror-work-palazzo-set-with-dupatta,,,,,,,,,Red,,,L,,,,,,0.0,shopify,10,deny,manual,1750.00,,true,false,,,,,"",https://cdn.shopify.com/s/files/1/1020/9912/4593/files/0731B6FF-8FE9-4936-BC3B-F2A61D853091.jpg?v=1784814326,16,"",,,,,,,,,,,,,,,,,,,https://cdn.shopify.com/s/files/1/1020/9912/4593/files/A6D36EDF-FF07-4333-B1BA-58D456526D97.jpg?v=1784814326,kg,,,
premium-soft-chinon-mirror-work-palazzo-set-with-dupatta,,,,,,,,,Red,,,XL,,,,,,0.0,shopify,10,deny,manual,1750.00,,true,false,,,,,"",https://cdn.shopify.com/s/files/1/1020/9912/4593/files/BF55EA5D-FB07-42BB-9E1B-77BF731E8897.jpg?v=1784814326,17,"",,,,,,,,,,,,,,,,,,,https://cdn.shopify.com/s/files/1/1020/9912/4593/files/A6D36EDF-FF07-4333-B1BA-58D456526D97.jpg?v=1784814326,kg,,,
premium-soft-chinon-mirror-work-palazzo-set-with-dupatta,,,,,,,,,Red,,,2XL,,,,,,0.0,shopify,10,deny,manual,1750.00,,true,false,,,,,"",https://cdn.shopify.com/s/files/1/1020/9912/4593/files/E05BC35D-C25B-43AA-AF43-B477987BA192.jpg?v=1784814326,18,"",,,,,,,,,,,,,,,,,,,https://cdn.shopify.com/s/files/1/1020/9912/4593/files/A6D36EDF-FF07-4333-B1BA-58D456526D97.jpg?v=1784814326,kg,,,
premium-soft-chinon-mirror-work-palazzo-set-with-dupatta,,,,,,,,,Baby pink,,,XS,,,,,,0.0,shopify,10,deny,manual,1750.00,,true,false,,,,,"",https://cdn.shopify.com/s/files/1/1020/9912/4593/files/4F1EBB43-6E49-4240-B20E-E576CF4307A5.jpg?v=1784814326,19,"",,,,,,,,,,,,,,,,,,,https://cdn.shopify.com/s/files/1/1020/9912/4593/files/9BA701D8-64EE-4760-9251-016B484B5DBA.jpg?v=1784814326,kg,,,
premium-soft-chinon-mirror-work-palazzo-set-with-dupatta,,,,,,,,,Baby pink,,,S,,,,,,0.0,shopify,10,deny,manual,1750.00,,true,false,,,,,"",https://cdn.shopify.com/s/files/1/1020/9912/4593/files/F3685B2E-7481-48D3-B8EF-7B6BDDAE0A36.jpg?v=1784814326,20,"",,,,,,,,,,,,,,,,,,,https://cdn.shopify.com/s/files/1/1020/9912/4593/files/9BA701D8-64EE-4760-9251-016B484B5DBA.jpg?v=1784814326,kg,,,
premium-soft-chinon-mirror-work-palazzo-set-with-dupatta,,,,,,,,,Baby pink,,,M,,,,,,0.0,shopify,10,deny,manual,1750.00,,true,false,,,,,"",https://cdn.shopify.com/s/files/1/1020/9912/4593/files/485F1513-ED2A-49BA-99E5-0B7D30785C67.jpg?v=1784814326,21,"",,,,,,,,,,,,,,,,,,,https://cdn.shopify.com/s/files/1/1020/9912/4593/files/9BA701D8-64EE-4760-9251-016B484B5DBA.jpg?v=1784814326,kg,,,
premium-soft-chinon-mirror-work-palazzo-set-with-dupatta,,,,,,,,,Baby pink,,,L,,,,,,0.0,shopify,10,deny,manual,1750.00,,true,false,,,,,"",https://cdn.shopify.com/s/files/1/1020/9912/4593/files/F9C9A378-7205-44E8-AF04-247B06FB3B7C.jpg?v=1784814325,22,"",,,,,,,,,,,,,,,,,,,https://cdn.shopify.com/s/files/1/1020/9912/4593/files/9BA701D8-64EE-4760-9251-016B484B5DBA.jpg?v=1784814326,kg,,,
premium-soft-chinon-mirror-work-palazzo-set-with-dupatta,,,,,,,,,Baby pink,,,XL,,,,,,0.0,shopify,10,deny,manual,1750.00,,true,false,,,,,"",https://cdn.shopify.com/s/files/1/1020/9912/4593/files/6524EF04-B541-4A76-9A13-D200D0779168.jpg?v=1784814326,23,"",,,,,,,,,,,,,,,,,,,https://cdn.shopify.com/s/files/1/1020/9912/4593/files/9BA701D8-64EE-4760-9251-016B484B5DBA.jpg?v=1784814326,kg,,,
premium-soft-chinon-mirror-work-palazzo-set-with-dupatta,,,,,,,,,Baby pink,,,2XL,,,,,,0.0,shopify,10,deny,manual,1750.00,,true,false,,,,,"",https://cdn.shopify.com/s/files/1/1020/9912/4593/files/D04C8B9B-0454-4450-AAE9-830B20AA4140.jpg?v=1784814326,24,"",,,,,,,,,,,,,,,,,,,https://cdn.shopify.com/s/files/1/1020/9912/4593/files/9BA701D8-64EE-4760-9251-016B484B5DBA.jpg?v=1784814326,kg,,,
premium-soft-chinon-mirror-work-palazzo-set-with-dupatta,,,,,,,,,Rama,,,XS,,,,,,0.0,shopify,10,deny,manual,1750.00,,true,false,,,,,"",https://cdn.shopify.com/s/files/1/1020/9912/4593/files/3C02FE81-09A4-4E02-A02B-908B801B944E.jpg?v=1784814326,25,"",,,,,,,,,,,,,,,,,,,https://cdn.shopify.com/s/files/1/1020/9912/4593/files/9C5B2A42-96F3-44CE-9180-1123E3094DBA.jpg?v=1784814325,kg,,,
premium-soft-chinon-mirror-work-palazzo-set-with-dupatta,,,,,,,,,Rama,,,S,,,,,,0.0,shopify,10,deny,manual,1750.00,,true,false,,,,,"",https://cdn.shopify.com/s/files/1/1020/9912/4593/files/CAADB1E3-F6BB-42DB-A90E-E982D8E8F3E4.jpg?v=1784814326,26,"",,,,,,,,,,,,,,,,,,,https://cdn.shopify.com/s/files/1/1020/9912/4593/files/9C5B2A42-96F3-44CE-9180-1123E3094DBA.jpg?v=1784814325,kg,,,
premium-soft-chinon-mirror-work-palazzo-set-with-dupatta,,,,,,,,,Rama,,,M,,,,,,0.0,shopify,10,deny,manual,1750.00,,true,false,,,,,"",https://cdn.shopify.com/s/files/1/1020/9912/4593/files/85D71FEE-066D-4052-9D10-ECCC877E5804.jpg?v=1784814326,27,"",,,,,,,,,,,,,,,,,,,https://cdn.shopify.com/s/files/1/1020/9912/4593/files/9C5B2A42-96F3-44CE-9180-1123E3094DBA.jpg?v=1784814325,kg,,,
premium-soft-chinon-mirror-work-palazzo-set-with-dupatta,,,,,,,,,Rama,,,L,,,,,,0.0,shopify,10,deny,manual,1750.00,,true,false,,,,,"",https://cdn.shopify.com/s/files/1/1020/9912/4593/files/6AADB64F-730A-4C2D-87B1-F4B8BF18BD0A.jpg?v=1784814326,28,"",,,,,,,,,,,,,,,,,,,https://cdn.shopify.com/s/files/1/1020/9912/4593/files/9C5B2A42-96F3-44CE-9180-1123E3094DBA.jpg?v=1784814325,kg,,,
premium-soft-chinon-mirror-work-palazzo-set-with-dupatta,,,,,,,,,Rama,,,XL,,,,,,0.0,shopify,10,deny,manual,1750.00,,true,false,,,,,"",https://cdn.shopify.com/s/files/1/1020/9912/4593/files/C1855F80-42B6-4779-AEB0-8C0C13B94F61.jpg?v=1784814325,29,"",,,,,,,,,,,,,,,,,,,https://cdn.shopify.com/s/files/1/1020/9912/4593/files/9C5B2A42-96F3-44CE-9180-1123E3094DBA.jpg?v=1784814325,kg,,,
premium-soft-chinon-mirror-work-palazzo-set-with-dupatta,,,,,,,,,Rama,,,2XL,,,,,,0.0,shopify,10,deny,manual,1750.00,,true,false,,,,,"",https://cdn.shopify.com/s/files/1/1020/9912/4593/files/38CBDFC5-947D-458B-B571-BDB038BA67C6.jpg?v=1784814326,30,"",,,,,,,,,,,,,,,,,,,https://cdn.shopify.com/s/files/1/1020/9912/4593/files/9C5B2A42-96F3-44CE-9180-1123E3094DBA.jpg?v=1784814325,kg,,,
premium-soft-chinon-mirror-work-palazzo-set-with-dupatta,,,,,,,,,Wine,,,XS,,,,,,0.0,shopify,10,deny,manual,1750.00,,true,false,,,,,"",https://cdn.shopify.com/s/files/1/1020/9912/4593/files/9A455F66-609B-4547-A8E0-C7C438FA0397.jpg?v=1784814326,31,"",,,,,,,,,,,,,,,,,,,https://cdn.shopify.com/s/files/1/1020/9912/4593/files/50C705C4-69AD-4527-A50D-1CCE4984D10D.jpg?v=1784814326,kg,,,
premium-soft-chinon-mirror-work-palazzo-set-with-dupatta,,,,,,,,,Wine,,,S,,,,,,0.0,shopify,10,deny,manual,1750.00,,true,false,,,,,"",https://cdn.shopify.com/s/files/1/1020/9912/4593/files/D2284D74-926A-421D-B632-6FF13C45D504.jpg?v=1784814326,32,"",,,,,,,,,,,,,,,,,,,https://cdn.shopify.com/s/files/1/1020/9912/4593/files/50C705C4-69AD-4527-A50D-1CCE4984D10D.jpg?v=1784814326,kg,,,
premium-soft-chinon-mirror-work-palazzo-set-with-dupatta,,,,,,,,,Wine,,,M,,,,,,0.0,shopify,10,deny,manual,1750.00,,true,false,,,,,"",https://cdn.shopify.com/s/files/1/1020/9912/4593/files/9665DB1E-A8F8-4BD2-A530-18E991B70B8A.jpg?v=1784814325,33,"",,,,,,,,,,,,,,,,,,,https://cdn.shopify.com/s/files/1/1020/9912/4593/files/50C705C4-69AD-4527-A50D-1CCE4984D10D.jpg?v=1784814326,kg,,,
premium-soft-chinon-mirror-work-palazzo-set-with-dupatta,,,,,,,,,Wine,,,L,,,,,,0.0,shopify,10,deny,manual,1750.00,,true,false,,,,,"",https://cdn.shopify.com/s/files/1/1020/9912/4593/files/CF2E1C64-27A2-4588-8B24-B061515E3C82.jpg?v=1784814326,34,"",,,,,,,,,,,,,,,,,,,https://cdn.shopify.com/s/files/1/1020/9912/4593/files/50C705C4-69AD-4527-A50D-1CCE4984D10D.jpg?v=1784814326,kg,,,
premium-soft-chinon-mirror-work-palazzo-set-with-dupatta,,,,,,,,,Wine,,,XL,,,,,,0.0,shopify,10,deny,manual,1750.00,,true,false,,,,,"",https://cdn.shopify.com/s/files/1/1020/9912/4593/files/C20C3926-834F-4D83-A08A-77C903300CF9.webp?v=1784806362,35,"",,,,,,,,,,,,,,,,,,,https://cdn.shopify.com/s/files/1/1020/9912/4593/files/50C705C4-69AD-4527-A50D-1CCE4984D10D.jpg?v=1784814326,kg,,,
premium-soft-chinon-mirror-work-palazzo-set-with-dupatta,,,,,,,,,Wine,,,2XL,,,,,,0.0,shopify,10,deny,manual,1750.00,,true,false,,,,,"",https://cdn.shopify.com/s/files/1/1020/9912/4593/files/98DA3202-3894-498E-A643-5505C9E85929.webp?v=1784815045,36,"",,,,,,,,,,,,,,,,,,,https://cdn.shopify.com/s/files/1/1020/9912/4593/files/50C705C4-69AD-4527-A50D-1CCE4984D10D.jpg?v=1784814326,kg,,,
premium-soft-chinon-mirror-work-palazzo-set-with-dupatta,,,,,,,,,Hot pink,,,XS,,,,,,0.0,shopify,10,deny,manual,1750.00,,true,false,,,,,"",https://cdn.shopify.com/s/files/1/1020/9912/4593/files/BF4C2436-9718-4CCD-93C3-F2CC6F4C0600.webp?v=1784815089,37,"",,,,,,,,,,,,,,,,,,,https://cdn.shopify.com/s/files/1/1020/9912/4593/files/871485CE-44A5-4039-9C6C-07A7B0AFDA1C.jpg?v=1784814326,kg,,,
premium-soft-chinon-mirror-work-palazzo-set-with-dupatta,,,,,,,,,Hot pink,,,S,,,,,,0.0,shopify,10,deny,manual,1750.00,,true,false,,,,,"",,,,,,,,,,,,,,,,,,,,,,https://cdn.shopify.com/s/files/1/1020/9912/4593/files/871485CE-44A5-4039-9C6C-07A7B0AFDA1C.jpg?v=1784814326,kg,,,
premium-soft-chinon-mirror-work-palazzo-set-with-dupatta,,,,,,,,,Hot pink,,,M,,,,,,0.0,shopify,10,deny,manual,1750.00,,true,false,,,,,"",,,,,,,,,,,,,,,,,,,,,,https://cdn.shopify.com/s/files/1/1020/9912/4593/files/871485CE-44A5-4039-9C6C-07A7B0AFDA1C.jpg?v=1784814326,kg,,,
premium-soft-chinon-mirror-work-palazzo-set-with-dupatta,,,,,,,,,Hot pink,,,L,,,,,,0.0,shopify,10,deny,manual,1750.00,,true,false,,,,,"",,,,,,,,,,,,,,,,,,,,,,https://cdn.shopify.com/s/files/1/1020/9912/4593/files/871485CE-44A5-4039-9C6C-07A7B0AFDA1C.jpg?v=1784814326,kg,,,
premium-soft-chinon-mirror-work-palazzo-set-with-dupatta,,,,,,,,,Hot pink,,,XL,,,,,,0.0,shopify,10,deny,manual,1750.00,,true,false,,,,,"",,,,,,,,,,,,,,,,,,,,,,https://cdn.shopify.com/s/files/1/1020/9912/4593/files/871485CE-44A5-4039-9C6C-07A7B0AFDA1C.jpg?v=1784814326,kg,,,
premium-soft-chinon-mirror-work-palazzo-set-with-dupatta,,,,,,,,,Hot pink,,,2XL,,,,,,0.0,shopify,10,deny,manual,1750.00,,true,false,,,,,"",,,,,,,,,,,,,,,,,,,,,,https://cdn.shopify.com/s/files/1/1020/9912/4593/files/871485CE-44A5-4039-9C6C-07A7B0AFDA1C.jpg?v=1784814326,kg,,,
premium-soft-chinon-mirror-work-palazzo-set-with-dupatta,,,,,,,,,Green,,,XS,,,,,,0.0,shopify,10,deny,manual,1750.00,,true,false,,,,,"",,,,,,,,,,,,,,,,,,,,,,https://cdn.shopify.com/s/files/1/1020/9912/4593/files/BF7F9759-C717-4E46-917C-6479F9AEADF7.jpg?v=1784814326,kg,,,
premium-soft-chinon-mirror-work-palazzo-set-with-dupatta,,,,,,,,,Green,,,S,,,,,,0.0,shopify,10,deny,manual,1750.00,,true,false,,,,,"",,,,,,,,,,,,,,,,,,,,,,https://cdn.shopify.com/s/files/1/1020/9912/4593/files/BF7F9759-C717-4E46-917C-6479F9AEADF7.jpg?v=1784814326,kg,,,
premium-soft-chinon-mirror-work-palazzo-set-with-dupatta,,,,,,,,,Green,,,M,,,,,,0.0,shopify,10,deny,manual,1750.00,,true,false,,,,,"",,,,,,,,,,,,,,,,,,,,,,https://cdn.shopify.com/s/files/1/1020/9912/4593/files/BF7F9759-C717-4E46-917C-6479F9AEADF7.jpg?v=1784814326,kg,,,
premium-soft-chinon-mirror-work-palazzo-set-with-dupatta,,,,,,,,,Green,,,L,,,,,,0.0,shopify,10,deny,manual,1750.00,,true,false,,,,,"",,,,,,,,,,,,,,,,,,,,,,https://cdn.shopify.com/s/files/1/1020/9912/4593/files/BF7F9759-C717-4E46-917C-6479F9AEADF7.jpg?v=1784814326,kg,,,
premium-soft-chinon-mirror-work-palazzo-set-with-dupatta,,,,,,,,,Green,,,XL,,,,,,0.0,shopify,10,deny,manual,1750.00,,true,false,,,,,"",,,,,,,,,,,,,,,,,,,,,,https://cdn.shopify.com/s/files/1/1020/9912/4593/files/BF7F9759-C717-4E46-917C-6479F9AEADF7.jpg?v=1784814326,kg,,,
premium-soft-chinon-mirror-work-palazzo-set-with-dupatta,,,,,,,,,Green,,,2XL,,,,,,0.0,shopify,10,deny,manual,1750.00,,true,false,,,,,"",,,,,,,,,,,,,,,,,,,,,,https://cdn.shopify.com/s/files/1/1020/9912/4593/files/BF7F9759-C717-4E46-917C-6479F9AEADF7.jpg?v=1784814326,kg,,,
premium-soft-chinon-mirror-work-palazzo-set-with-dupatta,,,,,,,,,Purple,,,XS,,,,,,0.0,shopify,10,deny,manual,1750.00,,true,false,,,,,"",,,,,,,,,,,,,,,,,,,,,,https://cdn.shopify.com/s/files/1/1020/9912/4593/files/BF55EA5D-FB07-42BB-9E1B-77BF731E8897.jpg?v=1784814326,kg,,,
premium-soft-chinon-mirror-work-palazzo-set-with-dupatta,,,,,,,,,Purple,,,S,,,,,,0.0,shopify,10,deny,manual,1750.00,,true,false,,,,,"",,,,,,,,,,,,,,,,,,,,,,https://cdn.shopify.com/s/files/1/1020/9912/4593/files/BF55EA5D-FB07-42BB-9E1B-77BF731E8897.jpg?v=1784814326,kg,,,
premium-soft-chinon-mirror-work-palazzo-set-with-dupatta,,,,,,,,,Purple,,,M,,,,,,0.0,shopify,10,deny,manual,1750.00,,true,false,,,,,"",,,,,,,,,,,,,,,,,,,,,,https://cdn.shopify.com/s/files/1/1020/9912/4593/files/BF55EA5D-FB07-42BB-9E1B-77BF731E8897.jpg?v=1784814326,kg,,,
premium-soft-chinon-mirror-work-palazzo-set-with-dupatta,,,,,,,,,Purple,,,L,,,,,,0.0,shopify,10,deny,manual,1750.00,,true,false,,,,,"",,,,,,,,,,,,,,,,,,,,,,https://cdn.shopify.com/s/files/1/1020/9912/4593/files/BF55EA5D-FB07-42BB-9E1B-77BF731E8897.jpg?v=1784814326,kg,,,
premium-soft-chinon-mirror-work-palazzo-set-with-dupatta,,,,,,,,,Purple,,,XL,,,,,,0.0,shopify,10,deny,manual,1750.00,,true,false,,,,,"",,,,,,,,,,,,,,,,,,,,,,https://cdn.shopify.com/s/files/1/1020/9912/4593/files/BF55EA5D-FB07-42BB-9E1B-77BF731E8897.jpg?v=1784814326,kg,,,
premium-soft-chinon-mirror-work-palazzo-set-with-dupatta,,,,,,,,,Purple,,,2XL,,,,,,0.0,shopify,10,deny,manual,1750.00,,true,false,,,,,"",,,,,,,,,,,,,,,,,,,,,,https://cdn.shopify.com/s/files/1/1020/9912/4593/files/BF55EA5D-FB07-42BB-9E1B-77BF731E8897.jpg?v=1784814326,kg,,,
premium-soft-chinon-mirror-work-palazzo-set-with-dupatta,,,,,,,,,Skyblue,,,XS,,,,,,0.0,shopify,10,deny,manual,1750.00,,true,false,,,,,"",,,,,,,,,,,,,,,,,,,,,,https://cdn.shopify.com/s/files/1/1020/9912/4593/files/485F1513-ED2A-49BA-99E5-0B7D30785C67.jpg?v=1784814326,kg,,,
premium-soft-chinon-mirror-work-palazzo-set-with-dupatta,,,,,,,,,Skyblue,,,S,,,,,,0.0,shopify,10,deny,manual,1750.00,,true,false,,,,,"",,,,,,,,,,,,,,,,,,,,,,https://cdn.shopify.com/s/files/1/1020/9912/4593/files/485F1513-ED2A-49BA-99E5-0B7D30785C67.jpg?v=1784814326,kg,,,
premium-soft-chinon-mirror-work-palazzo-set-with-dupatta,,,,,,,,,Skyblue,,,M,,,,,,0.0,shopify,10,deny,manual,1750.00,,true,false,,,,,"",,,,,,,,,,,,,,,,,,,,,,https://cdn.shopify.com/s/files/1/1020/9912/4593/files/485F1513-ED2A-49BA-99E5-0B7D30785C67.jpg?v=1784814326,kg,,,
premium-soft-chinon-mirror-work-palazzo-set-with-dupatta,,,,,,,,,Skyblue,,,L,,,,,,0.0,shopify,10,deny,manual,1750.00,,true,false,,,,,"",,,,,,,,,,,,,,,,,,,,,,https://cdn.shopify.com/s/files/1/1020/9912/4593/files/485F1513-ED2A-49BA-99E5-0B7D30785C67.jpg?v=1784814326,kg,,,
premium-soft-chinon-mirror-work-palazzo-set-with-dupatta,,,,,,,,,Skyblue,,,XL,,,,,,0.0,shopify,10,deny,manual,1750.00,,true,false,,,,,"",,,,,,,,,,,,,,,,,,,,,,https://cdn.shopify.com/s/files/1/1020/9912/4593/files/485F1513-ED2A-49BA-99E5-0B7D30785C67.jpg?v=1784814326,kg,,,
premium-soft-chinon-mirror-work-palazzo-set-with-dupatta,,,,,,,,,Skyblue,,,2XL,,,,,,0.0,shopify,10,deny,manual,1750.00,,true,false,,,,,"",,,,,,,,,,,,,,,,,,,,,,https://cdn.shopify.com/s/files/1/1020/9912/4593/files/485F1513-ED2A-49BA-99E5-0B7D30785C67.jpg?v=1784814326,kg,,,
premium-soft-chinon-mirror-work-palazzo-set-with-dupatta,,,,,,,,,Mustard,,,XS,,,,,,0.0,shopify,10,deny,manual,1750.00,,true,false,,,,,"",,,,,,,,,,,,,,,,,,,,,,https://cdn.shopify.com/s/files/1/1020/9912/4593/files/6524EF04-B541-4A76-9A13-D200D0779168.jpg?v=1784814326,kg,,,
premium-soft-chinon-mirror-work-palazzo-set-with-dupatta,,,,,,,,,Mustard,,,S,,,,,,0.0,shopify,10,deny,manual,1750.00,,true,false,,,,,"",,,,,,,,,,,,,,,,,,,,,,https://cdn.shopify.com/s/files/1/1020/9912/4593/files/6524EF04-B541-4A76-9A13-D200D0779168.jpg?v=1784814326,kg,,,
premium-soft-chinon-mirror-work-palazzo-set-with-dupatta,,,,,,,,,Mustard,,,M,,,,,,0.0,shopify,10,deny,manual,1750.00,,true,false,,,,,"",,,,,,,,,,,,,,,,,,,,,,https://cdn.shopify.com/s/files/1/1020/9912/4593/files/6524EF04-B541-4A76-9A13-D200D0779168.jpg?v=1784814326,kg,,,
premium-soft-chinon-mirror-work-palazzo-set-with-dupatta,,,,,,,,,Mustard,,,L,,,,,,0.0,shopify,10,deny,manual,1750.00,,true,false,,,,,"",,,,,,,,,,,,,,,,,,,,,,https://cdn.shopify.com/s/files/1/1020/9912/4593/files/6524EF04-B541-4A76-9A13-D200D0779168.jpg?v=1784814326,kg,,,
premium-soft-chinon-mirror-work-palazzo-set-with-dupatta,,,,,,,,,Mustard,,,XL,,,,,,0.0,shopify,10,deny,manual,1750.00,,true,false,,,,,"",,,,,,,,,,,,,,,,,,,,,,https://cdn.shopify.com/s/files/1/1020/9912/4593/files/6524EF04-B541-4A76-9A13-D200D0779168.jpg?v=1784814326,kg,,,
premium-soft-chinon-mirror-work-palazzo-set-with-dupatta,,,,,,,,,Mustard,,,2XL,,,,,,0.0,shopify,10,deny,manual,1750.00,,true,false,,,,,"",,,,,,,,,,,,,,,,,,,,,,https://cdn.shopify.com/s/files/1/1020/9912/4593/files/6524EF04-B541-4A76-9A13-D200D0779168.jpg?v=1784814326,kg,,,
premium-soft-chinon-mirror-work-palazzo-set-with-dupatta,,,,,,,,,Pista,,,XS,,,,,,0.0,shopify,10,deny,manual,1750.00,,true,false,,,,,"",,,,,,,,,,,,,,,,,,,,,,https://cdn.shopify.com/s/files/1/1020/9912/4593/files/3C02FE81-09A4-4E02-A02B-908B801B944E.jpg?v=1784814326,kg,,,
premium-soft-chinon-mirror-work-palazzo-set-with-dupatta,,,,,,,,,Pista,,,S,,,,,,0.0,shopify,10,deny,manual,1750.00,,true,false,,,,,"",,,,,,,,,,,,,,,,,,,,,,https://cdn.shopify.com/s/files/1/1020/9912/4593/files/3C02FE81-09A4-4E02-A02B-908B801B944E.jpg?v=1784814326,kg,,,
premium-soft-chinon-mirror-work-palazzo-set-with-dupatta,,,,,,,,,Pista,,,M,,,,,,0.0,shopify,10,deny,manual,1750.00,,true,false,,,,,"",,,,,,,,,,,,,,,,,,,,,,https://cdn.shopify.com/s/files/1/1020/9912/4593/files/3C02FE81-09A4-4E02-A02B-908B801B944E.jpg?v=1784814326,kg,,,
premium-soft-chinon-mirror-work-palazzo-set-with-dupatta,,,,,,,,,Pista,,,L,,,,,,0.0,shopify,10,deny,manual,1750.00,,true,false,,,,,"",,,,,,,,,,,,,,,,,,,,,,https://cdn.shopify.com/s/files/1/1020/9912/4593/files/3C02FE81-09A4-4E02-A02B-908B801B944E.jpg?v=1784814326,kg,,,
premium-soft-chinon-mirror-work-palazzo-set-with-dupatta,,,,,,,,,Pista,,,XL,,,,,,0.0,shopify,10,deny,manual,1750.00,,true,false,,,,,"",,,,,,,,,,,,,,,,,,,,,,https://cdn.shopify.com/s/files/1/1020/9912/4593/files/3C02FE81-09A4-4E02-A02B-908B801B944E.jpg?v=1784814326,kg,,,
premium-soft-chinon-mirror-work-palazzo-set-with-dupatta,,,,,,,,,Pista,,,2XL,,,,,,0.0,shopify,10,deny,manual,1750.00,,true,false,,,,,"",,,,,,,,,,,,,,,,,,,,,,https://cdn.shopify.com/s/files/1/1020/9912/4593/files/3C02FE81-09A4-4E02-A02B-908B801B944E.jpg?v=1784814326,kg,,,
premium-soft-chinon-mirror-work-palazzo-set-with-dupatta,,,,,,,,,Chocolate,,,XS,,,,,,0.0,shopify,10,deny,manual,1750.00,,true,false,,,,,"",,,,,,,,,,,,,,,,,,,,,,https://cdn.shopify.com/s/files/1/1020/9912/4593/files/85D71FEE-066D-4052-9D10-ECCC877E5804.jpg?v=1784814326,kg,,,
premium-soft-chinon-mirror-work-palazzo-set-with-dupatta,,,,,,,,,Chocolate,,,S,,,,,,0.0,shopify,10,deny,manual,1750.00,,true,false,,,,,"",,,,,,,,,,,,,,,,,,,,,,https://cdn.shopify.com/s/files/1/1020/9912/4593/files/85D71FEE-066D-4052-9D10-ECCC877E5804.jpg?v=1784814326,kg,,,
premium-soft-chinon-mirror-work-palazzo-set-with-dupatta,,,,,,,,,Chocolate,,,M,,,,,,0.0,shopify,10,deny,manual,1750.00,,true,false,,,,,"",,,,,,,,,,,,,,,,,,,,,,https://cdn.shopify.com/s/files/1/1020/9912/4593/files/85D71FEE-066D-4052-9D10-ECCC877E5804.jpg?v=1784814326,kg,,,
premium-soft-chinon-mirror-work-palazzo-set-with-dupatta,,,,,,,,,Chocolate,,,L,,,,,,0.0,shopify,10,deny,manual,1750.00,,true,false,,,,,"",,,,,,,,,,,,,,,,,,,,,,https://cdn.shopify.com/s/files/1/1020/9912/4593/files/85D71FEE-066D-4052-9D10-ECCC877E5804.jpg?v=1784814326,kg,,,
premium-soft-chinon-mirror-work-palazzo-set-with-dupatta,,,,,,,,,Chocolate,,,XL,,,,,,0.0,shopify,10,deny,manual,1750.00,,true,false,,,,,"",,,,,,,,,,,,,,,,,,,,,,https://cdn.shopify.com/s/files/1/1020/9912/4593/files/85D71FEE-066D-4052-9D10-ECCC877E5804.jpg?v=1784814326,kg,,,
premium-soft-chinon-mirror-work-palazzo-set-with-dupatta,,,,,,,,,Chocolate,,,2XL,,,,,,0.0,shopify,10,deny,manual,1750.00,,true,false,,,,,"",,,,,,,,,,,,,,,,,,,,,,https://cdn.shopify.com/s/files/1/1020/9912/4593/files/85D71FEE-066D-4052-9D10-ECCC877E5804.jpg?v=1784814326,kg,,,
premium-soft-chinon-mirror-work-palazzo-set-with-dupatta,,,,,,,,,Onion,,,XS,,,,,,0.0,shopify,10,deny,manual,1750.00,,true,false,,,,,"",,,,,,,,,,,,,,,,,,,,,,https://cdn.shopify.com/s/files/1/1020/9912/4593/files/4F1EBB43-6E49-4240-B20E-E576CF4307A5.jpg?v=1784814326,kg,,,
premium-soft-chinon-mirror-work-palazzo-set-with-dupatta,,,,,,,,,Onion,,,S,,,,,,0.0,shopify,10,deny,manual,1750.00,,true,false,,,,,"",,,,,,,,,,,,,,,,,,,,,,https://cdn.shopify.com/s/files/1/1020/9912/4593/files/4F1EBB43-6E49-4240-B20E-E576CF4307A5.jpg?v=1784814326,kg,,,
premium-soft-chinon-mirror-work-palazzo-set-with-dupatta,,,,,,,,,Onion,,,M,,,,,,0.0,shopify,10,deny,manual,1750.00,,true,false,,,,,"",,,,,,,,,,,,,,,,,,,,,,https://cdn.shopify.com/s/files/1/1020/9912/4593/files/4F1EBB43-6E49-4240-B20E-E576CF4307A5.jpg?v=1784814326,kg,,,
premium-soft-chinon-mirror-work-palazzo-set-with-dupatta,,,,,,,,,Onion,,,L,,,,,,0.0,shopify,10,deny,manual,1750.00,,true,false,,,,,"",,,,,,,,,,,,,,,,,,,,,,https://cdn.shopify.com/s/files/1/1020/9912/4593/files/4F1EBB43-6E49-4240-B20E-E576CF4307A5.jpg?v=1784814326,kg,,,
premium-soft-chinon-mirror-work-palazzo-set-with-dupatta,,,,,,,,,Onion,,,XL,,,,,,0.0,shopify,10,deny,manual,1750.00,,true,false,,,,,"",,,,,,,,,,,,,,,,,,,,,,https://cdn.shopify.com/s/files/1/1020/9912/4593/files/4F1EBB43-6E49-4240-B20E-E576CF4307A5.jpg?v=1784814326,kg,,,
premium-soft-chinon-mirror-work-palazzo-set-with-dupatta,,,,,,,,,Onion,,,2XL,,,,,,0.0,shopify,10,deny,manual,1750.00,,true,false,,,,,"",,,,,,,,,,,,,,,,,,,,,,https://cdn.shopify.com/s/files/1/1020/9912/4593/files/4F1EBB43-6E49-4240-B20E-E576CF4307A5.jpg?v=1784814326,kg,,,
premium-soft-chinon-mirror-work-palazzo-set-with-dupatta,,,,,,,,,Peach,,,XS,,,,,,0.0,shopify,10,deny,manual,1750.00,,true,false,,,,,"",,,,,,,,,,,,,,,,,,,,,,https://cdn.shopify.com/s/files/1/1020/9912/4593/files/C1855F80-42B6-4779-AEB0-8C0C13B94F61.jpg?v=1784814325,kg,,,
premium-soft-chinon-mirror-work-palazzo-set-with-dupatta,,,,,,,,,Peach,,,S,,,,,,0.0,shopify,10,deny,manual,1750.00,,true,false,,,,,"",,,,,,,,,,,,,,,,,,,,,,https://cdn.shopify.com/s/files/1/1020/9912/4593/files/C1855F80-42B6-4779-AEB0-8C0C13B94F61.jpg?v=1784814325,kg,,,
premium-soft-chinon-mirror-work-palazzo-set-with-dupatta,,,,,,,,,Peach,,,M,,,,,,0.0,shopify,10,deny,manual,1750.00,,true,false,,,,,"",,,,,,,,,,,,,,,,,,,,,,https://cdn.shopify.com/s/files/1/1020/9912/4593/files/C1855F80-42B6-4779-AEB0-8C0C13B94F61.jpg?v=1784814325,kg,,,
premium-soft-chinon-mirror-work-palazzo-set-with-dupatta,,,,,,,,,Peach,,,L,,,,,,0.0,shopify,10,deny,manual,1750.00,,true,false,,,,,"",,,,,,,,,,,,,,,,,,,,,,https://cdn.shopify.com/s/files/1/1020/9912/4593/files/C1855F80-42B6-4779-AEB0-8C0C13B94F61.jpg?v=1784814325,kg,,,
premium-soft-chinon-mirror-work-palazzo-set-with-dupatta,,,,,,,,,Peach,,,XL,,,,,,0.0,shopify,10,deny,manual,1750.00,,true,false,,,,,"",,,,,,,,,,,,,,,,,,,,,,https://cdn.shopify.com/s/files/1/1020/9912/4593/files/C1855F80-42B6-4779-AEB0-8C0C13B94F61.jpg?v=1784814325,kg,,,
premium-soft-chinon-mirror-work-palazzo-set-with-dupatta,,,,,,,,,Peach,,,2XL,,,,,,0.0,shopify,10,deny,manual,1750.00,,true,false,,,,,"",,,,,,,,,,,,,,,,,,,,,,https://cdn.shopify.com/s/files/1/1020/9912/4593/files/C1855F80-42B6-4779-AEB0-8C0C13B94F61.jpg?v=1784814325,kg,,,
premium-soft-chinon-mirror-work-palazzo-set-with-dupatta,,,,,,,,,Grey,,,XS,,,,,,0.0,shopify,10,deny,manual,1750.00,,true,false,,,,,"",,,,,,,,,,,,,,,,,,,,,,https://cdn.shopify.com/s/files/1/1020/9912/4593/files/9A455F66-609B-4547-A8E0-C7C438FA0397.jpg?v=1784814326,kg,,,
premium-soft-chinon-mirror-work-palazzo-set-with-dupatta,,,,,,,,,Grey,,,S,,,,,,0.0,shopify,10,deny,manual,1750.00,,true,false,,,,,"",,,,,,,,,,,,,,,,,,,,,,https://cdn.shopify.com/s/files/1/1020/9912/4593/files/9A455F66-609B-4547-A8E0-C7C438FA0397.jpg?v=1784814326,kg,,,
premium-soft-chinon-mirror-work-palazzo-set-with-dupatta,,,,,,,,,Grey,,,M,,,,,,0.0,shopify,10,deny,manual,1750.00,,true,false,,,,,"",,,,,,,,,,,,,,,,,,,,,,https://cdn.shopify.com/s/files/1/1020/9912/4593/files/9A455F66-609B-4547-A8E0-C7C438FA0397.jpg?v=1784814326,kg,,,
premium-soft-chinon-mirror-work-palazzo-set-with-dupatta,,,,,,,,,Grey,,,L,,,,,,0.0,shopify,10,deny,manual,1750.00,,true,false,,,,,"",,,,,,,,,,,,,,,,,,,,,,https://cdn.shopify.com/s/files/1/1020/9912/4593/files/9A455F66-609B-4547-A8E0-C7C438FA0397.jpg?v=1784814326,kg,,,
premium-soft-chinon-mirror-work-palazzo-set-with-dupatta,,,,,,,,,Grey,,,XL,,,,,,0.0,shopify,10,deny,manual,1750.00,,true,false,,,,,"",,,,,,,,,,,,,,,,,,,,,,https://cdn.shopify.com/s/files/1/1020/9912/4593/files/9A455F66-609B-4547-A8E0-C7C438FA0397.jpg?v=1784814326,kg,,,
premium-soft-chinon-mirror-work-palazzo-set-with-dupatta,,,,,,,,,Grey,,,2XL,,,,,,0.0,shopify,10,deny,manual,1750.00,,true,false,,,,,"",,,,,,,,,,,,,,,,,,,,,,https://cdn.shopify.com/s/files/1/1020/9912/4593/files/9A455F66-609B-4547-A8E0-C7C438FA0397.jpg?v=1784814326,kg,,,
premium-soft-chinon-mirror-work-palazzo-set-with-dupatta,,,,,,,,,Black,,,XS,,,,,,0.0,shopify,10,deny,manual,1750.00,,true,false,,,,,"",,,,,,,,,,,,,,,,,,,,,,https://cdn.shopify.com/s/files/1/1020/9912/4593/files/C20C3926-834F-4D83-A08A-77C903300CF9.webp?v=1784806362,kg,,,
premium-soft-chinon-mirror-work-palazzo-set-with-dupatta,,,,,,,,,Black,,,S,,,,,,0.0,shopify,10,deny,manual,1750.00,,true,false,,,,,"",,,,,,,,,,,,,,,,,,,,,,https://cdn.shopify.com/s/files/1/1020/9912/4593/files/C20C3926-834F-4D83-A08A-77C903300CF9.webp?v=1784806362,kg,,,
premium-soft-chinon-mirror-work-palazzo-set-with-dupatta,,,,,,,,,Black,,,M,,,,,,0.0,shopify,10,deny,manual,1750.00,,true,false,,,,,"",,,,,,,,,,,,,,,,,,,,,,https://cdn.shopify.com/s/files/1/1020/9912/4593/files/C20C3926-834F-4D83-A08A-77C903300CF9.webp?v=1784806362,kg,,,
premium-soft-chinon-mirror-work-palazzo-set-with-dupatta,,,,,,,,,Black,,,L,,,,,,0.0,shopify,10,deny,manual,1750.00,,true,false,,,,,"",,,,,,,,,,,,,,,,,,,,,,https://cdn.shopify.com/s/files/1/1020/9912/4593/files/C20C3926-834F-4D83-A08A-77C903300CF9.webp?v=1784806362,kg,,,
premium-soft-chinon-mirror-work-palazzo-set-with-dupatta,,,,,,,,,Black,,,XL,,,,,,0.0,shopify,10,deny,manual,1750.00,,true,false,,,,,"",,,,,,,,,,,,,,,,,,,,,,https://cdn.shopify.com/s/files/1/1020/9912/4593/files/C20C3926-834F-4D83-A08A-77C903300CF9.webp?v=1784806362,kg,,,
premium-soft-chinon-mirror-work-palazzo-set-with-dupatta,,,,,,,,,Black,,,2XL,,,,,,0.0,shopify,10,deny,manual,1750.00,,true,false,,,,,"",,,,,,,,,,,,,,,,,,,,,,https://cdn.shopify.com/s/files/1/1020/9912/4593/files/C20C3926-834F-4D83-A08A-77C903300CF9.webp?v=1784806362,kg,,,
premium-soft-chinon-mirror-work-palazzo-set-with-dupatta,,,,,,,,,Mahroon,,,XS,,,,,,0.0,shopify,10,deny,manual,1750.00,,true,false,,,,,"",,,,,,,,,,,,,,,,,,,,,,https://cdn.shopify.com/s/files/1/1020/9912/4593/files/BF4C2436-9718-4CCD-93C3-F2CC6F4C0600.webp?v=1784815089,kg,,,
premium-soft-chinon-mirror-work-palazzo-set-with-dupatta,,,,,,,,,Mahroon,,,S,,,,,,0.0,shopify,10,deny,manual,1750.00,,true,false,,,,,"",,,,,,,,,,,,,,,,,,,,,,https://cdn.shopify.com/s/files/1/1020/9912/4593/files/BF4C2436-9718-4CCD-93C3-F2CC6F4C0600.webp?v=1784815089,kg,,,
premium-soft-chinon-mirror-work-palazzo-set-with-dupatta,,,,,,,,,Mahroon,,,M,,,,,,0.0,shopify,10,deny,manual,1750.00,,true,false,,,,,"",,,,,,,,,,,,,,,,,,,,,,https://cdn.shopify.com/s/files/1/1020/9912/4593/files/BF4C2436-9718-4CCD-93C3-F2CC6F4C0600.webp?v=1784815089,kg,,,
premium-soft-chinon-mirror-work-palazzo-set-with-dupatta,,,,,,,,,Mahroon,,,L,,,,,,0.0,shopify,10,deny,manual,1750.00,,true,false,,,,,"",,,,,,,,,,,,,,,,,,,,,,https://cdn.shopify.com/s/files/1/1020/9912/4593/files/BF4C2436-9718-4CCD-93C3-F2CC6F4C0600.webp?v=1784815089,kg,,,
premium-soft-chinon-mirror-work-palazzo-set-with-dupatta,,,,,,,,,Mahroon,,,XL,,,,,,0.0,shopify,10,deny,manual,1750.00,,true,false,,,,,"",,,,,,,,,,,,,,,,,,,,,,https://cdn.shopify.com/s/files/1/1020/9912/4593/files/BF4C2436-9718-4CCD-93C3-F2CC6F4C0600.webp?v=1784815089,kg,,,
premium-soft-chinon-mirror-work-palazzo-set-with-dupatta,,,,,,,,,Mahroon,,,2XL,,,,,,0.0,shopify,10,deny,manual,1750.00,,true,false,,,,,"",,,,,,,,,,,,,,,,,,,,,,https://cdn.shopify.com/s/files/1/1020/9912/4593/files/BF4C2436-9718-4CCD-93C3-F2CC6F4C0600.webp?v=1784815089,kg,,,
premium-soft-chinon-mirror-work-palazzo-set-with-dupatta,,,,,,,,,Dark purple,,,XS,,,,,,0.0,shopify,10,deny,manual,1750.00,,true,false,,,,,"",,,,,,,,,,,,,,,,,,,,,,https://cdn.shopify.com/s/files/1/1020/9912/4593/files/9665DB1E-A8F8-4BD2-A530-18E991B70B8A.jpg?v=1784814325,kg,,,
premium-soft-chinon-mirror-work-palazzo-set-with-dupatta,,,,,,,,,Dark purple,,,S,,,,,,0.0,shopify,10,deny,manual,1750.00,,true,false,,,,,"",,,,,,,,,,,,,,,,,,,,,,https://cdn.shopify.com/s/files/1/1020/9912/4593/files/9665DB1E-A8F8-4BD2-A530-18E991B70B8A.jpg?v=1784814325,kg,,,
premium-soft-chinon-mirror-work-palazzo-set-with-dupatta,,,,,,,,,Dark purple,,,M,,,,,,0.0,shopify,10,deny,manual,1750.00,,true,false,,,,,"",,,,,,,,,,,,,,,,,,,,,,https://cdn.shopify.com/s/files/1/1020/9912/4593/files/9665DB1E-A8F8-4BD2-A530-18E991B70B8A.jpg?v=1784814325,kg,,,
premium-soft-chinon-mirror-work-palazzo-set-with-dupatta,,,,,,,,,Dark purple,,,L,,,,,,0.0,shopify,10,deny,manual,1750.00,,true,false,,,,,"",,,,,,,,,,,,,,,,,,,,,,https://cdn.shopify.com/s/files/1/1020/9912/4593/files/9665DB1E-A8F8-4BD2-A530-18E991B70B8A.jpg?v=1784814325,kg,,,
premium-soft-chinon-mirror-work-palazzo-set-with-dupatta,,,,,,,,,Dark purple,,,XL,,,,,,0.0,shopify,10,deny,manual,1750.00,,true,false,,,,,"",,,,,,,,,,,,,,,,,,,,,,https://cdn.shopify.com/s/files/1/1020/9912/4593/files/9665DB1E-A8F8-4BD2-A530-18E991B70B8A.jpg?v=1784814325,kg,,,
premium-soft-chinon-mirror-work-palazzo-set-with-dupatta,,,,,,,,,Dark purple,,,2XL,,,,,,0.0,shopify,10,deny,manual,1750.00,,true,false,,,,,"",,,,,,,,,,,,,,,,,,,,,,https://cdn.shopify.com/s/files/1/1020/9912/4593/files/9665DB1E-A8F8-4BD2-A530-18E991B70B8A.jpg?v=1784814325,kg,,,
3-piece-designer-set,3-piece designer set,"<p><span>Top</span><span><br> </span><span>• Fabric: Heavy Pure Natural Crepe with Digital Print</span><span><br> </span><span>• Inner: Micro Cotton</span><span><br> </span><span>• Sleeves: Fully Fancy Sleeves</span><span><br> </span><span>• Sizes: M(38), L(40), XL(42), XXL(44)</span><span><br> </span><span>• Type: Fully Stitched</span></p>
<p><span>👖 </span><span>Farshi Pant</span><span><br> </span><span>• Fabric: Heavy Pure Natural Crepe with Digital Print</span><span><br> </span><span>• Inner: Heavy Micro Cotton</span><span><br> </span><span>• Length: 40–41 Inches</span><span><br> </span><span>• Type: Fully Stitched</span></p>
<p><span>🧣 </span><span>Dupatta</span><span><br> </span><span>• Fabric: Faux Georgette with Digital Print</span></p>",Anjuclothing ,Apparel & Accessories > Clothing > Traditional & Ceremonial Clothing > Salwar Kameez & Suit Sets,"","",true,Size,M,,,,,,,,,0.0,shopify,10,deny,manual,1530.00,3500.00,true,false,,,,,"",https://cdn.shopify.com/s/files/1/1020/9912/4593/files/D1EAC9FD-6102-4C31-9116-FCCBAB83BC31.png?v=1789220006,1,"",false,,,,,,,,,,round,,,,,long,,,,kg,,,active
3-piece-designer-set,,,,,,,,,L,,,,,,,,,0.0,shopify,10,deny,manual,1530.00,3500.00,true,false,,,,,"",https://cdn.shopify.com/s/files/1/1020/9912/4593/files/5856A5FE-A654-43F4-B2CE-62E298658C34.jpg?v=1784800570,2,"",,,,,,,,,,,,,,,,,,,,kg,,,
3-piece-designer-set,,,,,,,,,XL,,,,,,,,,0.0,shopify,10,deny,manual,1530.00,3500.00,true,false,,,,,"",https://cdn.shopify.com/s/files/1/1020/9912/4593/files/32955A7F-6A42-4D37-AD40-0FFC9BE8587B.jpg?v=1784800570,3,"",,,,,,,,,,,,,,,,,,,,kg,,,
3-piece-designer-set,,,,,,,,,2XL,,,,,,,,,0.0,shopify,10,deny,manual,1530.00,3500.00,true,false,,,,,"",https://cdn.shopify.com/s/files/1/1020/9912/4593/files/27F17D9D-A6FC-441D-93FB-DCC0B484F896.jpg?v=1784800570,4,"",,,,,,,,,,,,,,,,,,,,kg,,,
3-piece-designer-set,,,,,,,,,,,,,,,,,,,,,,,,,,,,,,,"",https://cdn.shopify.com/s/files/1/1020/9912/4593/files/968D84E9-035E-4285-B1FE-A6B36A964067.jpg?v=1784800570,5,"",,,,,,,,,,,,,,,,,,,,,,,
premium-embroidered-butta-anarkali-suit-set-with-printed-georgette-dupatta,Premium Embroidered Butta Anarkali Suit Set With Printed Georgette Dupatta,"<p><span>ANARKALI DETAILS</span><span><br> </span><span>• Fabric : Embroidered Butta Fabric</span><span><br> </span><span>• Work : Embroidery Work</span><span><br> </span><span>• Length : 49+ Inches</span><span><br> </span><span>• Flair : Heavy Full Flare</span><span><br> </span><span>• Size : XS(34), S(36), M(38) With Margin Up To Size 44 | Fully Stitched Ready To Wear</span></p>
<p><span>PANT DETAILS</span><span><br> </span><span>• Fabric : Butter Silk</span><span><br> </span><span>• Stitching : Fully Stitched</span></p>
<p><span>DUPATTA DETAILS</span><span><br> </span><span>• Fabric : Printed Georgette</span><span><br> </span><span>• Work : Lace Border</span><span><br> </span><span>• Length : 2 Meters</span></p>",Anjuclothing ,,"","",true,Colour,White,,Size,XS,,,,,,0.0,shopify,0,deny,manual,1699.00,3500.00,true,false,,,,,"",https://cdn.shopify.com/s/files/1/1020/9912/4593/files/6ABC2D05-C38E-4EBC-B022-72C26207B00B.png?v=1789220007,1,"",false,,,,,,,,,,,,,,,,,,,kg,,,active
premium-embroidered-butta-anarkali-suit-set-with-printed-georgette-dupatta,,,,,,,,,Black,,,XS,,,,,,0.0,shopify,0,deny,manual,1699.00,3500.00,true,false,,,,,"",https://cdn.shopify.com/s/files/1/1020/9912/4593/files/7DEC8743-4D0F-4F1E-8F68-E8B7CD194C01.jpg?v=1784735529,2,"",,,,,,,,,,,,,,,,,,,,kg,,,
premium-embroidered-butta-anarkali-suit-set-with-printed-georgette-dupatta,,,,,,,,,White,,,S,,,,,,0.0,shopify,0,deny,manual,1699.00,3500.00,true,false,,,,,"",https://cdn.shopify.com/s/files/1/1020/9912/4593/files/81D5D33D-125D-4A08-A7EA-EB732344AAAB.jpg?v=1784735529,3,"",,,,,,,,,,,,,,,,,,,,kg,,,
premium-embroidered-butta-anarkali-suit-set-with-printed-georgette-dupatta,,,,,,,,,White,,,M,,,,,,0.0,shopify,0,deny,manual,1699.00,3500.00,true,false,,,,,"",https://cdn.shopify.com/s/files/1/1020/9912/4593/files/3406626E-749E-4566-86A7-15911424DCEC.jpg?v=1784735529,4,"",,,,,,,,,,,,,,,,,,,,kg,,,
premium-embroidered-butta-anarkali-suit-set-with-printed-georgette-dupatta,,,,,,,,,White,,,L,,,,,,0.0,shopify,0,deny,manual,1699.00,3500.00,true,false,,,,,"",https://cdn.shopify.com/s/files/1/1020/9912/4593/files/399449EC-DFBE-47BB-AA9E-C388610129B0.jpg?v=1784735529,5,"",,,,,,,,,,,,,,,,,,,,kg,,,
premium-embroidered-butta-anarkali-suit-set-with-printed-georgette-dupatta,,,,,,,,,White,,,XL,,,,,,0.0,shopify,0,deny,manual,1699.00,3500.00,true,false,,,,,"",https://cdn.shopify.com/s/files/1/1020/9912/4593/files/7D8E6B96-ACCE-492D-99F6-2508E33A2FFE.jpg?v=1784735529,6,"",,,,,,,,,,,,,,,,,,,,kg,,,
premium-embroidered-butta-anarkali-suit-set-with-printed-georgette-dupatta,,,,,,,,,Black,,,S,,,,,,0.0,shopify,0,deny,manual,1699.00,3500.00,true,false,,,,,"",https://cdn.shopify.com/s/files/1/1020/9912/4593/files/0DF50D73-07D2-480C-A5FF-C7709304B4BE.jpg?v=1784735529,7,"",,,,,,,,,,,,,,,,,,,,kg,,,
premium-embroidered-butta-anarkali-suit-set-with-printed-georgette-dupatta,,,,,,,,,Black,,,M,,,,,,0.0,shopify,0,deny,manual,1699.00,3500.00,true,false,,,,,"",,,,,,,,,,,,,,,,,,,,,,,kg,,,
premium-embroidered-butta-anarkali-suit-set-with-printed-georgette-dupatta,,,,,,,,,Black,,,L,,,,,,0.0,shopify,0,deny,manual,1699.00,3500.00,true,false,,,,,"",,,,,,,,,,,,,,,,,,,,,,,kg,,,
premium-embroidered-butta-anarkali-suit-set-with-printed-georgette-dupatta,,,,,,,,,Black,,,XL,,,,,,0.0,shopify,0,deny,manual,1699.00,3500.00,true,false,,,,,"",,,,,,,,,,,,,,,,,,,,,,,kg,,,
premium-mirror-work-ethnic-set,Premium Mirror Work Ethnic Set,"<p><span>Top</span><span><br> </span><span>• </span><span>Fabric:</span><span> Roman Glass with Real Mirror Work</span><span><br> </span><span>• </span><span>Inner:</span><span> Heavy Micro Cotton</span><span><br> </span><span>• </span><span>Sleeves:</span><span> Full Sleeves</span><span><br> </span><span>• </span><span>Length:</span><span> 37–38 inches</span></p>
<p><span> </span><span>Available Sizes:</span><span> S (36), M (38), L (40), XL (42), XXL (44)</span></p>
<p><span>Bottom (Plazzo)</span><span><br> </span><span>• </span><span>Fabric:</span><span> Roman Glass</span><span><br> </span><span>• </span><span>Length:</span><span> 39–40 inches</span></p>
<p><span> </span><span>Dupatta</span><span><br> </span><span>• </span><span>Fabric:</span><span> Kota Checks</span><span><br> </span><span>• </span><span>Design:</span><span> Elegant Lace Border</span></p>",Anjuclothing ,Apparel & Accessories > Clothing > Traditional & Ceremonial Clothing > Salwar Kameez & Suit Sets,"","",true,Colour,Green,,Size,S,,,,,,0.0,shopify,10,deny,manual,2650.00,6500.00,true,false,,,,,"",https://cdn.shopify.com/s/files/1/1020/9912/4593/files/9309EC19-DD6B-4756-8569-FF0E108C1E02.png?v=1789136680,1,"",false,,,,,,,,,,,,,,,long,,,,kg,,,active
premium-mirror-work-ethnic-set,,,,,,,,,Green,,,M,,,,,,0.0,shopify,10,deny,manual,2650.00,6500.00,true,false,,,,,"",https://cdn.shopify.com/s/files/1/1020/9912/4593/files/C6907B3D-B08F-4E2D-8714-084AC0BE4FF9.jpg?v=1784725423,2,"",,,,,,,,,,,,,,,,,,,,kg,,,
premium-mirror-work-ethnic-set,,,,,,,,,Green,,,L,,,,,,0.0,shopify,10,deny,manual,2650.00,6500.00,true,false,,,,,"",https://cdn.shopify.com/s/files/1/1020/9912/4593/files/C3ACF5BB-7ACC-406D-8EEE-74E805728E26.jpg?v=1784725423,3,"",,,,,,,,,,,,,,,,,,,,kg,,,
premium-mirror-work-ethnic-set,,,,,,,,,Green,,,XL,,,,,,0.0,shopify,10,deny,manual,2650.00,6500.00,true,false,,,,,"",https://cdn.shopify.com/s/files/1/1020/9912/4593/files/6495BDB3-2D06-470E-A380-5A3F93665B95.jpg?v=1785476664,4,"",,,,,,,,,,,,,,,,,,,,kg,,,
premium-mirror-work-ethnic-set,,,,,,,,,Green,,,2XL,,,,,,0.0,shopify,10,deny,manual,2650.00,6500.00,true,false,,,,,"",https://cdn.shopify.com/s/files/1/1020/9912/4593/files/051EEBD3-1BE6-4B07-B208-5B423B47F436.jpg?v=1785476664,5,"",,,,,,,,,,,,,,,,,,,,kg,,,
premium-mirror-work-ethnic-set,,,,,,,,,Cream,,,S,,,,,,0.0,shopify,10,deny,manual,2650.00,6500.00,true,false,,,,,"",https://cdn.shopify.com/s/files/1/1020/9912/4593/files/8061AAC7-20B6-401C-8B7E-C1A3D6F80A7F.jpg?v=1785476664,6,"",,,,,,,,,,,,,,,,,,,,kg,,,
premium-mirror-work-ethnic-set,,,,,,,,,Cream,,,M,,,,,,0.0,shopify,10,deny,manual,2650.00,6500.00,true,false,,,,,"",https://cdn.shopify.com/s/files/1/1020/9912/4593/files/60858DEB-296E-4F7C-94CD-4D82789A363D.jpg?v=1788879029,7,"",,,,,,,,,,,,,,,,,,,,kg,,,
premium-mirror-work-ethnic-set,,,,,,,,,Cream,,,L,,,,,,0.0,shopify,10,deny,manual,2650.00,6500.00,true,false,,,,,"",https://cdn.shopify.com/s/files/1/1020/9912/4593/files/D91A2ED2-5C60-4A8F-B747-54413D058B26.jpg?v=1788879029,8,"",,,,,,,,,,,,,,,,,,,,kg,,,
premium-mirror-work-ethnic-set,,,,,,,,,Cream,,,XL,,,,,,0.0,shopify,10,deny,manual,2650.00,6500.00,true,false,,,,,"",,,,,,,,,,,,,,,,,,,,,,,kg,,,
premium-mirror-work-ethnic-set,,,,,,,,,Cream,,,2XL,,,,,,0.0,shopify,10,deny,manual,2650.00,6500.00,true,false,,,,,"",,,,,,,,,,,,,,,,,,,,,,,kg,,,
chinon-silk-3-piece-ethnic-set,Chinon Silk 3-piece ethnic set,"<p><span>Top Details</span><span><br> </span><span>• Fabric: Premium Fendy Silk</span><span><br> </span><span>• Work: Elegant Embroidery Sequence Work</span><span><br> </span><span>• Sleeves: Full Sleeves</span><span><br> </span><span>• Inner: Heavy Micro Cotton</span><span><br> </span><span>• Length: 28–29 Inches</span><span><br> </span><span>• Sizes: M (38), L (40), XL (42), XXL (44)</span></p>
<p><span>👖 Sharara Palazzo</span><span><br> </span><span>• Fabric: Premium Fendy Silk</span><span><br> </span><span>• Style: Full-Flair Sharara</span><span><br> </span><span>• Length: 40–41 Inches</span></p>
<p><span>🧣 Dupatta</span><span><br> </span><span>• Fabric: Premium Fendy Silk</span><span><br> </span><span>• Work: Embroidery Sequence Work with Lace Border</span></p>",Anjuclothing ,,"","",true,Size,M,,,,,,,,,0.0,shopify,10,deny,manual,1599.00,,true,false,,,,,"",https://cdn.shopify.com/s/files/1/1020/9912/4593/files/8EBB27D0-772D-42DC-BB94-3D26AB200D5B.png?v=1789220007,1,"",false,,,,,,,,,,,,,,,,,,,kg,,,active
chinon-silk-3-piece-ethnic-set,,,,,,,,,L,,,,,,,,,0.0,shopify,10,deny,manual,1599.00,,true,false,,,,,"",https://cdn.shopify.com/s/files/1/1020/9912/4593/files/9513E0BC-A6A6-44A7-BCCD-47B05AE9ABDB.jpg?v=1784696180,2,"",,,,,,,,,,,,,,,,,,,,kg,,,
chinon-silk-3-piece-ethnic-set,,,,,,,,,XL,,,,,,,,,0.0,shopify,10,deny,manual,1599.00,,true,false,,,,,"",https://cdn.shopify.com/s/files/1/1020/9912/4593/files/BBAF9FAC-912D-425A-BFD2-FC5C4C8B20F4.jpg?v=1784696180,3,"",,,,,,,,,,,,,,,,,,,,kg,,,
chinon-silk-3-piece-ethnic-set,,,,,,,,,2XL,,,,,,,,,0.0,shopify,10,deny,manual,1599.00,,true,false,,,,,"",https://cdn.shopify.com/s/files/1/1020/9912/4593/files/0D2A9107-F574-42D7-9932-A67224E0DD1F.jpg?v=1784696180,4,"",,,,,,,,,,,,,,,,,,,,kg,,,
chinon-silk-3-piece-ethnic-set,,,,,,,,,,,,,,,,,,,,,,,,,,,,,,,"",https://cdn.shopify.com/s/files/1/1020/9912/4593/files/5011427F-0A2E-4113-85B9-77E94E2DBA67.jpg?v=1784696180,5,"",,,,,,,,,,,,,,,,,,,,,,,
chinon-silk-3-piece-ethnic-set,,,,,,,,,,,,,,,,,,,,,,,,,,,,,,,"",https://cdn.shopify.com/s/files/1/1020/9912/4593/files/CF40221A-83D0-48E1-887A-9FC4F5ED4EE9.jpg?v=1784696180,6,"",,,,,,,,,,,,,,,,,,,,,,,
fendy-silk-corset-back-sharara-set,Fendy Silk corset back sharara set,"<p><span>Top Details</span><span><br> </span><span>• Fabric: Premium Fendy Silk</span><span><br> </span><span>• Work: Elegant Embroidery Sequence Work</span><span><br> </span><span>• Sleeves: Full Sleeves</span><span><br> </span><span>• Inner: Heavy Micro Cotton</span><span><br> </span><span>• Length: 28–29 Inches</span><span><br> </span><span>• Sizes: M (38), L (40), XL (42), XXL (44)</span></p>
<p><span>Sharara Palazzo</span><span><br> </span><span>• Fabric: Premium Fendy Silk</span><span><br> </span><span>• Style: Full-Flair Sharara</span><span><br> </span><span>• Length: 40–41 Inches</span></p>
<p><span> </span><span>Dupatta</span><span><br> </span><span>• Fabric: Premium Fendy Silk</span><span><br> </span><span>• Work: Embroidery Sequence Work with Lace Border</span></p>",Anjuclothing ,,"","",true,Colour,Red,,Size,M,,,,,,0.0,shopify,10,deny,manual,1680.00,3500.00,true,false,,,,,"",https://cdn.shopify.com/s/files/1/1020/9912/4593/files/1EF4554B-447B-4048-89AE-543E7914B6C2.jpg?v=1784695547,1,"",false,,,,,,,,,,,,,,,,,,,kg,,,active
fendy-silk-corset-back-sharara-set,,,,,,,,,Skyblue,,,M,,,,,,0.0,shopify,10,deny,manual,1680.00,3500.00,true,false,,,,,"",https://cdn.shopify.com/s/files/1/1020/9912/4593/files/841235AF-3D70-4105-ADB4-B6CD10152081.jpg?v=1784695547,2,"",,,,,,,,,,,,,,,,,,,,kg,,,
fendy-silk-corset-back-sharara-set,,,,,,,,,Purple,,,M,,,,,,0.0,shopify,10,deny,manual,1680.00,3500.00,true,false,,,,,"",https://cdn.shopify.com/s/files/1/1020/9912/4593/files/F883ADFF-B91B-4F59-83A6-B89EA852DACD.jpg?v=1784695547,3,"",,,,,,,,,,,,,,,,,,,,kg,,,
fendy-silk-corset-back-sharara-set,,,,,,,,,Red,,,L,,,,,,0.0,shopify,10,deny,manual,1680.00,3500.00,true,false,,,,,"",https://cdn.shopify.com/s/files/1/1020/9912/4593/files/E7E53CC1-2B73-4C60-BFAC-96D77661F79D.jpg?v=1784695547,4,"",,,,,,,,,,,,,,,,,,,,kg,,,
fendy-silk-corset-back-sharara-set,,,,,,,,,Red,,,XL,,,,,,0.0,shopify,10,deny,manual,1680.00,3500.00,true,false,,,,,"",https://cdn.shopify.com/s/files/1/1020/9912/4593/files/FB05825D-380E-4A9A-86AF-DDA88BB21454.jpg?v=1784695547,5,"",,,,,,,,,,,,,,,,,,,,kg,,,
fendy-silk-corset-back-sharara-set,,,,,,,,,Red,,,2XL,,,,,,0.0,shopify,10,deny,manual,1680.00,3500.00,true,false,,,,,"",https://cdn.shopify.com/s/files/1/1020/9912/4593/files/CDCDA811-E8D2-4755-BBEE-A3B8650247CB.jpg?v=1784695547,6,"",,,,,,,,,,,,,,,,,,,,kg,,,
fendy-silk-corset-back-sharara-set,,,,,,,,,Skyblue,,,L,,,,,,0.0,shopify,10,deny,manual,1680.00,3500.00,true,false,,,,,"",https://cdn.shopify.com/s/files/1/1020/9912/4593/files/4855FA9E-6E82-45A9-A6DA-95E9D25763AF.jpg?v=1784695547,7,"",,,,,,,,,,,,,,,,,,,,kg,,,
fendy-silk-corset-back-sharara-set,,,,,,,,,Skyblue,,,XL,,,,,,0.0,shopify,10,deny,manual,1680.00,3500.00,true,false,,,,,"",https://cdn.shopify.com/s/files/1/1020/9912/4593/files/1B44E079-F086-48C6-B98A-B439030DCC79.jpg?v=1785053699,8,"",,,,,,,,,,,,,,,,,,,,kg,,,
fendy-silk-corset-back-sharara-set,,,,,,,,,Skyblue,,,2XL,,,,,,0.0,shopify,10,deny,manual,1680.00,3500.00,true,false,,,,,"",https://cdn.shopify.com/s/files/1/1020/9912/4593/files/FC6DD685-292B-46D4-885A-FBD3D769C1B7.jpg?v=1785053699,9,"",,,,,,,,,,,,,,,,,,,,kg,,,
fendy-silk-corset-back-sharara-set,,,,,,,,,Purple,,,L,,,,,,0.0,shopify,10,deny,manual,1680.00,3500.00,true,false,,,,,"",https://cdn.shopify.com/s/files/1/1020/9912/4593/files/0B3367B5-CC3A-42E8-83B4-C07ED26A3B53.jpg?v=1785053699,10,"",,,,,,,,,,,,,,,,,,,,kg,,,
fendy-silk-corset-back-sharara-set,,,,,,,,,Purple,,,XL,,,,,,0.0,shopify,10,deny,manual,1680.00,3500.00,true,false,,,,,"",https://cdn.shopify.com/s/files/1/1020/9912/4593/files/EAFDD675-83C9-4534-BED4-4F595CA8483F.jpg?v=1785053699,11,"",,,,,,,,,,,,,,,,,,,,kg,,,
fendy-silk-corset-back-sharara-set,,,,,,,,,Purple,,,2XL,,,,,,0.0,shopify,10,deny,manual,1680.00,3500.00,true,false,,,,,"",,,,,,,,,,,,,,,,,,,,,,,kg,,,
premium-chinon-silk-embroidered-gown-set-with-micro-silk-pant-dupatta,Premium Chinon Silk Embroidered Gown Set With Micro Silk Pant & Dupatta,"<p><span>GOWN DETAILS</span><span><br> </span><span>• Fabric : Pure Chinon Silk</span><span><br> </span><span>• Work : Embroidery 5mm Sequence Work With Rivet Moti Work &amp; Attached Latkan Dori</span><span><br> </span><span>• Sleeves : Full Sleeves</span><span><br> </span><span>• Inner : Micro Cotton</span><span><br> </span><span>• Length : 52–53 Inches</span><span><br> </span><span>• Size : M(38), L(40), XL(42), XXL(44) | Fully Stitched Ready To Wear</span></p>
<p><span>PANT DETAILS</span><span><br> </span><span>• Fabric : Pure Micro Silk</span><span><br> </span><span>• Length : 39–40 Inches</span><span><br> </span><span>• Stitching : Fully Stitched With Elastic Waist</span></p>
<p><span>DUPATTA DETAILS</span><span><br> </span><span>• Fabric : Pure Chinon Silk</span><span><br> </span><span>• Work : Embroidery 5mm Sequence Work</span><span><br> </span><span>• Length : 2.10–2.15 Meters</span></p>",Anjuclothing ,,"","",true,Size,M,,,,,,,,,0.0,shopify,10,deny,manual,1680.00,5500.00,true,false,,,,,"",https://cdn.shopify.com/s/files/1/1020/9912/4593/files/A85A67B2-45DA-4B16-9C67-25B03F5073F8.png?v=1788960609,1,"",false,,,,,,,,,,,,,,,,,,,kg,,,active
premium-chinon-silk-embroidered-gown-set-with-micro-silk-pant-dupatta,,,,,,,,,L,,,,,,,,,0.0,shopify,10,deny,manual,1680.00,5500.00,true,false,,,,,"",https://cdn.shopify.com/s/files/1/1020/9912/4593/files/A8CEF96D-083D-419E-821B-7B5AD0DBE289.jpg?v=1784604960,2,"",,,,,,,,,,,,,,,,,,,,kg,,,
premium-chinon-silk-embroidered-gown-set-with-micro-silk-pant-dupatta,,,,,,,,,XL,,,,,,,,,0.0,shopify,10,deny,manual,1680.00,5500.00,true,false,,,,,"",https://cdn.shopify.com/s/files/1/1020/9912/4593/files/66B1A5C7-C32F-4464-9057-23010BC1A3E6.jpg?v=1784604960,3,"",,,,,,,,,,,,,,,,,,,,kg,,,
premium-chinon-silk-embroidered-gown-set-with-micro-silk-pant-dupatta,,,,,,,,,2XL,,,,,,,,,0.0,shopify,10,deny,manual,1680.00,5500.00,true,false,,,,,"",https://cdn.shopify.com/s/files/1/1020/9912/4593/files/D93DE184-2EDD-4F91-B168-2379B3CF87AA.jpg?v=1784604960,4,"",,,,,,,,,,,,,,,,,,,,kg,,,
premium-chinon-silk-embroidered-gown-set-with-micro-silk-pant-dupatta,,,,,,,,,,,,,,,,,,,,,,,,,,,,,,,"",https://cdn.shopify.com/s/files/1/1020/9912/4593/files/0549B8D1-1234-40B4-A85D-9D2EB4F88085.jpg?v=1784604960,5,"",,,,,,,,,,,,,,,,,,,,,,,
rakhi-special-set,Premium Bandhani Faux Georgette Mirror Work Kurti Set With Churidar & Dupatta,"<p><span>KURTI DETAILS</span><span><br> </span><span>• Fabric : Bandhani Faux Georgette</span><span><br> </span><span>• Work : Pearl Moti, Real Mirror Hand Work &amp; Embroidery On Daman</span><span><br> </span><span>• Inner : Micron</span><span><br> </span><span>• Extra Sleeves : 0.40 Meter</span><span><br> </span><span>• Length : 52 Inches</span><span><br> </span><span>• Size : M(38), L(40), XL(42), XXL(44) | Fully Stitched Ready To Wear</span></p>
<p><span>CHURIDAR DETAILS</span><span><br> </span><span>• Fabric : Faux Georgette</span><span><br> </span><span>• Length : 40 Inches</span><span><br> </span><span>• Waist : Fits Up To Size 42 | Elastic Waistband</span></p>
<p><span>DUPATTA DETAILS</span><span><br> </span><span>• Fabric : Faux Georgette</span><span><br> </span><span>• Work : Pearl Moti &amp; Real Mirror Hand Work</span><span><br> </span><span>• Length : 2.10 Meters</span></p>",Anjuclothing ,Apparel & Accessories > Clothing > Traditional & Ceremonial Clothing > Salwar Kameez & Suit Sets,"","",true,Colour,Green,,Size,M,,,,,,0.0,shopify,8,deny,manual,1799.00,4500.00,true,false,,,,,"",https://cdn.shopify.com/s/files/1/1020/9912/4593/files/72466381-1CE5-45F2-9E94-05D99184E7F4.png?v=1788960609,1,"",false,,,,,,,,,,,,,,,,,,,kg,,,active
rakhi-special-set,,,,,,,,,Red,,,M,,,,,,0.0,shopify,10,deny,manual,1799.00,4500.00,true,false,,,,,"",https://cdn.shopify.com/s/files/1/1020/9912/4593/files/7836F690-7AC4-4F73-88BA-0A2C4F549148.jpg?v=1784565785,2,"",,,,,,,,,,,,,,,,,,,,kg,,,
rakhi-special-set,,,,,,,,,Orange,,,M,,,,,,0.0,shopify,10,deny,manual,1799.00,4500.00,true,false,,,,,"",https://cdn.shopify.com/s/files/1/1020/9912/4593/files/BB6815F7-ECBB-440D-8094-C1E88134AD80.jpg?v=1784565785,3,"",,,,,,,,,,,,,,,,,,,,kg,,,
rakhi-special-set,,,,,,,,,Blue,,,M,,,,,,0.0,shopify,10,deny,manual,1799.00,4500.00,true,false,,,,,"",https://cdn.shopify.com/s/files/1/1020/9912/4593/files/BDB5DBC3-4C1D-47B5-B822-1C004399F177.jpg?v=1784565785,4,"",,,,,,,,,,,,,,,,,,,,kg,,,
rakhi-special-set,,,,,,,,,Green,,,L,,,,,,0.0,shopify,39,deny,manual,1799.00,4500.00,true,false,,,,,"",https://cdn.shopify.com/s/files/1/1020/9912/4593/files/7C1F91A2-8304-4716-BA5F-8569F2B18CC3.jpg?v=1784565785,5,"",,,,,,,,,,,,,,,,,,,,kg,,,
rakhi-special-set,,,,,,,,,Green,,,XL,,,,,,0.0,shopify,9,deny,manual,1799.00,4500.00,true,false,,,,,"",https://cdn.shopify.com/s/files/1/1020/9912/4593/files/7C4E2CCE-C529-423E-8B33-388733E44E47.jpg?v=1784565785,6,"",,,,,,,,,,,,,,,,,,,,kg,,,
rakhi-special-set,,,,,,,,,Green,,,2Xl,,,,,,0.0,shopify,10,deny,manual,1799.00,4500.00,true,false,,,,,"",,,,,,,,,,,,,,,,,,,,,,,kg,,,
rakhi-special-set,,,,,,,,,Red,,,L,,,,,,0.0,shopify,10,deny,manual,1799.00,4500.00,true,false,,,,,"",,,,,,,,,,,,,,,,,,,,,,,kg,,,
rakhi-special-set,,,,,,,,,Red,,,XL,,,,,,0.0,shopify,10,deny,manual,1799.00,4500.00,true,false,,,,,"",,,,,,,,,,,,,,,,,,,,,,,kg,,,
rakhi-special-set,,,,,,,,,Red,,,2Xl,,,,,,0.0,shopify,10,deny,manual,1799.00,4500.00,true,false,,,,,"",,,,,,,,,,,,,,,,,,,,,,,kg,,,
rakhi-special-set,,,,,,,,,Orange,,,L,,,,,,0.0,shopify,10,deny,manual,1799.00,4500.00,true,false,,,,,"",,,,,,,,,,,,,,,,,,,,,,,kg,,,
rakhi-special-set,,,,,,,,,Orange,,,XL,,,,,,0.0,shopify,10,deny,manual,1799.00,4500.00,true,false,,,,,"",,,,,,,,,,,,,,,,,,,,,,,kg,,,
rakhi-special-set,,,,,,,,,Orange,,,2Xl,,,,,,0.0,shopify,9,deny,manual,1799.00,4500.00,true,false,,,,,"",,,,,,,,,,,,,,,,,,,,,,,kg,,,
rakhi-special-set,,,,,,,,,Blue,,,L,,,,,,0.0,shopify,10,deny,manual,1799.00,4500.00,true,false,,,,,"",,,,,,,,,,,,,,,,,,,,,,,kg,,,
rakhi-special-set,,,,,,,,,Blue,,,XL,,,,,,0.0,shopify,10,deny,manual,1799.00,4500.00,true,false,,,,,"",,,,,,,,,,,,,,,,,,,,,,,kg,,,
rakhi-special-set,,,,,,,,,Blue,,,2Xl,,,,,,0.0,shopify,10,deny,manual,1799.00,4500.00,true,false,,,,,"",,,,,,,,,,,,,,,,,,,,,,,kg,,,
premium-faux-georgette-embroidered-palazzo-set-with-dupatta,Premium Faux Georgette Embroidered Palazzo Set With Dupatta,"<p><span>KURTI DETAILS</span><span><br> </span><span>• Fabric : Faux Georgette</span><span><br> </span><span>• Work : Front &amp; Back Embroidery Work</span><span><br> </span><span>• Inner : Micron</span><span><br> </span><span>• Length : 34 Inches</span><span><br> </span><span>• Size : M(38), L(40), XL(42), XXL(44) | Fully Stitched Ready To Wear</span></p>
<p><span>PALAZZO DETAILS</span><span><br> </span><span>• Fabric : Faux Georgette</span><span><br> </span><span>• Length : 40 Inches</span><span><br> </span><span>• Waist : Fits Up To Size 42 | Elastic Waistband</span></p>
<p><span>DUPATTA DETAILS</span><span><br> </span><span>• Fabric : Faux Georgette</span><span><br> </span><span>• Work : Neck Embroidery Work</span><span><br> </span><span>• Length : 2.20 Meters</span></p>",Anjuclothing ,,"","",true,Size,M,,,,,,,,,0.0,shopify,10,deny,manual,1450.00,,true,false,,,,,"",https://cdn.shopify.com/s/files/1/1020/9912/4593/files/D97E8440-B293-4E26-96AD-1C1003999D4D.jpg?v=1788960609,1,"",false,,,,,,,,,,,,,,,,,,,kg,,,active
premium-faux-georgette-embroidered-palazzo-set-with-dupatta,,,,,,,,,L,,,,,,,,,0.0,shopify,10,deny,manual,1450.00,,true,false,,,,,"",https://cdn.shopify.com/s/files/1/1020/9912/4593/files/801AFC67-298E-42DB-BEC8-A7A885E64EF1.jpg?v=1784462889,2,"",,,,,,,,,,,,,,,,,,,,kg,,,
premium-faux-georgette-embroidered-palazzo-set-with-dupatta,,,,,,,,,Xl,,,,,,,,,0.0,shopify,10,deny,manual,1450.00,,true,false,,,,,"",https://cdn.shopify.com/s/files/1/1020/9912/4593/files/08FC538F-9334-4BA3-9C2C-05643E57189B.jpg?v=1784462889,3,"",,,,,,,,,,,,,,,,,,,,kg,,,
premium-faux-georgette-embroidered-palazzo-set-with-dupatta,,,,,,,,,2Xl,,,,,,,,,0.0,shopify,10,deny,manual,1450.00,,true,false,,,,,"",https://cdn.shopify.com/s/files/1/1020/9912/4593/files/C1CB1368-8B18-4C53-872C-A37811965AD1.jpg?v=1784462889,4,"",,,,,,,,,,,,,,,,,,,,kg,,,
premium-faux-georgette-embroidered-palazzo-set-with-dupatta,,,,,,,,,,,,,,,,,,,,,,,,,,,,,,,"",https://cdn.shopify.com/s/files/1/1020/9912/4593/files/2660EB2F-A3B1-4F44-8E02-D3F98D2AD65C.jpg?v=1784462889,5,"",,,,,,,,,,,,,,,,,,,,,,,
premium-natural-crepe-digital-print-farshi-pant-set-with-faux-georgette-dupatta,Premium Natural Crepe Digital Print Farshi Pant Set With Faux Georgette Dupatta,"<p><span>TOP DETAILS</span><span><br> </span><span>• Fabric : Heavy Pure Natural Crepe With Digital Print</span><span><br> </span><span>• Sleeves : Fully Fancy Sleeves</span><span><br> </span><span>• Inner : Micro Cotton</span><span><br> </span><span>• Length : 32 Inches</span><span><br> </span><span>• Size : M(38), L(40), XL(42), XXL(44) | Fully Stitched Ready To Wear</span></p>
<p><span>FARSHI PANT DETAILS</span><span><br> </span><span>• Fabric : Heavy Pure Natural Crepe With Digital Print</span><span><br> </span><span>• Inner : Heavy Micro Cotton</span><span><br> </span><span>• Length : 40–41 Inches</span><span><br> </span><span>• Stitching : Fully Stitched</span></p>
<p><span>DUPATTA DETAILS</span><span><br> </span><span>• Fabric : Faux Georgette</span><span><br> </span><span>• Work : Lace Border</span></p>",Anjuclothing ,,"","",true,Size,M,,,,,,,,,0.0,shopify,10,deny,manual,1550.00,,true,false,,,,,"",https://cdn.shopify.com/s/files/1/1020/9912/4593/files/47C703FF-8152-42B4-99D6-4C901DC38681.jpg?v=1788960609,1,"",false,,,,,,,,,,,,,,,,,,,kg,,,active
premium-natural-crepe-digital-print-farshi-pant-set-with-faux-georgette-dupatta,,,,,,,,,L,,,,,,,,,0.0,shopify,10,deny,manual,1550.00,,true,false,,,,,"",https://cdn.shopify.com/s/files/1/1020/9912/4593/files/17744E37-886E-41DD-9B52-4364EEE4C90C.jpg?v=1784443343,2,"",,,,,,,,,,,,,,,,,,,,kg,,,
premium-natural-crepe-digital-print-farshi-pant-set-with-faux-georgette-dupatta,,,,,,,,,XL,,,,,,,,,0.0,shopify,10,deny,manual,1550.00,,true,false,,,,,"",https://cdn.shopify.com/s/files/1/1020/9912/4593/files/9F2FBC56-D958-42B3-8CE5-03A3AACCDBE0.jpg?v=1784443344,3,"",,,,,,,,,,,,,,,,,,,,kg,,,
premium-natural-crepe-digital-print-farshi-pant-set-with-faux-georgette-dupatta,,,,,,,,,2XL,,,,,,,,,0.0,shopify,10,deny,manual,1550.00,,true,false,,,,,"",https://cdn.shopify.com/s/files/1/1020/9912/4593/files/D4A9A4AF-0A5D-4D54-9607-76F4242FF8A0.jpg?v=1784443343,4,"",,,,,,,,,,,,,,,,,,,,kg,,,
premium-natural-crepe-digital-print-farshi-pant-set-with-faux-georgette-dupatta,,,,,,,,,,,,,,,,,,,,,,,,,,,,,,,"",https://cdn.shopify.com/s/files/1/1020/9912/4593/files/0073E830-90E7-4CCB-BE97-4AB780740013.jpg?v=1784443344,5,"",,,,,,,,,,,,,,,,,,,,,,,
premium-fendy-silk-thread-sequence-palazzo-set-with-dupatta,Premium Fendy Silk Thread & Sequence Palazzo Set With Dupatta,"<p><span>TOP DETAILS</span><span><br> </span><span>• Fabric : Fendy Silk</span><span><br> </span><span>• Work : Thread With Sequence Work</span><span><br> </span><span>• Lining : Soft Micro Cotton</span><span><br> </span><span>• Size : M(38), L(40), XL(42), XXL(44) With 3XL Margin | Fully Stitched Ready To Wear</span></p>
<p><span>PALAZZO DETAILS</span><span><br> </span><span>• Fabric : Fendy Silk</span><span><br> </span><span>• Length : 38 Inches</span><span><br> </span><span>• Stitching : Fully Stitched Up To Size 44 With Stretchable Elastic Waist</span></p>
<p><span>DUPATTA DETAILS</span><span><br> </span><span>• Fabric : Fendy Silk</span><span><br> </span><span>• Work : Thread With Sequence Work</span><span><br> </span><span>• Length : 2.2 Meters</span></p>",Anjuclothing ,Apparel & Accessories > Clothing > Traditional & Ceremonial Clothing > Salwar Kameez & Suit Sets,"","",true,Size,M,,,,,,,,,0.0,shopify,9,deny,manual,1730.00,,true,false,,,,,"",https://cdn.shopify.com/s/files/1/1020/9912/4593/files/54E03ABB-E6AF-4115-AE2F-63755CDC8DCA.png?v=1788960609,1,"",false,,,,,,,,,,,,,,,,,,,kg,,,active
premium-fendy-silk-thread-sequence-palazzo-set-with-dupatta,,,,,,,,,L,,,,,,,,,0.0,shopify,10,deny,manual,1730.00,,true,false,,,,,"",https://cdn.shopify.com/s/files/1/1020/9912/4593/files/D68C2F05-B088-4D94-85A4-2610F3655169.jpg?v=1784382796,2,"",,,,,,,,,,,,,,,,,,,,kg,,,
premium-fendy-silk-thread-sequence-palazzo-set-with-dupatta,,,,,,,,,XL,,,,,,,,,0.0,shopify,10,deny,manual,1730.00,,true,false,,,,,"",https://cdn.shopify.com/s/files/1/1020/9912/4593/files/F71656B9-779D-461C-814C-558642F20B5C.jpg?v=1784382796,3,"",,,,,,,,,,,,,,,,,,,,kg,,,
premium-fendy-silk-thread-sequence-palazzo-set-with-dupatta,,,,,,,,,2XL,,,,,,,,,0.0,shopify,10,deny,manual,1730.00,,true,false,,,,,"",https://cdn.shopify.com/s/files/1/1020/9912/4593/files/A6181004-C86D-4F62-A34F-46A99D78D47F.jpg?v=1784382796,4,"",,,,,,,,,,,,,,,,,,,,kg,,,
premium-fendy-silk-thread-sequence-palazzo-set-with-dupatta,,,,,,,,,,,,,,,,,,,,,,,,,,,,,,,"",https://cdn.shopify.com/s/files/1/1020/9912/4593/files/A35BB171-5880-463E-B2D5-DEB8EA0671BE.jpg?v=1784382796,5,"",,,,,,,,,,,,,,,,,,,,,,,
premium-fendy-silk-thread-sequence-palazzo-set-with-dupatta,,,,,,,,,,,,,,,,,,,,,,,,,,,,,,,"",https://cdn.shopify.com/s/files/1/1020/9912/4593/files/653E44A0-EC79-46CC-9A54-4F99F5A0DEE7.jpg?v=1784382796,6,"",,,,,,,,,,,,,,,,,,,,,,,
premium-fendy-silk-thread-sequence-palazzo-set-with-dupatta,,,,,,,,,,,,,,,,,,,,,,,,,,,,,,,"",https://cdn.shopify.com/s/files/1/1020/9912/4593/files/35B8DF2F-9335-4338-86F1-A723B418FA84.jpg?v=1784382796,7,"",,,,,,,,,,,,,,,,,,,,,,,
premium-fendy-silk-thread-sequence-palazzo-set-with-dupatta,,,,,,,,,,,,,,,,,,,,,,,,,,,,,,,"",https://cdn.shopify.com/s/files/1/1020/9912/4593/files/2C626554-BE29-4CFA-B553-91F6C1D8EEA5.jpg?v=1784382796,8,"",,,,,,,,,,,,,,,,,,,,,,,
premium-tissue-shimmer-silk-mirror-work-co-ord-set,Premium Tissue Shimmer Silk Mirror Work Co-Ord Set,"<p><span>TOP DETAILS</span><span><br> </span><span>• Fabric : Premium Tissue Shimmer Silk</span><span><br> </span><span>• Work : Heavy 3mm Sequence Cording Embroidery With Real Mirror Work</span><span><br> </span><span>• Inner : Micro Crepe</span><span><br> </span><span>• Length : 28 Inches</span><span><br> </span><span>• Size : M(38), L(40), XL(42), XXL(44) | Fully Stitched Ready To Wear</span></p>
<p><span>BOTTOM DETAILS</span><span><br> </span><span>• Fabric : Premium Tissue Shimmer Silk</span><span><br> </span><span>• Work : Plain</span><span><br> </span><span>• Stitching : Elastic Waist | Fully Stitched</span></p>",Anjuclothing ,Apparel & Accessories > Clothing > Outfit Sets,"","",true,Size,m,product.metafields.shopify.size,,,,,,,,0.0,shopify,7,deny,manual,1550.00,3500.00,true,false,,,,,"",https://cdn.shopify.com/s/files/1/1020/9912/4593/files/DA1053D8-4A6A-4B6F-9EEA-8DF65B8063FE.png?v=1788960609,1,"",false,,,,,,floral,,,silk,,long,,m; l; xl; 2xl,,3-4,,,,kg,,,active
premium-tissue-shimmer-silk-mirror-work-co-ord-set,,,,,,,,,l,,,,,,,,,0.0,shopify,10,deny,manual,1550.00,3500.00,true,false,,,,,"",https://cdn.shopify.com/s/files/1/1020/9912/4593/files/4B67D350-A469-44A0-98E7-5214D1FF5AF0.jpg?v=1784370186,2,"",,,,,,,,,,,,,,,,,,,,kg,,,
premium-tissue-shimmer-silk-mirror-work-co-ord-set,,,,,,,,,xl,,,,,,,,,0.0,shopify,10,deny,manual,1550.00,3500.00,true,false,,,,,"",https://cdn.shopify.com/s/files/1/1020/9912/4593/files/CD2AF578-C3F7-4198-9CF6-FBA1DBD45E54.jpg?v=1784370186,3,"",,,,,,,,,,,,,,,,,,,,kg,,,
premium-tissue-shimmer-silk-mirror-work-co-ord-set,,,,,,,,,2xl,,,,,,,,,0.0,shopify,10,deny,manual,1550.00,3500.00,true,false,,,,,"",https://cdn.shopify.com/s/files/1/1020/9912/4593/files/46C882A1-8FBD-4FCA-92C3-668E68B7A7B6.jpg?v=1784370186,4,"",,,,,,,,,,,,,,,,,,,,kg,,,
premium-roman-silk-chanderi-anarkali-gown-set-with-fancy-jacket-dupatta,Premium Roman Silk Chanderi Anarkali Gown Set With Fancy Jacket & Dupatta,"<p><span>ANARKALI DETAILS</span><span><br> </span><span>• Fabric : Heavy Pure Roman Silk Chanderi</span><span><br> </span><span>• Work : Plain Design With Full Churidar Sleeves, Padded, Side Zipper &amp; Stylish Fancy Jacket</span><span><br> </span><span>• Lining : Pure Microscrape Full Lining With Patta Attached</span><span><br> </span><span>• Length : 55 Inches Approx.</span><span><br> </span><span>• Flair : 5.5 Meters</span><span><br> </span><span>• Size : XS(34), S(36), M(38), L(40), XL(42), XXL(44) | Fully Stitched Ready To Wear</span></p>
<p><span>PANT DETAILS</span><span><br> </span><span>• Fabric : Pure Roman Silk Chanderi</span><span><br> </span><span>• Length : 39 Inches</span><span><br> </span><span>• Size : Free Size | Fully Stitched</span></p>
<p><span>DUPATTA DETAILS</span><span><br> </span><span>• Fabric : Roman Silk Chanderi</span><span><br> </span><span>• Work : Four-Sided Embroidery Sequence Lace Border</span><span><br> </span><span>• Length : 2.20 Meters</span></p>",Anjuclothing ,Apparel & Accessories > Clothing > Traditional & Ceremonial Clothing > Salwar Kameez & Suit Sets,"","",true,Size,Xs,,,,,,,,,0.0,shopify,10,deny,manual,1830.00,4500.00,true,false,,,,,"",https://cdn.shopify.com/s/files/1/1020/9912/4593/files/36B309E7-48FF-4402-B18A-BB16C8B41BF2.png?v=1788960610,1,"",false,,,,,,,,,,round,,,,,long,,,,kg,,,active
premium-roman-silk-chanderi-anarkali-gown-set-with-fancy-jacket-dupatta,,,,,,,,,S,,,,,,,,,0.0,shopify,10,deny,manual,1830.00,4500.00,true,false,,,,,"",https://cdn.shopify.com/s/files/1/1020/9912/4593/files/866615E4-FDBD-4CCA-883E-57D0BF62B5AC.jpg?v=1784303632,2,"",,,,,,,,,,,,,,,,,,,,kg,,,
premium-roman-silk-chanderi-anarkali-gown-set-with-fancy-jacket-dupatta,,,,,,,,,M,,,,,,,,,0.0,shopify,10,deny,manual,1830.00,4500.00,true,false,,,,,"",https://cdn.shopify.com/s/files/1/1020/9912/4593/files/86D5FF4A-14F5-42B1-B262-6271F138CCCE.jpg?v=1784303633,3,"",,,,,,,,,,,,,,,,,,,,kg,,,
premium-roman-silk-chanderi-anarkali-gown-set-with-fancy-jacket-dupatta,,,,,,,,,L,,,,,,,,,0.0,shopify,10,deny,manual,1830.00,4500.00,true,false,,,,,"",https://cdn.shopify.com/s/files/1/1020/9912/4593/files/62F031AC-4574-4992-AB7D-7D11F757A56F.jpg?v=1784303633,4,"",,,,,,,,,,,,,,,,,,,,kg,,,
premium-roman-silk-chanderi-anarkali-gown-set-with-fancy-jacket-dupatta,,,,,,,,,XL,,,,,,,,,0.0,shopify,10,deny,manual,1830.00,4500.00,true,false,,,,,"",https://cdn.shopify.com/s/files/1/1020/9912/4593/files/20DF7E30-59FE-4C12-B93A-450BFD52E8BE.jpg?v=1784303632,5,"",,,,,,,,,,,,,,,,,,,,kg,,,
premium-roman-silk-chanderi-anarkali-gown-set-with-fancy-jacket-dupatta,,,,,,,,,2XL,,,,,,,,,0.0,shopify,10,deny,manual,1830.00,4500.00,true,false,,,,,"",,,,,,,,,,,,,,,,,,,,,,,kg,,,
premium-crunchy-silk-embroidered-bell-bottom-suit-set-with-dupatta,Premium Crunchy Silk Embroidered Bell Bottom Suit Set With Dupatta,"<p><span>TOP DETAILS</span><span><br> </span><span>• Fabric : Crunchy Silk</span><span><br> </span><span>• Work : Embroidery Sequence, Dori &amp; Jari Work With Back Fancy Dori Closure Pattern</span><span><br> </span><span>• Size : XS(34), S(36), M(38), L(40), XL(42), XXL(44) | Fully Stitched Ready To Wear</span></p>
<p><span>BELL BOTTOM PANT DETAILS</span><span><br> </span><span>• Fabric : Crunchy Silk</span><span><br> </span><span>• Inner : Full Microscrape Cotton</span><span><br> </span><span>• Size : Free Size | Fully Stitched</span></p>
<p><span>DUPATTA DETAILS</span><span><br> </span><span>• Fabric : Crunchy Silk</span><span><br> </span><span>• Work : Embroidery Sequence, Dori &amp; Jari Work With Fancy Lace Border</span><span><br> </span><span>• Length : 2.2 Meters</span></p>",Anjuclothing ,,"","",true,Size,XS,,,,,,,,,0.0,shopify,10,deny,manual,1660.00,,true,false,,,,,"",https://cdn.shopify.com/s/files/1/1020/9912/4593/files/A15B82CC-D599-4AC5-826C-2334907F3575.png?v=1788960609,1,"",false,,,,,,,,,,,,,,,,,,,kg,,,active
premium-crunchy-silk-embroidered-bell-bottom-suit-set-with-dupatta,,,,,,,,,S,,,,,,,,,0.0,shopify,9,deny,manual,1660.00,,true,false,,,,,"",https://cdn.shopify.com/s/files/1/1020/9912/4593/files/BDBB4579-60DF-4C40-9E86-203FA935A350.jpg?v=1784265858,2,"",,,,,,,,,,,,,,,,,,,,kg,,,
premium-crunchy-silk-embroidered-bell-bottom-suit-set-with-dupatta,,,,,,,,,M,,,,,,,,,0.0,shopify,10,deny,manual,1660.00,,true,false,,,,,"",https://cdn.shopify.com/s/files/1/1020/9912/4593/files/5A715F3C-8DFC-4547-B1A4-88CBAB6CA33A.jpg?v=1784265858,3,"",,,,,,,,,,,,,,,,,,,,kg,,,
premium-crunchy-silk-embroidered-bell-bottom-suit-set-with-dupatta,,,,,,,,,L,,,,,,,,,0.0,shopify,10,deny,manual,1660.00,,true,false,,,,,"",https://cdn.shopify.com/s/files/1/1020/9912/4593/files/436A2E11-FB3B-4A8B-867B-084E83B67BB3.jpg?v=1784265858,4,"",,,,,,,,,,,,,,,,,,,,kg,,,
premium-crunchy-silk-embroidered-bell-bottom-suit-set-with-dupatta,,,,,,,,,XL,,,,,,,,,0.0,shopify,10,deny,manual,1660.00,,true,false,,,,,"",https://cdn.shopify.com/s/files/1/1020/9912/4593/files/97C68333-C577-43DA-8B61-2B120F6E1069.jpg?v=1784265858,5,"",,,,,,,,,,,,,,,,,,,,kg,,,
premium-crunchy-silk-embroidered-bell-bottom-suit-set-with-dupatta,,,,,,,,,2XL,,,,,,,,,0.0,shopify,10,deny,manual,1660.00,,true,false,,,,,"",,,,,,,,,,,,,,,,,,,,,,,kg,,,
premium-tabby-silk-mirror-lace-anarkali-set-with-digital-printed-dupatta,Premium Tabby Silk Mirror Lace Anarkali Set With Digital Printed Dupatta,"<p><span>ANARKALI DETAILS</span><span><br> </span><span>• Fabric : Tabby Silk</span><span><br> </span><span>• Work : Mirror Fancy Lace Work</span><span><br> </span><span>• Lining : Soft Micro Cotton</span><span><br> </span><span>• Length : 48–49 Inches</span><span><br> </span><span>• Flair : 4.5 Meters</span><span><br> </span><span>• Size : S(36), M(38), L(40), XL(42), XXL(44) With 3XL Margin | Fully Stitched Ready To Wear</span></p>
<p><span>PALAZZO DETAILS</span><span><br> </span><span>• Fabric : Tabby Silk</span><span><br> </span><span>• Length : 38 Inches</span><span><br> </span><span>• Stitching : Fully Stitched Up To Size 44 With Stretchable Elastic Waist</span></p>
<p><span>DUPATTA DETAILS</span><span><br> </span><span>• Fabric : Tabby Digital Printed</span><span><br> </span><span>• Length : 2.2 Meters</span></p>",Anjuclothing ,,"","",true,Size,S,,,,,,,,,0.0,shopify,10,deny,manual,1499.00,3500.00,true,false,,,,,"",https://cdn.shopify.com/s/files/1/1020/9912/4593/files/7E33919F-DC2B-45D6-B8E1-680EA0D85E69.png?v=1788958719,1,"",false,,,,,,,,,,,,,,,,,,,kg,,,active
premium-tabby-silk-mirror-lace-anarkali-set-with-digital-printed-dupatta,,,,,,,,,M,,,,,,,,,0.0,shopify,10,deny,manual,1499.00,3500.00,true,false,,,,,"",https://cdn.shopify.com/s/files/1/1020/9912/4593/files/0544C279-1A23-4D2C-BBFB-B2FA4409C07D.jpg?v=1784214818,2,"",,,,,,,,,,,,,,,,,,,,kg,,,
premium-tabby-silk-mirror-lace-anarkali-set-with-digital-printed-dupatta,,,,,,,,,L,,,,,,,,,0.0,shopify,10,deny,manual,1499.00,3500.00,true,false,,,,,"",https://cdn.shopify.com/s/files/1/1020/9912/4593/files/55BF5155-DD0C-41EC-8A43-5C55610E01FE.jpg?v=1784214818,3,"",,,,,,,,,,,,,,,,,,,,kg,,,
premium-tabby-silk-mirror-lace-anarkali-set-with-digital-printed-dupatta,,,,,,,,,XL,,,,,,,,,0.0,shopify,10,deny,manual,1499.00,3500.00,true,false,,,,,"",https://cdn.shopify.com/s/files/1/1020/9912/4593/files/420C1FF2-DFF6-4213-A00F-386FE706DBD4.jpg?v=1784214818,4,"",,,,,,,,,,,,,,,,,,,,kg,,,
premium-tabby-silk-mirror-lace-anarkali-set-with-digital-printed-dupatta,,,,,,,,,2XL,,,,,,,,,0.0,shopify,10,deny,manual,1499.00,3500.00,true,false,,,,,"",https://cdn.shopify.com/s/files/1/1020/9912/4593/files/2F9AD7E9-F25E-4C2B-BF96-25A0D290D95B.jpg?v=1784214818,5,"",,,,,,,,,,,,,,,,,,,,kg,,,
premium-tabby-silk-mirror-lace-anarkali-set-with-digital-printed-dupatta,,,,,,,,,,,,,,,,,,,,,,,,,,,,,,,"",https://cdn.shopify.com/s/files/1/1020/9912/4593/files/71B7A4B7-1E67-4262-878A-ECDA69B123E8.jpg?v=1784214818,6,"",,,,,,,,,,,,,,,,,,,,,,,
premium-tabby-silk-mirror-lace-anarkali-set-with-digital-printed-dupatta,,,,,,,,,,,,,,,,,,,,,,,,,,,,,,,"",https://cdn.shopify.com/s/files/1/1020/9912/4593/files/F0A2DCEC-687D-48C7-A245-7D3F58D19A1E.jpg?v=1784214818,7,"",,,,,,,,,,,,,,,,,,,,,,,
premium-organza-silk-floral-print-anarkali-set-with-gota-patti-dupatta,Premium Organza Silk Floral Print Anarkali Set With Gota Patti Dupatta,"<p><span>ANARKALI DETAILS</span><span><br> </span><span>• Fabric : Heavy Pure Soft Organza Silk</span><span><br> </span><span>• Work : Floral Print</span><span><br> </span><span>• Flair : Approx. 4 Meters With Kali Cut &amp; Canvas Patta</span><span><br> </span><span>• Size : XS(34), S(36), M(38), L(40), XL(42), XXL(44) | Fully Stitched Ready To Wear</span></p>
<p><span>PANT DETAILS</span><span><br> </span><span>• Fabric : Micro Cotton Silk</span><span><br> </span><span>• Length : 39 Inches</span><span><br> </span><span>• Size : Free Size</span></p>
<p><span>DUPATTA DETAILS</span><span><br> </span><span>• Fabric : Pure Soft Organza Silk</span><span><br> </span><span>• Work : Gota Patti Lace Border</span><span><br> </span><span>• Length : 2.3 Meters</span></p>",Anjuclothing ,Apparel & Accessories > Clothing > Traditional & Ceremonial Clothing > Salwar Kameez & Suit Sets,"","",true,Size,Xs,,,,,,,,,0.0,shopify,10,deny,manual,1599.00,,true,false,,,,,"",https://cdn.shopify.com/s/files/1/1020/9912/4593/files/F6ACD3D0-DCDD-4C2A-8AA7-4E382168C784.png?v=1788958718,1,"",false,,,,,,,,,,round,,,,,long,,,,kg,,,active
premium-organza-silk-floral-print-anarkali-set-with-gota-patti-dupatta,,,,,,,,,S,,,,,,,,,0.0,shopify,10,deny,manual,1599.00,,true,false,,,,,"",https://cdn.shopify.com/s/files/1/1020/9912/4593/files/19E3ABF1-B168-4676-A61A-04AF5237610F.jpg?v=1784098780,2,"",,,,,,,,,,,,,,,,,,,,kg,,,
premium-organza-silk-floral-print-anarkali-set-with-gota-patti-dupatta,,,,,,,,,M,,,,,,,,,0.0,shopify,10,deny,manual,1599.00,,true,false,,,,,"",https://cdn.shopify.com/s/files/1/1020/9912/4593/files/5D305E36-0393-4879-BC14-B785A2A7772F.jpg?v=1784098780,3,"",,,,,,,,,,,,,,,,,,,,kg,,,
premium-organza-silk-floral-print-anarkali-set-with-gota-patti-dupatta,,,,,,,,,L,,,,,,,,,0.0,shopify,10,deny,manual,1599.00,,true,false,,,,,"",https://cdn.shopify.com/s/files/1/1020/9912/4593/files/CFA00E3F-F7EE-4FC0-960D-24908E9B39F0.jpg?v=1784098780,4,"",,,,,,,,,,,,,,,,,,,,kg,,,
premium-organza-silk-floral-print-anarkali-set-with-gota-patti-dupatta,,,,,,,,,XL,,,,,,,,,0.0,shopify,10,deny,manual,1599.00,,true,false,,,,,"",https://cdn.shopify.com/s/files/1/1020/9912/4593/files/428C64FE-EBAE-417C-A7A4-D482CB40DEF0.jpg?v=1784098780,5,"",,,,,,,,,,,,,,,,,,,,kg,,,
premium-organza-silk-floral-print-anarkali-set-with-gota-patti-dupatta,,,,,,,,,2xl,,,,,,,,,0.0,shopify,10,deny,manual,1599.00,,true,false,,,,,"",,,,,,,,,,,,,,,,,,,,,,,kg,,,
premium-crush-mirror-sequence-palazzo-set-with-dupatta,Premium Crush Mirror & Sequence Palazzo Set With Dupatta,"<p><span>TOP DETAILS</span><span><br> </span><span>• Fabric : Doremon Crush</span><span><br> </span><span>• Work : Real Mirror &amp; Embroidered Sequence Work</span><span><br> </span><span>• Sleeves : Sleeveless</span><span><br> </span><span>• Inner : Heavy Micro Cotton</span><span><br> </span><span>• Size : S(36), M(38), L(40), XL(42), XXL(44) | Fully Stitched Ready To Wear</span></p>
<p><span>PALAZZO DETAILS</span><span><br> </span><span>• Fabric : Doremon Crush</span><span><br> </span><span>• Length : 39–40 Inches</span></p>
<p><span>DUPATTA DETAILS</span><span><br> </span><span>• Fabric : Doremon Crush</span><span><br> </span><span>• Work : Lace Border</span></p>",Anjuclothing ,Apparel & Accessories > Clothing > Traditional & Ceremonial Clothing > Salwar Kameez & Suit Sets,"","",true,Size,S,,,,,,,,,0.0,shopify,10,deny,manual,1650.00,3500.00,true,false,,,,,"",https://cdn.shopify.com/s/files/1/1020/9912/4593/files/03399C47-D69A-4696-9A14-8D8DCCF0BF5E.png?v=1788958720,1,"",false,,,,,,,,,,,,,,,sleeveless,,,,kg,,,active
premium-crush-mirror-sequence-palazzo-set-with-dupatta,,,,,,,,,M,,,,,,,,,0.0,shopify,10,deny,manual,1650.00,3500.00,true,false,,,,,"",https://cdn.shopify.com/s/files/1/1020/9912/4593/files/54B2888D-DCA3-4E4C-89F0-244C1575361A.jpg?v=1784098538,2,"",,,,,,,,,,,,,,,,,,,,kg,,,
premium-crush-mirror-sequence-palazzo-set-with-dupatta,,,,,,,,,L,,,,,,,,,0.0,shopify,9,deny,manual,1650.00,3500.00,true,false,,,,,"",https://cdn.shopify.com/s/files/1/1020/9912/4593/files/42B5E94D-A0B8-41AF-8D17-B76780467424.jpg?v=1784098538,3,"",,,,,,,,,,,,,,,,,,,,kg,,,
premium-crush-mirror-sequence-palazzo-set-with-dupatta,,,,,,,,,XL,,,,,,,,,0.0,shopify,10,deny,manual,1650.00,3500.00,true,false,,,,,"",https://cdn.shopify.com/s/files/1/1020/9912/4593/files/DD78CCEF-A24D-4241-8E26-7C13F302E922.jpg?v=1784098538,4,"",,,,,,,,,,,,,,,,,,,,kg,,,
premium-crush-mirror-sequence-palazzo-set-with-dupatta,,,,,,,,,2XL,,,,,,,,,0.0,shopify,10,deny,manual,1650.00,3500.00,true,false,,,,,"",https://cdn.shopify.com/s/files/1/1020/9912/4593/files/58765D22-711D-4699-9B06-B440644A9886.jpg?v=1784098538,5,"",,,,,,,,,,,,,,,,,,,,kg,,,
premium-heavy-rayon-thread-sequence-farshi-palazzo-set-with-tibby-silk-dupatta,Premium Heavy Rayon Thread & Sequence Farshi Palazzo Set With Tibby Silk Dupatta,"<p><span>SUIT DETAILS</span><span><br> </span><span>• Fabric : Heavy Rayon</span><span><br> </span><span>• Work : Intricate Heavy Thread With Sequence Work</span><span><br> </span><span>• Lining : Soft Micro Inner</span><span><br> </span><span>• Length : 32 Inches</span><span><br> </span><span>• Size : M(38), L(40), XL(42), XXL(44) With 3XL Margin | Fully Stitched Ready To Wear</span></p>
<p><span>FARSHI PALAZZO DETAILS</span><span><br> </span><span>• Fabric : Heavy Rayon</span><span><br> </span><span>• Work : Plain</span><span><br> </span><span>• Lining : Comfortable Micro</span><span><br> </span><span>• Length : 40 Inches</span><span><br> </span><span>• Size : Fully Stitched | Fits Up To Size 44 With Stretchable Elastic Waist</span></p>
<p><span>DUPATTA DETAILS</span><span><br> </span><span>• Fabric : Tibby Silk</span><span><br> </span><span>• Work : Thread With Sequence Work &amp; Shaded Design</span><span><br> </span><span>• Length : 2.2 Meters</span></p>",Anjuclothing ,,"","",true,Size,M,,,,,,,,,0.0,shopify,10,deny,manual,1630.00,,true,false,,,,,"",https://cdn.shopify.com/s/files/1/1020/9912/4593/files/B0EEAC6E-4438-448E-BB15-15157D80947F.png?v=1788958718,1,"",false,,,,,,,,,,,,,,,,,,,kg,,,active
premium-heavy-rayon-thread-sequence-farshi-palazzo-set-with-tibby-silk-dupatta,,,,,,,,,L,,,,,,,,,0.0,shopify,10,deny,manual,1630.00,,true,false,,,,,"",https://cdn.shopify.com/s/files/1/1020/9912/4593/files/0B2E5D29-431C-47F1-89C8-3F66A467F059.jpg?v=1784026741,2,"",,,,,,,,,,,,,,,,,,,,kg,,,
premium-heavy-rayon-thread-sequence-farshi-palazzo-set-with-tibby-silk-dupatta,,,,,,,,,XL,,,,,,,,,0.0,shopify,10,deny,manual,1630.00,,true,false,,,,,"",https://cdn.shopify.com/s/files/1/1020/9912/4593/files/F0E4D431-3BFD-41CE-AC62-A728166419FC.jpg?v=1784026742,3,"",,,,,,,,,,,,,,,,,,,,kg,,,
premium-heavy-rayon-thread-sequence-farshi-palazzo-set-with-tibby-silk-dupatta,,,,,,,,,2XL,,,,,,,,,0.0,shopify,10,deny,manual,1630.00,,true,false,,,,,"",https://cdn.shopify.com/s/files/1/1020/9912/4593/files/80F45A97-342C-4628-8816-BE1F785DF132.jpg?v=1784026741,4,"",,,,,,,,,,,,,,,,,,,,kg,,,
premium-heavy-rayon-thread-sequence-farshi-palazzo-set-with-tibby-silk-dupatta,,,,,,,,,,,,,,,,,,,,,,,,,,,,,,,"",https://cdn.shopify.com/s/files/1/1020/9912/4593/files/16FC883D-F02A-40BF-BA1F-41C454413757.jpg?v=1784026741,5,"",,,,,,,,,,,,,,,,,,,,,,,
premium-heavy-rayon-thread-sequence-farshi-palazzo-set-with-tibby-silk-dupatta,,,,,,,,,,,,,,,,,,,,,,,,,,,,,,,"",https://cdn.shopify.com/s/files/1/1020/9912/4593/files/44FB5DA3-BCF7-4542-9ECE-B4B538B68FE0.jpg?v=1784026741,6,"",,,,,,,,,,,,,,,,,,,,,,,
premium-heavy-rayon-thread-sequence-farshi-palazzo-set-with-tibby-silk-dupatta,,,,,,,,,,,,,,,,,,,,,,,,,,,,,,,"",https://cdn.shopify.com/s/files/1/1020/9912/4593/files/37AE4689-7BF2-4AE7-8AFA-E4CFB07D518B.jpg?v=1784026741,7,"",,,,,,,,,,,,,,,,,,,,,,,
premium-heavy-rayon-thread-sequence-farshi-palazzo-set-with-tibby-silk-dupatta,,,,,,,,,,,,,,,,,,,,,,,,,,,,,,,"",https://cdn.shopify.com/s/files/1/1020/9912/4593/files/7D062EA2-13AD-4BDE-B79D-BB93CA71CA0E.jpg?v=1784026741,8,"",,,,,,,,,,,,,,,,,,,,,,,
rakhi-special-designer-set,Premium Crush Mirror Work Top Palazzo Set With Dupatta,"<p><span>TOP DETAILS</span><span><br> </span><span>• Fabric : Doremon Crush</span><span><br> </span><span>• Work : Real Mirror Work With Lace Border</span><span><br> </span><span>• Sleeves : Full Sleeves</span><span><br> </span><span>• Inner : Heavy Micro Cotton</span><span><br> </span><span>• Length : 37–38 Inches</span><span><br> </span><span>• Size : M(38), L(40), XL(42), XXL(44) | Fully Stitched Ready To Wear</span></p>
<p><span>PALAZZO DETAILS</span><span><br> </span><span>• Fabric : Micro Cotton</span><span><br> </span><span>• Length : 39–40 Inches</span></p>
<p><span>DUPATTA DETAILS</span><span><br> </span><span>• Fabric : Doremon Crush</span><span><br> </span><span>• Work : Lace Border</span></p>",Anjuclothing ,Apparel & Accessories > Clothing > Traditional & Ceremonial Clothing > Salwar Kameez & Suit Sets,"","",true,Colour,Golden,,Size,S,,,,,,0.0,shopify,10,deny,manual,1650.00,3500.00,true,false,,,,,"",https://cdn.shopify.com/s/files/1/1020/9912/4593/files/5E76030F-3684-45B6-9B73-00BECB3069C7.png?v=1789136680,1,"",false,,,,,,,,,,,,,,,,,,,kg,,,active
rakhi-special-designer-set,,,,,,,,,Golden,,,M,,,,,,0.0,shopify,9,deny,manual,1650.00,3500.00,true,false,,,,,"",https://cdn.shopify.com/s/files/1/1020/9912/4593/files/3B397CB8-2950-4822-818F-6CBC3DBBDBDF.jpg?v=1784100037,2,"",,,,,,,,,,,,,,,,,,,,kg,,,
rakhi-special-designer-set,,,,,,,,,Golden,,,L,,,,,,0.0,shopify,10,deny,manual,1650.00,3500.00,true,false,,,,,"",https://cdn.shopify.com/s/files/1/1020/9912/4593/files/EDDF4E19-685C-402A-B6DD-B7C5F220009B.jpg?v=1784100038,3,"",,,,,,,,,,,,,,,,,,,,kg,,,
rakhi-special-designer-set,,,,,,,,,Golden,,,XL,,,,,,0.0,shopify,10,deny,manual,1650.00,3500.00,true,false,,,,,"",https://cdn.shopify.com/s/files/1/1020/9912/4593/files/79B9CE04-D200-4479-91AB-34FC9BA012E2.jpg?v=1784629415,4,"",,,,,,,,,,,,,,,,,,,,kg,,,
rakhi-special-designer-set,,,,,,,,,Golden,,,2XL,,,,,,0.0,shopify,10,deny,manual,1650.00,3500.00,true,false,,,,,"",https://cdn.shopify.com/s/files/1/1020/9912/4593/files/CF8329F2-1D91-49B8-AB14-4C44A5DD3C20.jpg?v=1785926686,5,"",,,,,,,,,,,,,,,,,,,,kg,,,
rakhi-special-designer-set,,,,,,,,,Red,,,S,,,,,,0.0,shopify,10,deny,manual,1650.00,3500.00,true,false,,,,,"",https://cdn.shopify.com/s/files/1/1020/9912/4593/files/06A9242C-7175-41CF-B7B9-490A2B6C60C4.jpg?v=1788338019,6,"",,,,,,,,,,,,,,,,,,,,kg,,,
rakhi-special-designer-set,,,,,,,,,Red,,,M,,,,,,0.0,shopify,10,deny,manual,1650.00,3500.00,true,false,,,,,"",https://cdn.shopify.com/s/files/1/1020/9912/4593/files/F9865934-8B42-4AE9-9B33-1390D690430F.jpg?v=1788338019,7,"",,,,,,,,,,,,,,,,,,,,kg,,,
rakhi-special-designer-set,,,,,,,,,Red,,,L,,,,,,0.0,shopify,10,deny,manual,1650.00,3500.00,true,false,,,,,"",https://cdn.shopify.com/s/files/1/1020/9912/4593/files/4EAC63F8-CD44-4D5C-8D0B-DFFF8AD4F766.jpg?v=1788960624,8,"",,,,,,,,,,,,,,,,,,,,kg,,,
rakhi-special-designer-set,,,,,,,,,Red,,,XL,,,,,,0.0,shopify,10,deny,manual,1650.00,3500.00,true,false,,,,,"",https://cdn.shopify.com/s/files/1/1020/9912/4593/files/2D5B2F3B-9DEE-43E2-A790-F9A1213EDAD6.jpg?v=1788960624,9,"",,,,,,,,,,,,,,,,,,,,kg,,,
rakhi-special-designer-set,,,,,,,,,Red,,,2XL,,,,,,0.0,shopify,10,deny,manual,1650.00,3500.00,true,false,,,,,"",,,,,,,,,,,,,,,,,,,,,,,kg,,,
rakhi-special-designer-set,,,,,,,,,Teal,,,S,,,,,,0.0,shopify,10,deny,manual,1650.00,3500.00,true,false,,,,,"",,,,,,,,,,,,,,,,,,,,,,,kg,,,
rakhi-special-designer-set,,,,,,,,,Teal,,,M,,,,,,0.0,shopify,10,deny,manual,1650.00,3500.00,true,false,,,,,"",,,,,,,,,,,,,,,,,,,,,,,kg,,,
rakhi-special-designer-set,,,,,,,,,Teal,,,L,,,,,,0.0,shopify,10,deny,manual,1650.00,3500.00,true,false,,,,,"",,,,,,,,,,,,,,,,,,,,,,,kg,,,
rakhi-special-designer-set,,,,,,,,,Teal,,,XL,,,,,,0.0,shopify,10,deny,manual,1650.00,3500.00,true,false,,,,,"",,,,,,,,,,,,,,,,,,,,,,,kg,,,
rakhi-special-designer-set,,,,,,,,,Teal,,,2XL,,,,,,0.0,shopify,10,deny,manual,1650.00,3500.00,true,false,,,,,"",,,,,,,,,,,,,,,,,,,,,,,kg,,,
rakhi-special-designer-set,,,,,,,,,Lavender,,,S,,,,,,0.0,shopify,10,deny,manual,1650.00,3500.00,true,false,,,,,"",,,,,,,,,,,,,,,,,,,,,,,kg,,,
rakhi-special-designer-set,,,,,,,,,Lavender,,,M,,,,,,0.0,shopify,10,deny,manual,1650.00,3500.00,true,false,,,,,"",,,,,,,,,,,,,,,,,,,,,,,kg,,,
rakhi-special-designer-set,,,,,,,,,Lavender,,,L,,,,,,0.0,shopify,10,deny,manual,1650.00,3500.00,true,false,,,,,"",,,,,,,,,,,,,,,,,,,,,,,kg,,,
rakhi-special-designer-set,,,,,,,,,Lavender,,,XL,,,,,,0.0,shopify,9,deny,manual,1650.00,3500.00,true,false,,,,,"",,,,,,,,,,,,,,,,,,,,,,,kg,,,
rakhi-special-designer-set,,,,,,,,,Lavender,,,2XL,,,,,,0.0,shopify,10,deny,manual,1650.00,3500.00,true,false,,,,,"",,,,,,,,,,,,,,,,,,,,,,,kg,,,
rakhi-special-designer-set,,,,,,,,,Purple,,,S,,,,,,0.0,shopify,10,deny,manual,1650.00,3500.00,true,false,,,,,"",,,,,,,,,,,,,,,,,,,,,,,kg,,,
rakhi-special-designer-set,,,,,,,,,Purple,,,M,,,,,,0.0,shopify,10,deny,manual,1650.00,3500.00,true,false,,,,,"",,,,,,,,,,,,,,,,,,,,,,,kg,,,
rakhi-special-designer-set,,,,,,,,,Purple,,,L,,,,,,0.0,shopify,10,deny,manual,1650.00,3500.00,true,false,,,,,"",,,,,,,,,,,,,,,,,,,,,,,kg,,,
rakhi-special-designer-set,,,,,,,,,Purple,,,XL,,,,,,0.0,shopify,10,deny,manual,1650.00,3500.00,true,false,,,,,"",,,,,,,,,,,,,,,,,,,,,,,kg,,,
rakhi-special-designer-set,,,,,,,,,Purple,,,2XL,,,,,,0.0,shopify,10,deny,manual,1650.00,3500.00,true,false,,,,,"",,,,,,,,,,,,,,,,,,,,,,,kg,,,
rakhi-special-designer-set,,,,,,,,,Pink,,,S,,,,,,0.0,shopify,10,deny,manual,1650.00,3500.00,true,false,,,,,"",,,,,,,,,,,,,,,,,,,,,,,kg,,,
rakhi-special-designer-set,,,,,,,,,Pink,,,M,,,,,,0.0,shopify,10,deny,manual,1650.00,3500.00,true,false,,,,,"",,,,,,,,,,,,,,,,,,,,,,,kg,,,
rakhi-special-designer-set,,,,,,,,,Pink,,,L,,,,,,0.0,shopify,10,deny,manual,1650.00,3500.00,true,false,,,,,"",,,,,,,,,,,,,,,,,,,,,,,kg,,,
rakhi-special-designer-set,,,,,,,,,Pink,,,XL,,,,,,0.0,shopify,10,deny,manual,1650.00,3500.00,true,false,,,,,"",,,,,,,,,,,,,,,,,,,,,,,kg,,,
rakhi-special-designer-set,,,,,,,,,Pink,,,2XL,,,,,,0.0,shopify,10,deny,manual,1650.00,3500.00,true,false,,,,,"",,,,,,,,,,,,,,,,,,,,,,,kg,,,
premium-tibby-organza-silk-brush-print-palazzo-set-with-dupatta,Premium Tibby Organza Silk Brush Print Palazzo Set With Dupatta,"<p><span>TOP DETAILS</span></p>
<p><span>• Fabric : Tibby Organza Silk</span></p>
<p><span>• Work : Brush Print With Intricate Sequence Work (Front &amp; Back)</span></p>
<p><span>• Lining : Soft Micro Inner</span></p>
<p><span>• Length : 29–30 Inches</span></p>
<p><span>• Size : M(38), L(40), XL(42), XXL(44) With 3XL Margin | Fully Stitched Ready To Wear</span></p>
<p><span>PALAZZO DETAILS</span></p>
<p><span>• Fabric : Tibby Organza Silk</span></p>
<p><span>• Work : Plain</span></p>
<p><span>• Lining : Comfortable Micro</span></p>
<p><span>• Size : Fully Stitched | Fits Up To Size 44 With Elastic Waistband</span></p>
<p><span>DUPATTA DETAILS</span></p>
<p><span>• Fabric : Tibby Organza Silk</span></p>
<p><span>• Work : Brush Print With Intricate Sequence Work</span></p>
<p><span>• Length : 2.10 Meters</span></p>",Anjuclothing ,,"","",true,Size,M,,,,,,,,,0.0,shopify,10,deny,manual,1650.00,,true,false,,,,,"",https://cdn.shopify.com/s/files/1/1020/9912/4593/files/0B04EC1F-B9EB-4265-BD37-371C2F86A3A5.png?v=1788958718,1,"",false,,,,,,,,,,,,,,,,,,,kg,,,active
premium-tibby-organza-silk-brush-print-palazzo-set-with-dupatta,,,,,,,,,L,,,,,,,,,0.0,shopify,10,deny,manual,1650.00,,true,false,,,,,"",https://cdn.shopify.com/s/files/1/1020/9912/4593/files/6D9F4291-D08C-405A-982C-B20CA0C73F21.jpg?v=1783960438,2,"",,,,,,,,,,,,,,,,,,,,kg,,,
premium-tibby-organza-silk-brush-print-palazzo-set-with-dupatta,,,,,,,,,XL,,,,,,,,,0.0,shopify,10,deny,manual,1650.00,,true,false,,,,,"",https://cdn.shopify.com/s/files/1/1020/9912/4593/files/36A76E71-FFC3-4EC3-A5C3-D2FC2B0E2EB2.jpg?v=1783960438,3,"",,,,,,,,,,,,,,,,,,,,kg,,,
premium-tibby-organza-silk-brush-print-palazzo-set-with-dupatta,,,,,,,,,2XL,,,,,,,,,0.0,shopify,10,deny,manual,1650.00,,true,false,,,,,"",https://cdn.shopify.com/s/files/1/1020/9912/4593/files/A24E435F-0D6A-4A58-85BD-3958C6EA9B96.jpg?v=1783960438,4,"",,,,,,,,,,,,,,,,,,,,kg,,,
premium-tibby-organza-silk-brush-print-palazzo-set-with-dupatta,,,,,,,,,,,,,,,,,,,,,,,,,,,,,,,"",https://cdn.shopify.com/s/files/1/1020/9912/4593/files/1537CDB2-0AAA-43C8-9ED3-09C2FFDE9572.jpg?v=1783960438,5,"",,,,,,,,,,,,,,,,,,,,,,,
premium-tibby-organza-silk-brush-print-palazzo-set-with-dupatta,,,,,,,,,,,,,,,,,,,,,,,,,,,,,,,"",https://cdn.shopify.com/s/files/1/1020/9912/4593/files/8C3E0188-936E-41B0-ACF9-788F09A0B52C.jpg?v=1783960438,6,"",,,,,,,,,,,,,,,,,,,,,,,
premium-fendy-silk-mirror-work-top-sharara-set-with-dupatta,Premium Fendy Silk Mirror Work Top Sharara Set With Dupatta,"<p><span>TOP DETAILS</span><span><br> </span><span>• Fabric : Fendy Silk</span><span><br> </span><span>• Work : Embroidery Cording &amp; Real Mirror Work</span><span><br> </span><span>• Sleeves : Full Sleeves</span><span><br> </span><span>• Inner : Heavy Micro Cotton</span><span><br> </span><span>• Size : M(38), L(40), XL(42), XXL(44) | Fully Stitched Ready To Wear</span></p>
<p><span>SHARARA DETAILS</span><span><br> </span><span>• Fabric : Fendy Silk</span><span><br> </span><span>• Style : Full Flare Sharara</span><span><br> </span><span>• Length : 40–41 Inches</span></p>
<p><span>DUPATTA DETAILS</span><span><br> </span><span>• Fabric : Fendy Silk</span><span><br> </span><span>• Work : Real Mirror Work Lace Border</span></p>",Anjuclothing ,Apparel & Accessories > Clothing > Traditional & Ceremonial Clothing > Salwar Kameez & Suit Sets,"","",true,Size,M,,,,,,,,,0.0,shopify,10,deny,manual,1630.00,3500.00,true,false,,,,,"",https://cdn.shopify.com/s/files/1/1020/9912/4593/files/196A1AC2-315D-4803-991A-71A5A856782F.jpg?v=1783925338,1,"",false,,,,,,,,,,round,,,,,long,,,,kg,,,active
premium-fendy-silk-mirror-work-top-sharara-set-with-dupatta,,,,,,,,,L,,,,,,,,,0.0,shopify,10,deny,manual,1630.00,3500.00,true,false,,,,,"",https://cdn.shopify.com/s/files/1/1020/9912/4593/files/6155F0AA-FD56-4082-BE62-DE35E9559FB9.jpg?v=1783925338,2,"",,,,,,,,,,,,,,,,,,,,kg,,,
premium-fendy-silk-mirror-work-top-sharara-set-with-dupatta,,,,,,,,,Xl,,,,,,,,,0.0,shopify,10,deny,manual,1630.00,3500.00,true,false,,,,,"",https://cdn.shopify.com/s/files/1/1020/9912/4593/files/89C20120-4BC5-4DE4-91AB-DD0EE4F95278.jpg?v=1783925337,3,"",,,,,,,,,,,,,,,,,,,,kg,,,
premium-fendy-silk-mirror-work-top-sharara-set-with-dupatta,,,,,,,,,2Xl,,,,,,,,,0.0,shopify,10,deny,manual,1630.00,3500.00,true,false,,,,,"",https://cdn.shopify.com/s/files/1/1020/9912/4593/files/9FFD2AA8-67A4-4E97-B60C-DA3EFF281456.jpg?v=1783925338,4,"",,,,,,,,,,,,,,,,,,,,kg,,,
premium-fendy-silk-mirror-work-top-sharara-set-with-dupatta,,,,,,,,,,,,,,,,,,,,,,,,,,,,,,,"",https://cdn.shopify.com/s/files/1/1020/9912/4593/files/E4FFEF8E-CCE6-4BF3-8353-76E95403E8BF.jpg?v=1783925338,5,"",,,,,,,,,,,,,,,,,,,,,,,
premium-fendy-silk-mirror-work-top-sharara-set-with-dupatta,,,,,,,,,,,,,,,,,,,,,,,,,,,,,,,"",https://cdn.shopify.com/s/files/1/1020/9912/4593/files/5E53C6E2-8563-45D3-A231-650225E6760A.jpg?v=1783925338,6,"",,,,,,,,,,,,,,,,,,,,,,,
premium-chinon-silk-thread-sequence-anarkali-set-with-tabby-organza-dupatta,Premium Chinon Silk Thread & Sequence Anarkali Set With Tabby Organza Dupatta,"<p><span>ANARKALI DETAILS</span><span><br> </span><span>• Fabric : Chinon Silk</span><span><br> </span><span>• Work : Thread With Sequence Work</span><span><br> </span><span>• Lining : Soft Micro Cotton</span><span><br> </span><span>• Length : 52 Inches</span><span><br> </span><span>• Flair : 3 Meters</span><span><br> </span><span>• Size : M(38), L(40), XL(42), XXL(44) With 3XL Margin | Fully Stitched Ready To Wear</span></p>
<p><span>PANT DETAILS</span><span><br> </span><span>• Fabric : Micro Cotton</span><span><br> </span><span>• Length : 38 Inches</span><span><br> </span><span>• Stitching : Fully Stitched Up To Size 44 With Stretchable Elastic Waist</span></p>
<p><span>DUPATTA DETAILS</span><span><br> </span><span>• Fabric : Tabby Organza</span><span><br> </span><span>• Work : Digital Print With Four-Sided Fancy Lace Border</span><span><br> </span><span>• Length : 2.2 Meters</span></p>",Anjuclothing ,Apparel & Accessories > Clothing > Traditional & Ceremonial Clothing > Salwar Kameez & Suit Sets,"","",true,Size,M,,,,,,,,,0.0,shopify,100,deny,manual,1799.00,,true,false,,,,,"",https://cdn.shopify.com/s/files/1/1020/9912/4593/files/7C5C8075-E8D2-47AD-9F6C-CA94CD7942F4.jpg?v=1783872203,1,"",false,,,,,,,,,,,,,,,,,,,kg,,,active
premium-chinon-silk-thread-sequence-anarkali-set-with-tabby-organza-dupatta,,,,,,,,,L,,,,,,,,,0.0,shopify,100,deny,manual,1799.00,,true,false,,,,,"",https://cdn.shopify.com/s/files/1/1020/9912/4593/files/E61D7197-53DE-4E6A-A516-E9641FE8B018.jpg?v=1783872203,2,"",,,,,,,,,,,,,,,,,,,,kg,,,
premium-chinon-silk-thread-sequence-anarkali-set-with-tabby-organza-dupatta,,,,,,,,,Xl,,,,,,,,,0.0,shopify,100,deny,manual,1799.00,,true,false,,,,,"",https://cdn.shopify.com/s/files/1/1020/9912/4593/files/20FA6CCE-AAA1-440C-B8EF-9A90101EBC1F.jpg?v=1783872203,3,"",,,,,,,,,,,,,,,,,,,,kg,,,
premium-chinon-silk-thread-sequence-anarkali-set-with-tabby-organza-dupatta,,,,,,,,,2xl,,,,,,,,,0.0,shopify,100,deny,manual,1799.00,,true,false,,,,,"",https://cdn.shopify.com/s/files/1/1020/9912/4593/files/3BD991E7-2C36-4024-A609-3FA75D5A938A.jpg?v=1783872203,4,"",,,,,,,,,,,,,,,,,,,,kg,,,
premium-chinon-silk-thread-sequence-anarkali-set-with-tabby-organza-dupatta,,,,,,,,,,,,,,,,,,,,,,,,,,,,,,,"",https://cdn.shopify.com/s/files/1/1020/9912/4593/files/A4FC140C-35C5-470B-AA0E-126A76638ECC.jpg?v=1783872203,5,"",,,,,,,,,,,,,,,,,,,,,,,
premium-chinon-silk-thread-sequence-anarkali-set-with-tabby-organza-dupatta,,,,,,,,,,,,,,,,,,,,,,,,,,,,,,,"",https://cdn.shopify.com/s/files/1/1020/9912/4593/files/7417CA5E-2A64-4E53-9A47-E68F2BF6BE87.jpg?v=1783872203,6,"",,,,,,,,,,,,,,,,,,,,,,,
premium-chinon-silk-thread-sequence-anarkali-set-with-tabby-organza-dupatta,,,,,,,,,,,,,,,,,,,,,,,,,,,,,,,"",https://cdn.shopify.com/s/files/1/1020/9912/4593/files/04382B0E-8E79-4CA9-B98A-F5D1AA44C3FB.jpg?v=1783872203,7,"",,,,,,,,,,,,,,,,,,,,,,,
premium-chinon-silk-thread-sequence-anarkali-set-with-tabby-organza-dupatta,,,,,,,,,,,,,,,,,,,,,,,,,,,,,,,"",https://cdn.shopify.com/s/files/1/1020/9912/4593/files/4318F4F7-AA7C-4986-9942-188687783174.jpg?v=1783872203,8,"",,,,,,,,,,,,,,,,,,,,,,,
designer-handwork-net-saree-with-beads-sequence-pearl-embroidery,"Designer Handwork Net Saree With Beads, Sequence & Pearl Embroidery","<p><span>SAREE DETAILS</span><span><br> </span><span>• Fabric : Net</span><span><br> </span><span>• Work : Beads, Sequence &amp; Pearl Embroidery Work</span></p>
<p><span>BLOUSE DETAILS</span><span><br> </span><span>• Fabric : Net</span><span><br> </span><span>• Work : Beads, Sequence &amp; Pearl Embroidery Work</span><span><br> </span><span>• Stitching : UnstitcheD</span></p>
<p> </p>",Anjuclothing ,,"","",true,Colour,Lavender,,,,,,,,,0.0,shopify,10,deny,manual,1730.00,,true,false,,,,,"",https://cdn.shopify.com/s/files/1/1020/9912/4593/files/01FA2302-D3A8-4617-8728-E32F192B5801.png?v=1788958718,1,"",false,,,,,,,,,,,,,,,,,,https://cdn.shopify.com/s/files/1/1020/9912/4593/files/651BD117-6F9F-47A2-9AD9-2F94268B1A18.jpg?v=1783858849,kg,,,active
designer-handwork-net-saree-with-beads-sequence-pearl-embroidery,,,,,,,,,Olive,,,,,,,,,0.0,shopify,10,deny,manual,1730.00,,true,false,,,,,"",https://cdn.shopify.com/s/files/1/1020/9912/4593/files/651BD117-6F9F-47A2-9AD9-2F94268B1A18.jpg?v=1783858849,2,"",,,,,,,,,,,,,,,,,,,,kg,,,
designer-handwork-net-saree-with-beads-sequence-pearl-embroidery,,,,,,,,,Sage green,,,,,,,,,0.0,shopify,10,deny,manual,1730.00,,true,false,,,,,"",https://cdn.shopify.com/s/files/1/1020/9912/4593/files/22201DF7-81B0-4A5A-85DC-B26069E79C2A.jpg?v=1783858933,3,"",,,,,,,,,,,,,,,,,,,,kg,,,
designer-handwork-net-saree-with-beads-sequence-pearl-embroidery,,,,,,,,,Mustard gold,,,,,,,,,0.0,shopify,10,deny,manual,1730.00,,true,false,,,,,"",https://cdn.shopify.com/s/files/1/1020/9912/4593/files/7BFDF188-FDDB-4153-A7D1-06DDA325488C.jpg?v=1783849030,4,"",,,,,,,,,,,,,,,,,,,,kg,,,
designer-handwork-net-saree-with-beads-sequence-pearl-embroidery,,,,,,,,,Butter yellow,,,,,,,,,0.0,shopify,10,deny,manual,1730.00,,true,false,,,,,"",https://cdn.shopify.com/s/files/1/1020/9912/4593/files/1BE9DACF-931C-4FFB-B9FE-5A7085D88678.jpg?v=1783849030,5,"",,,,,,,,,,,,,,,,,,,,kg,,,
designer-handwork-net-saree-with-beads-sequence-pearl-embroidery,,,,,,,,,Aqua mint,,,,,,,,,0.0,shopify,10,deny,manual,1730.00,,true,false,,,,,"",https://cdn.shopify.com/s/files/1/1020/9912/4593/files/967038F3-658C-4B8A-9627-18A9EA06CEE5.jpg?v=1783849030,6,"",,,,,,,,,,,,,,,,,,,,kg,,,
designer-handwork-net-saree-with-beads-sequence-pearl-embroidery,,,,,,,,,Black,,,,,,,,,0.0,shopify,10,deny,manual,1730.00,,true,false,,,,,"",https://cdn.shopify.com/s/files/1/1020/9912/4593/files/4909BCEE-A828-4DFC-A59F-A92916745754.jpg?v=1783849030,7,"",,,,,,,,,,,,,,,,,,,,kg,,,
designer-handwork-net-saree-with-beads-sequence-pearl-embroidery,,,,,,,,,Silver mist,,,,,,,,,0.0,shopify,10,deny,manual,1730.00,,true,false,,,,,"",https://cdn.shopify.com/s/files/1/1020/9912/4593/files/A8930D38-F5DC-4DF9-8DF2-B8A7F75F4982.jpg?v=1783849030,8,"",,,,,,,,,,,,,,,,,,,,kg,,,
designer-handwork-net-saree-with-beads-sequence-pearl-embroidery,,,,,,,,,Royal wine,,,,,,,,,0.0,shopify,10,deny,manual,1730.00,,true,false,,,,,"",https://cdn.shopify.com/s/files/1/1020/9912/4593/files/60922FDB-6B9B-4D5A-BF00-41B1C3358ACF.jpg?v=1783849030,9,"",,,,,,,,,,,,,,,,,,,,kg,,,
designer-handwork-net-saree-with-beads-sequence-pearl-embroidery,,,,,,,,,Skyblue,,,,,,,,,0.0,shopify,10,deny,manual,1730.00,,true,false,,,,,"",https://cdn.shopify.com/s/files/1/1020/9912/4593/files/BEBED224-8E66-4517-B8C1-B14791F3F254.jpg?v=1783849030,10,"",,,,,,,,,,,,,,,,,,,,kg,,,
designer-handwork-net-saree-with-beads-sequence-pearl-embroidery,,,,,,,,,Blush pink,,,,,,,,,0.0,shopify,10,deny,manual,1730.00,,true,false,,,,,"",https://cdn.shopify.com/s/files/1/1020/9912/4593/files/6A20A827-96F6-4139-9673-E61FAA883B9A.jpg?v=1783849030,11,"",,,,,,,,,,,,,,,,,,,,kg,,,
designer-handwork-net-saree-with-beads-sequence-pearl-embroidery,,,,,,,,,Ivory,,,,,,,,,0.0,shopify,10,deny,manual,1730.00,,true,false,,,,,"",https://cdn.shopify.com/s/files/1/1020/9912/4593/files/BB081BC9-410E-4C52-A05E-AC1BD93A764C.jpg?v=1783858849,12,"",,,,,,,,,,,,,,,,,,,,kg,,,
designer-handwork-net-saree-with-beads-sequence-pearl-embroidery,,,,,,,,,Baby pink,,,,,,,,,0.0,shopify,10,deny,manual,1730.00,,true,false,,,,,"",,,,,,,,,,,,,,,,,,,,,,,kg,,,
heavy-corset-back-faux-georgette-kurta-set,Heavy corset back faux Georgette kurta set,"<p><span>KURTI DETAILS</span><span><br> </span><span>• Fabric : Faux Georgette</span><span><br> </span><span>• Work : Front Embroidery Work &amp; Back Drawstring Pattern</span><span><br> </span><span>• Inner : Micron</span><span><br> </span><span>• Sleeves : 16 Inches</span><span><br> </span><span>• Length : 50 Inches</span><span><br> </span><span>• Size : M(38), L(40), XL(42), XXL(44) | Fully Stitched Ready To Wear</span></p>
<p><span>PANT DETAILS</span><span><br> </span><span>• Fabric : Micro Cotton</span><span><br> </span><span>• Length : 40 Inches</span><span><br> </span><span>• Waist : Fits Up To Size 42 | Elastic Waistband</span></p>
<p><span>DUPATTA DETAILS</span><span><br> </span><span>• Fabric : Faux Georgette</span><span><br> </span><span>• Work : Embroidery Work</span><span><br> </span><span>• Length : 2.10 Meters</span></p>",Anjuclothing ,Apparel & Accessories > Clothing > Traditional & Ceremonial Clothing > Kurtas & Kurta Sets,"","",true,Colour,Butter yellow,,Size,M,,,,,,0.0,shopify,9,deny,manual,1499.00,,true,false,,,,,"",https://cdn.shopify.com/s/files/1/1020/9912/4593/files/IMG-2608.png?v=1789307677,1,"",false,,,,,,,,,,square,,,,,short,,,,kg,,,active
heavy-corset-back-faux-georgette-kurta-set,,,,,,,,,Butter yellow,,,L,,,,,,0.0,shopify,9,deny,manual,1499.00,,true,false,,,,,"",https://cdn.shopify.com/s/files/1/1020/9912/4593/files/1150805D-FA39-4F3E-B588-D069ECCFD17E.jpg?v=1783781399,2,"",,,,,,,,,,,,,,,,,,,,kg,,,
heavy-corset-back-faux-georgette-kurta-set,,,,,,,,,Butter yellow,,,Xl,,,,,,0.0,shopify,10,deny,manual,1499.00,,true,false,,,,,"",https://cdn.shopify.com/s/files/1/1020/9912/4593/files/75545FCA-78A9-440F-8036-DA8EED3E95A8.jpg?v=1783781398,3,"",,,,,,,,,,,,,,,,,,,,kg,,,
heavy-corset-back-faux-georgette-kurta-set,,,,,,,,,Butter yellow,,,2xl,,,,,,0.0,shopify,10,deny,manual,1499.00,,true,false,,,,,"",https://cdn.shopify.com/s/files/1/1020/9912/4593/files/E4BBD623-D882-45F1-B844-419CF50F02F3.jpg?v=1783781398,4,"",,,,,,,,,,,,,,,,,,,,kg,,,
heavy-corset-back-faux-georgette-kurta-set,,,,,,,,,Black,,,M,,,,,,0.0,shopify,10,deny,manual,1499.00,,true,false,,,,,"",https://cdn.shopify.com/s/files/1/1020/9912/4593/files/11442959-F988-4850-947E-C136CCD21512.jpg?v=1783781398,5,"",,,,,,,,,,,,,,,,,,,https://cdn.shopify.com/s/files/1/1020/9912/4593/files/11442959-F988-4850-947E-C136CCD21512.jpg?v=1783781398,kg,,,
heavy-corset-back-faux-georgette-kurta-set,,,,,,,,,Black,,,L,,,,,,0.0,shopify,9,deny,manual,1499.00,,true,false,,,,,"",https://cdn.shopify.com/s/files/1/1020/9912/4593/files/BF5DE3B0-A857-47A9-A235-1EA26548DCED.jpg?v=1783781398,6,"",,,,,,,,,,,,,,,,,,,https://cdn.shopify.com/s/files/1/1020/9912/4593/files/11442959-F988-4850-947E-C136CCD21512.jpg?v=1783781398,kg,,,
heavy-corset-back-faux-georgette-kurta-set,,,,,,,,,Black,,,Xl,,,,,,0.0,shopify,10,deny,manual,1499.00,,true,false,,,,,"",https://cdn.shopify.com/s/files/1/1020/9912/4593/files/F6BD587B-69D0-46F6-95C0-935C76A5B764.jpg?v=1783781398,7,"",,,,,,,,,,,,,,,,,,,https://cdn.shopify.com/s/files/1/1020/9912/4593/files/11442959-F988-4850-947E-C136CCD21512.jpg?v=1783781398,kg,,,
heavy-corset-back-faux-georgette-kurta-set,,,,,,,,,Black,,,2xl,,,,,,0.0,shopify,10,deny,manual,1499.00,,true,false,,,,,"",https://cdn.shopify.com/s/files/1/1020/9912/4593/files/D6D4A028-EF19-4A03-A59B-6D10E1330521.jpg?v=1783781398,8,"",,,,,,,,,,,,,,,,,,,https://cdn.shopify.com/s/files/1/1020/9912/4593/files/11442959-F988-4850-947E-C136CCD21512.jpg?v=1783781398,kg,,,
heavy-corset-back-faux-georgette-kurta-set,,,,,,,,,Pink,,,M,,,,,,0.0,shopify,9,deny,manual,1499.00,,true,false,,,,,"",https://cdn.shopify.com/s/files/1/1020/9912/4593/files/92B5A7E2-1016-402D-B1F1-E81AD7159962.jpg?v=1783781398,9,"",,,,,,,,,,,,,,,,,,,https://cdn.shopify.com/s/files/1/1020/9912/4593/files/F6BD587B-69D0-46F6-95C0-935C76A5B764.jpg?v=1783781398,kg,,,
heavy-corset-back-faux-georgette-kurta-set,,,,,,,,,Pink,,,L,,,,,,0.0,shopify,10,deny,manual,1499.00,,true,false,,,,,"",https://cdn.shopify.com/s/files/1/1020/9912/4593/files/DD82B1C6-5008-40BB-93C7-10AD368861F4.jpg?v=1783781553,10,"",,,,,,,,,,,,,,,,,,,https://cdn.shopify.com/s/files/1/1020/9912/4593/files/F6BD587B-69D0-46F6-95C0-935C76A5B764.jpg?v=1783781398,kg,,,
heavy-corset-back-faux-georgette-kurta-set,,,,,,,,,Pink,,,Xl,,,,,,0.0,shopify,10,deny,manual,1499.00,,true,false,,,,,"",,,,,,,,,,,,,,,,,,,,,,https://cdn.shopify.com/s/files/1/1020/9912/4593/files/F6BD587B-69D0-46F6-95C0-935C76A5B764.jpg?v=1783781398,kg,,,
heavy-corset-back-faux-georgette-kurta-set,,,,,,,,,Pink,,,2xl,,,,,,0.0,shopify,10,deny,manual,1499.00,,true,false,,,,,"",,,,,,,,,,,,,,,,,,,,,,https://cdn.shopify.com/s/files/1/1020/9912/4593/files/F6BD587B-69D0-46F6-95C0-935C76A5B764.jpg?v=1783781398,kg,,,
heavy-corset-back-faux-georgette-kurta-set,,,,,,,,,Green,,,M,,,,,,0.0,shopify,10,deny,manual,1499.00,,true,false,,,,,"",,,,,,,,,,,,,,,,,,,,,,https://cdn.shopify.com/s/files/1/1020/9912/4593/files/92B5A7E2-1016-402D-B1F1-E81AD7159962.jpg?v=1783781398,kg,,,
heavy-corset-back-faux-georgette-kurta-set,,,,,,,,,Green,,,L,,,,,,0.0,shopify,10,deny,manual,1499.00,,true,false,,,,,"",,,,,,,,,,,,,,,,,,,,,,https://cdn.shopify.com/s/files/1/1020/9912/4593/files/92B5A7E2-1016-402D-B1F1-E81AD7159962.jpg?v=1783781398,kg,,,
heavy-corset-back-faux-georgette-kurta-set,,,,,,,,,Green,,,Xl,,,,,,0.0,shopify,10,deny,manual,1499.00,,true,false,,,,,"",,,,,,,,,,,,,,,,,,,,,,https://cdn.shopify.com/s/files/1/1020/9912/4593/files/92B5A7E2-1016-402D-B1F1-E81AD7159962.jpg?v=1783781398,kg,,,
heavy-corset-back-faux-georgette-kurta-set,,,,,,,,,Green,,,2xl,,,,,,0.0,shopify,10,deny,manual,1499.00,,true,false,,,,,"",,,,,,,,,,,,,,,,,,,,,,https://cdn.shopify.com/s/files/1/1020/9912/4593/files/92B5A7E2-1016-402D-B1F1-E81AD7159962.jpg?v=1783781398,kg,,,
premium-sparkle-silk-ready-to-wear-saree-with-heavy-banarasi-silk-blouse,Premium Sparkle Silk Ready-to-Wear Saree With Heavy Banarasi Silk Blouse,"<p><span>SAREE DETAILS</span><span><br> </span><span>• Fabric : Sparkle Silk Ready-to-Wear Saree With Adjustable Hooks</span><span><br> </span><span>• Length : 5.5 Meters</span></p>
<p><span>BLOUSE DETAILS</span><span><br> </span><span>• Fabric : Heavy Banarasi Silk</span><span><br> </span><span>• Size : M, XL With Margin | Fully Stitched Ready To Wear</span></p>",Anjuclothing ,,"","",true,Title,Default Title,,,,,,,,,0.0,shopify,10,deny,manual,1750.00,,true,false,,,,,"",https://cdn.shopify.com/s/files/1/1020/9912/4593/files/804D9A0B-3D70-4050-8D07-991790803D84.jpg?v=1783768397,1,"",false,,,,,,,,,,,,,,,,,,,kg,,,active
premium-sparkle-silk-ready-to-wear-saree-with-heavy-banarasi-silk-blouse,,,,,,,,,,,,,,,,,,,,,,,,,,,,,,,"",https://cdn.shopify.com/s/files/1/1020/9912/4593/files/D76E2840-332B-4F34-BFA2-8ECD8A7C6ABA.jpg?v=1783768397,2,"",,,,,,,,,,,,,,,,,,,,,,,
premium-sparkle-silk-ready-to-wear-saree-with-heavy-banarasi-silk-blouse,,,,,,,,,,,,,,,,,,,,,,,,,,,,,,,"",https://cdn.shopify.com/s/files/1/1020/9912/4593/files/648F998C-FBF6-4CB5-97AF-9BB0B0E5131E.jpg?v=1783768397,3,"",,,,,,,,,,,,,,,,,,,,,,,
premium-sparkle-silk-ready-to-wear-saree-with-heavy-banarasi-silk-blouse,,,,,,,,,,,,,,,,,,,,,,,,,,,,,,,"",https://cdn.shopify.com/s/files/1/1020/9912/4593/files/5AD9630E-88FD-486A-B26A-6638D0D41B4C.jpg?v=1783768397,4,"",,,,,,,,,,,,,,,,,,,,,,,
premium-sparkle-silk-ready-to-wear-saree-with-heavy-banarasi-silk-blouse,,,,,,,,,,,,,,,,,,,,,,,,,,,,,,,"",https://cdn.shopify.com/s/files/1/1020/9912/4593/files/175FD4BB-1F6F-4E6A-A8C1-75456654D40B.jpg?v=1783768397,5,"",,,,,,,,,,,,,,,,,,,,,,,
sparkle-silk-ready-to-wear-saree,Sparkle Silk Ready-to-Wear Saree,"<p><span>SAREE DETAILS</span><span><br> </span><span>• Fabric : Sparkle Silk Ready-to-Wear Saree With Adjustable Hooks</span><span><br> </span><span>• Length : 5.5 Meters</span></p>
<p><span>BLOUSE DETAILS</span><span><br> </span><span>• Fabric : Heavy Banarasi Silk</span><span><br> </span><span>• Size : M, XL With Margin | Fully Stitched Ready To Wear</span></p>",Anjuclothing ,Apparel & Accessories > Clothing > Traditional & Ceremonial Clothing > Saris & Lehengas > Saris,"","",true,Title,Default Title,,,,,,,,,0.0,shopify,10,deny,manual,1750.00,,true,false,,,,,"",https://cdn.shopify.com/s/files/1/1020/9912/4593/files/1D2F18D1-352E-45CA-ACFE-3524D80BAE1E.jpg?v=1783767531,1,"",false,,,,,,,,,,,,,,,,,,,kg,,,active
sparkle-silk-ready-to-wear-saree,,,,,,,,,,,,,,,,,,,,,,,,,,,,,,,"",https://cdn.shopify.com/s/files/1/1020/9912/4593/files/D7F18B47-9B01-49CF-8F50-79767A225D6E.jpg?v=1783767531,2,"",,,,,,,,,,,,,,,,,,,,,,,
sparkle-silk-ready-to-wear-saree,,,,,,,,,,,,,,,,,,,,,,,,,,,,,,,"",https://cdn.shopify.com/s/files/1/1020/9912/4593/files/3B1D48E4-5DE1-4733-AABD-BA7D852A921A.jpg?v=1783767531,3,"",,,,,,,,,,,,,,,,,,,,,,,
sparkle-silk-ready-to-wear-saree,,,,,,,,,,,,,,,,,,,,,,,,,,,,,,,"",https://cdn.shopify.com/s/files/1/1020/9912/4593/files/AF94A9E9-22F4-4640-A816-03B53C25F73E.jpg?v=1783767531,4,"",,,,,,,,,,,,,,,,,,,,,,,
sparkle-silk-ready-to-wear-saree,,,,,,,,,,,,,,,,,,,,,,,,,,,,,,,"",https://cdn.shopify.com/s/files/1/1020/9912/4593/files/5F64849E-B771-476C-A27F-EDB527CB6216.jpg?v=1783767531,5,"",,,,,,,,,,,,,,,,,,,,,,,
haldi-special-faux-georgette-anarkali-set,Haldi special Faux Georgette Anarkali Set,"<p><span>ANARKALI DETAILS</span><span><br> </span><span>• Fabric : Faux Georgette</span><span><br> </span><span>• Work : Handwork</span><span><br> </span><span>• Lining : Soft Micro Cotton</span><span><br> </span><span>• Length : 52 Inches</span><span><br> </span><span>• Size : M(38), L(40), XL(42), XXL(44) With 3XL Margin | Fully Stitched Ready To Wear</span></p>
<p><span>PANT DETAILS</span><span><br> </span><span>• Fabric : Micro Cotton</span><span><br> </span><span>• Length : 38 Inches</span><span><br> </span><span>• Size : Fully Stitched Up To Size 44 With Stretchable Elastic Waist</span></p>
<p><span>DUPATTA DETAILS</span><span><br> </span><span>• Fabric : Faux Georgette</span><span><br> </span><span>• Work : Rivet Moti Work With Four-Sided Moti Lace Border</span><span><br> </span><span>• Length : 2.2 Meters</span></p>",Anjuclothing ,,"","",true,Size,M,,,,,,,,,0.0,shopify,10,deny,manual,1599.00,,true,false,,,,,"",https://cdn.shopify.com/s/files/1/1020/9912/4593/files/C73D51BF-C6BB-4C6B-AA97-44F147CBA23A.jpg?v=1783766933,1,"",false,,,,,,,,,,,,,,,,,,,kg,,,active
haldi-special-faux-georgette-anarkali-set,,,,,,,,,L,,,,,,,,,0.0,shopify,10,deny,manual,1599.00,,true,false,,,,,"",https://cdn.shopify.com/s/files/1/1020/9912/4593/files/D50DF1D8-EC8C-4D29-97D9-FF0610EE2A0B.jpg?v=1783766933,2,"",,,,,,,,,,,,,,,,,,,,kg,,,
haldi-special-faux-georgette-anarkali-set,,,,,,,,,Xl,,,,,,,,,0.0,shopify,10,deny,manual,1599.00,,true,false,,,,,"",https://cdn.shopify.com/s/files/1/1020/9912/4593/files/55F5D206-3F9F-4C6A-B932-23CDF173B48E.jpg?v=1783766933,3,"",,,,,,,,,,,,,,,,,,,,kg,,,
haldi-special-faux-georgette-anarkali-set,,,,,,,,,Xxl,,,,,,,,,0.0,shopify,10,deny,manual,1599.00,,true,false,,,,,"",https://cdn.shopify.com/s/files/1/1020/9912/4593/files/732E2401-38C3-4FA7-9862-AB74A909EEEA.jpg?v=1783766933,4,"",,,,,,,,,,,,,,,,,,,,kg,,,
haldi-special-faux-georgette-anarkali-set,,,,,,,,,,,,,,,,,,,,,,,,,,,,,,,"",https://cdn.shopify.com/s/files/1/1020/9912/4593/files/A5F596B4-34FA-48AF-927D-F1C2441380CC.jpg?v=1783766933,5,"",,,,,,,,,,,,,,,,,,,,,,,
haldi-special-faux-georgette-anarkali-set,,,,,,,,,,,,,,,,,,,,,,,,,,,,,,,"",https://cdn.shopify.com/s/files/1/1020/9912/4593/files/62CA7BAA-2D1B-407A-BF75-CC6FCFEDEF1F.jpg?v=1783766933,6,"",,,,,,,,,,,,,,,,,,,,,,,
simmer-silk-lehenga-choli-with-koti,Simmer Silk Lehenga Choli With Koti,"<p><span>LEHENGA DETAILS</span><span><br> </span><span>• Fabric : Simmer Silk</span><span><br> </span><span>• Work : Thread With Sequence Work</span><span><br> </span><span>• Inner : Soft Micro Lining</span><span><br> </span><span>• Flair : 4 Meters</span><span><br> </span><span>• Size : Fully Stitched | Fits Up To Size 44</span></p>
<p><span>CHOLI DETAILS</span><span><br> </span><span>• Fabric : Simmer Silk</span><span><br> </span><span>• Work : Thread With Sequence Work</span><span><br> </span><span>• Inner : Micro Lining</span><span><br> </span><span>• Size : Unstitched | Fits Up To Size 42</span></p>
<p><span>KOTI DETAILS</span><span><br> </span><span>• Fabric : Simmer Silk</span><span><br> </span><span>• Work : Thread With 9mm Sequence Work</span><span><br> </span><span>• Size : Fully Stitched | Fits Up To Size 42</span></p>",Anjuclothing ,,"","",true,Title,Default Title,,,,,,,,,0.0,shopify,10,deny,manual,1750.00,,true,false,,,,,"",https://cdn.shopify.com/s/files/1/1020/9912/4593/files/6392B006-881B-4B15-976D-8746D1ED2C10.jpg?v=1783766816,1,"",false,,,,,,,,,,,,,,,,,,,kg,,,active
simmer-silk-lehenga-choli-with-koti,,,,,,,,,,,,,,,,,,,,,,,,,,,,,,,"",https://cdn.shopify.com/s/files/1/1020/9912/4593/files/2A54EB54-F453-47AD-8335-B488E3D64C08.jpg?v=1783766816,2,"",,,,,,,,,,,,,,,,,,,,,,,
simmer-silk-lehenga-choli-with-koti,,,,,,,,,,,,,,,,,,,,,,,,,,,,,,,"",https://cdn.shopify.com/s/files/1/1020/9912/4593/files/8023EACB-A252-4792-8A7B-F5463F005361.jpg?v=1783766816,3,"",,,,,,,,,,,,,,,,,,,,,,,
simmer-silk-lehenga-choli-with-koti,,,,,,,,,,,,,,,,,,,,,,,,,,,,,,,"",https://cdn.shopify.com/s/files/1/1020/9912/4593/files/20C8DBA7-BC4D-4466-81B7-77DD066A405E.jpg?v=1783766816,4,"",,,,,,,,,,,,,,,,,,,,,,,
simmer-silk-lehenga-choli-with-koti,,,,,,,,,,,,,,,,,,,,,,,,,,,,,,,"",https://cdn.shopify.com/s/files/1/1020/9912/4593/files/FA8AE622-3BCD-4C34-9F89-6E248CB9673A.jpg?v=1783766816,5,"",,,,,,,,,,,,,,,,,,,,,,,
simmer-silk-lehenga-choli-with-koti,,,,,,,,,,,,,,,,,,,,,,,,,,,,,,,"",https://cdn.shopify.com/s/files/1/1020/9912/4593/files/AC2B883A-F178-48F7-BE5D-F69AFC2BF29B.jpg?v=1783766816,6,"",,,,,,,,,,,,,,,,,,,,,,,
simmer-silk-lehenga-choli-with-koti,,,,,,,,,,,,,,,,,,,,,,,,,,,,,,,"",https://cdn.shopify.com/s/files/1/1020/9912/4593/files/3A7CCDF9-6BC4-459E-A7B2-A5F26469634B.jpg?v=1783766816,7,"",,,,,,,,,,,,,,,,,,,,,,,
simmer-silk-lehenga-choli-with-koti,,,,,,,,,,,,,,,,,,,,,,,,,,,,,,,"",https://cdn.shopify.com/s/files/1/1020/9912/4593/files/F6B5B9EC-8822-4670-A09B-8EC0860FC8DF.jpg?v=1783766816,8,"",,,,,,,,,,,,,,,,,,,,,,,
heavy-fendy-silk-anarkali-set,Heavy Fendy Silk Anarkali Set,"<p><span>ANARKALI DETAILS</span><span><br> </span><span>• Fabric : Heavy Fendy Silk</span><span><br> </span><span>• Work : Thread With Sequence Work, Padded &amp; Tassel Detailing</span><span><br> </span><span>• Inner : Comfortable Inner</span><span><br> </span><span>• Length : 52 Inches</span><span><br> </span><span>• Flair : 3.5 Meters</span><span><br> </span><span>• Size : M(38), L(40), XL(42), XXL(44) With 3XL(46) Margin | Fully Stitched Ready To Wear</span></p>
<p><span>PANT DETAILS</span><span><br> </span><span>• Fabric : Micro Cotton</span><span><br> </span><span>• Length : 39 Inches</span><span><br> </span><span>• Size : Fully Stitched Up To Size 44 With Stretchable Elastic Waist</span></p>
<p><span>DUPATTA DETAILS</span><span><br> </span><span>• Fabric : Heavy Fendy Silk</span><span><br> </span><span>• Work : Thread With Sequence Work</span><span><br> </span><span>• Length : 2.10 Meters</span></p>",Anjuclothing ,,"","",true,Size,M,,,,,,,,,0.0,shopify,10,deny,manual,1950.00,,true,false,,,,,"",https://cdn.shopify.com/s/files/1/1020/9912/4593/files/IMG-0061.png?v=1787677180,1,"",false,,,,,,,,,,,,,,,,,,,kg,,,active
heavy-fendy-silk-anarkali-set,,,,,,,,,L,,,,,,,,,0.0,shopify,10,deny,manual,1950.00,,true,false,,,,,"",https://cdn.shopify.com/s/files/1/1020/9912/4593/files/8B425EA6-C9B8-43A5-8C72-920AE06BCBF1.jpg?v=1783766273,2,"",,,,,,,,,,,,,,,,,,,,kg,,,
heavy-fendy-silk-anarkali-set,,,,,,,,,Xl,,,,,,,,,0.0,shopify,10,deny,manual,1950.00,,true,false,,,,,"",https://cdn.shopify.com/s/files/1/1020/9912/4593/files/273E24F2-CC10-405B-9477-258B8A1FC79F.jpg?v=1783766273,3,"",,,,,,,,,,,,,,,,,,,,kg,,,
heavy-fendy-silk-anarkali-set,,,,,,,,,Xxl,,,,,,,,,0.0,shopify,10,deny,manual,1950.00,,true,false,,,,,"",https://cdn.shopify.com/s/files/1/1020/9912/4593/files/1E6367AF-6833-40F2-8085-43FC8C59DE67.jpg?v=1783766273,4,"",,,,,,,,,,,,,,,,,,,,kg,,,
heavy-fendy-silk-anarkali-set,,,,,,,,,,,,,,,,,,,,,,,,,,,,,,,"",https://cdn.shopify.com/s/files/1/1020/9912/4593/files/0D2A6B71-C535-40FF-BF06-76E715FA9A42.jpg?v=1783766273,5,"",,,,,,,,,,,,,,,,,,,,,,,
heavy-fendy-silk-anarkali-set,,,,,,,,,,,,,,,,,,,,,,,,,,,,,,,"",https://cdn.shopify.com/s/files/1/1020/9912/4593/files/BAC6AC81-D851-4824-B492-621E1314665D.jpg?v=1783766273,6,"",,,,,,,,,,,,,,,,,,,,,,,
heavy-fendy-silk-anarkali-set,,,,,,,,,,,,,,,,,,,,,,,,,,,,,,,"",https://cdn.shopify.com/s/files/1/1020/9912/4593/files/83ED046E-7583-4A4B-B1D6-181CFD5B8A30.jpg?v=1783766273,7,"",,,,,,,,,,,,,,,,,,,,,,,
royal-georgette-anarkali-set,Royal Georgette Anarkali Set,"<p><span>ANARKALI DETAILS</span><span><br> </span><span>• Fabric : C-C Georgette</span><span><br> </span><span>• Work : Coding Dori With Sequence Work</span><span><br> </span><span>• Inner : Soft Micro Cotton</span><span><br> </span><span>• Length : 52 Inches</span><span><br> </span><span>• Size : M(38), L(40), XL(42), XXL(44) With 3XL Margin | Fully Stitched Ready To Wear</span></p>
<p><span>PANT DETAILS</span><span><br> </span><span>• Fabric : Micro Cotton</span><span><br> </span><span>• Length : 38 Inches</span><span><br> </span><span>• Size : Fully Stitched Up To Size 44 With Stretchable Elastic Waist</span></p>
<p><span>DUPATTA DETAILS</span><span><br> </span><span>• Fabric : C-C Georgette</span><span><br> </span><span>• Work : Coding Dori With Sequence Work &amp; Four-Sided Lace Border</span><span><br> </span><span>• Length : 2.2 Meters</span></p>",Anjuclothing ,,"","",true,Size,M,,,,,,,,,0.0,shopify,10,deny,manual,1999.00,,true,false,,,,,"",https://cdn.shopify.com/s/files/1/1020/9912/4593/files/8A0BBC59-4984-41EB-B244-E3C32A54F74A.jpg?v=1783766124,1,"",false,,,,,,,,,,,,,,,,,,,kg,,,active
royal-georgette-anarkali-set,,,,,,,,,L,,,,,,,,,0.0,shopify,10,deny,manual,1999.00,,true,false,,,,,"",https://cdn.shopify.com/s/files/1/1020/9912/4593/files/92601B91-200B-453C-A988-CEF7094F7DF5.jpg?v=1783766124,2,"",,,,,,,,,,,,,,,,,,,,kg,,,
royal-georgette-anarkali-set,,,,,,,,,Xl,,,,,,,,,0.0,shopify,10,deny,manual,1999.00,,true,false,,,,,"",https://cdn.shopify.com/s/files/1/1020/9912/4593/files/D3BA4914-84E1-40B9-A4D2-5165B6214E9E.jpg?v=1783766123,3,"",,,,,,,,,,,,,,,,,,,,kg,,,
royal-georgette-anarkali-set,,,,,,,,,2xl,,,,,,,,,0.0,shopify,10,deny,manual,1999.00,,true,false,,,,,"",https://cdn.shopify.com/s/files/1/1020/9912/4593/files/A845D29A-1BD7-413C-9753-E20E460CABFD.jpg?v=1783766124,4,"",,,,,,,,,,,,,,,,,,,,kg,,,
royal-georgette-anarkali-set,,,,,,,,,,,,,,,,,,,,,,,,,,,,,,,"",https://cdn.shopify.com/s/files/1/1020/9912/4593/files/60856C09-0458-4101-99A1-B13DB81C31DA.jpg?v=1783766123,5,"",,,,,,,,,,,,,,,,,,,,,,,
royal-georgette-anarkali-set,,,,,,,,,,,,,,,,,,,,,,,,,,,,,,,"",https://cdn.shopify.com/s/files/1/1020/9912/4593/files/002AB03B-8494-42A3-BEEF-3EC50D31631A.jpg?v=1783766124,6,"",,,,,,,,,,,,,,,,,,,,,,,
blooming-vichitra-gown-set,Blooming Vichitra Gown Set,"<p><span>GOWN DETAILS</span><span><br> </span><span>• Fabric : Blooming Vichitra</span><span><br> </span><span>• Work : Front-Side Beads &amp; Sequence Embroidery Work</span><span><br> </span><span>• Length : Floor Length</span><span><br> </span><span>• Size : M(38), L(40), XL(42), XXL(44) | Fully Stitched Ready To Wear</span></p>
<p><span>BOTTOM DETAILS</span><span><br> </span><span>• Fabric : Blooming Vichitra</span><span><br> </span><span>• Size : Free Size | Fully Stitched</span></p>
<p><span>DUPATTA DETAILS</span><span><br> </span><span>• Fabric : Blooming Vichitra</span><span><br> </span><span>• Work : Beads &amp; Sequence Embroidery Work On Belt</span><span><br> </span><span>• Length : 2.10 Meters</span></p>",Anjuclothing ,,"","",true,Size,M,,,,,,,,,0.0,shopify,100,deny,manual,1799.00,,true,false,,,,,"",https://cdn.shopify.com/s/files/1/1020/9912/4593/files/F839B611-50EB-47AD-962B-4A032139D92E.jpg?v=1783765934,1,"",false,,,,,,,,,,,,,,,,,,,kg,,,active
blooming-vichitra-gown-set,,,,,,,,,L,,,,,,,,,0.0,shopify,100,deny,manual,1799.00,,true,false,,,,,"",https://cdn.shopify.com/s/files/1/1020/9912/4593/files/815EE396-435B-4AFC-8AC3-647C2CD03F84.jpg?v=1783765934,2,"",,,,,,,,,,,,,,,,,,,,kg,,,
blooming-vichitra-gown-set,,,,,,,,,Xl,,,,,,,,,0.0,shopify,100,deny,manual,1799.00,,true,false,,,,,"",https://cdn.shopify.com/s/files/1/1020/9912/4593/files/4479DF6E-870E-4233-B24D-82F0AF4749DD.jpg?v=1783765935,3,"",,,,,,,,,,,,,,,,,,,,kg,,,
blooming-vichitra-gown-set,,,,,,,,,2Xl,,,,,,,,,0.0,shopify,100,deny,manual,1799.00,,true,false,,,,,"",https://cdn.shopify.com/s/files/1/1020/9912/4593/files/4072871F-1D89-4C26-AD23-6F19BD1322FD.jpg?v=1783765934,4,"",,,,,,,,,,,,,,,,,,,,kg,,,
blooming-vichitra-gown-set,,,,,,,,,,,,,,,,,,,,,,,,,,,,,,,"",https://cdn.shopify.com/s/files/1/1020/9912/4593/files/AEBDC452-5294-47FC-B345-D09132E9C505.jpg?v=1783765934,5,"",,,,,,,,,,,,,,,,,,,,,,,
blooming-vichitra-gown-set,,,,,,,,,,,,,,,,,,,,,,,,,,,,,,,"",https://cdn.shopify.com/s/files/1/1020/9912/4593/files/274F93FF-386D-497E-9B52-0A3E142A70BF.jpg?v=1783765934,6,"",,,,,,,,,,,,,,,,,,,,,,,
roman-silk-palazzo-set,Roman Silk Palazzo Set,"<p><span>TOP DETAILS</span><span><br> </span><span>• Fabric : Roman Silk</span><span><br> </span><span>• Work : Front-Side Sequence Embroidery Work</span><span><br> </span><span>• Length : 50 Inches</span><span><br> </span><span>• Size : M(38), L(40), XL(42), XXL(44) | Fully Stitched Ready To Wear</span></p>
<p><span>PLAZZO DETAILS</span><span><br> </span><span>• Fabric : Roman Silk</span><span><br> </span><span>• Work : Sequence Embroidery On Bottom</span><span><br> </span><span>• Style : Full Flare</span><span><br> </span><span>• Size : Free Size | Fully Stitched</span></p>
<p><span>DUPATTA DETAILS</span><span><br> </span><span>• Fabric : Soft Organza</span><span><br> </span><span>• Work : Sequence Embroidery Border</span></p>",Anjuclothing ,Apparel & Accessories > Clothing > Traditional & Ceremonial Clothing > Salwar Kameez & Suit Sets,"","",true,Size,M,,,,,,,,,0.0,shopify,100,deny,manual,1899.00,,true,false,,,,,"",https://cdn.shopify.com/s/files/1/1020/9912/4593/files/52785C5C-97FD-4016-A264-61DAF1B1D313.jpg?v=1783765707,1,"",false,,,,,,,,,,round,,,,,long,,,,kg,,,active
roman-silk-palazzo-set,,,,,,,,,L,,,,,,,,,0.0,shopify,100,deny,manual,1899.00,,true,false,,,,,"",https://cdn.shopify.com/s/files/1/1020/9912/4593/files/D1A398F4-1D25-4E23-B0B9-179165E05962.jpg?v=1783765707,2,"",,,,,,,,,,,,,,,,,,,,kg,,,
roman-silk-palazzo-set,,,,,,,,,Xl,,,,,,,,,0.0,shopify,100,deny,manual,1899.00,,true,false,,,,,"",https://cdn.shopify.com/s/files/1/1020/9912/4593/files/5E82D46A-F4B5-489A-9C27-661771F4EA54.jpg?v=1783765707,3,"",,,,,,,,,,,,,,,,,,,,kg,,,
roman-silk-palazzo-set,,,,,,,,,2xl,,,,,,,,,0.0,shopify,100,deny,manual,1899.00,,true,false,,,,,"",https://cdn.shopify.com/s/files/1/1020/9912/4593/files/B8807E5C-C62D-469E-9FE0-339AEECB0F4B.jpg?v=1783765707,4,"",,,,,,,,,,,,,,,,,,,,kg,,,
roman-silk-palazzo-set,,,,,,,,,,,,,,,,,,,,,,,,,,,,,,,"",https://cdn.shopify.com/s/files/1/1020/9912/4593/files/7DC089FA-7B9B-41DA-9194-C57ED2AA8A59.jpg?v=1783765707,5,"",,,,,,,,,,,,,,,,,,,,,,,
rakhi-special-maska-cotton-silk-kurta-pant-dupatta,"Rakhi Special Maska Cotton Silk Kurta, Pant & Dupatta","<p><span>TOP DETAILS</span><span><br> </span><span>• Fabric : Maska Cotton Silk With Fancy Border</span><span><br> </span><span>• Work : Multi Needle, Sequence &amp; Embroidery Work</span><span><br> </span><span>• Inner : Micro Cotton</span><span><br> </span><span>• Length : 45-46 Inches</span><span><br> </span><span>• Size : M(38), L(40), XL(42), XXL(44) | Fully Stitched Ready To Wear</span></p>
<p><span>PANT DETAILS</span><span><br> </span><span>• Fabric : Maska Cotton Silk</span><span><br> </span><span>• Work : Multi Needle, Sequence &amp; Embroidery Work</span><span><br> </span><span>• Length : 40-41 Inches</span><span><br> </span><span>• Size : Free Size | Fully Stitched</span></p>
<p><span>DUPATTA DETAILS</span><span><br> </span><span>• Fabric : Maska Cotton Silk</span><span><br> </span><span>• Work : Multi Needle, Sequence &amp; Embroidery Work</span><span><br> </span><span>• Length : 2.20 Meters</span></p>",Anjuclothing ,Apparel & Accessories > Clothing > Traditional & Ceremonial Clothing > Salwar Kameez & Suit Sets,"","",true,Colour,Black,,Size,M,,,,,,0.0,shopify,100,deny,manual,1550.00,2500.00,true,false,,,,,"",https://cdn.shopify.com/s/files/1/1020/9912/4593/files/A8835CE6-1489-403A-BFE0-2A4D9D09ECE7.png?v=1783761445,1,"",false,,,,,,,,,,,,,,,,,,https://cdn.shopify.com/s/files/1/1020/9912/4593/files/A8835CE6-1489-403A-BFE0-2A4D9D09ECE7.png?v=1783761445,kg,,,active
rakhi-special-maska-cotton-silk-kurta-pant-dupatta,,,,,,,,,Pink,,,M,,,,,,0.0,shopify,100,deny,manual,1550.00,2500.00,true,false,,,,,"",https://cdn.shopify.com/s/files/1/1020/9912/4593/files/32095DDB-95A7-45E7-997B-728DC7A94598.jpg?v=1783761445,2,"",,,,,,,,,,,,,,,,,,,https://cdn.shopify.com/s/files/1/1020/9912/4593/files/32095DDB-95A7-45E7-997B-728DC7A94598.jpg?v=1783761445,kg,,,
rakhi-special-maska-cotton-silk-kurta-pant-dupatta,,,,,,,,,Skyblue,,,M,,,,,,0.0,shopify,100,deny,manual,1550.00,2500.00,true,false,,,,,"",https://cdn.shopify.com/s/files/1/1020/9912/4593/files/70069FB3-D2BE-4515-A97E-6CF443524A50.jpg?v=1783761445,3,"",,,,,,,,,,,,,,,,,,,https://cdn.shopify.com/s/files/1/1020/9912/4593/files/70069FB3-D2BE-4515-A97E-6CF443524A50.jpg?v=1783761445,kg,,,
rakhi-special-maska-cotton-silk-kurta-pant-dupatta,,,,,,,,,Black,,,L,,,,,,0.0,shopify,100,deny,manual,1550.00,2500.00,true,false,,,,,"",https://cdn.shopify.com/s/files/1/1020/9912/4593/files/CB4C8E59-E5BF-409A-B2A2-4ECA5182D021.jpg?v=1783761445,4,"",,,,,,,,,,,,,,,,,,,https://cdn.shopify.com/s/files/1/1020/9912/4593/files/A8835CE6-1489-403A-BFE0-2A4D9D09ECE7.png?v=1783761445,kg,,,
rakhi-special-maska-cotton-silk-kurta-pant-dupatta,,,,,,,,,Black,,,Xl,,,,,,0.0,shopify,100,deny,manual,1550.00,2500.00,true,false,,,,,"",https://cdn.shopify.com/s/files/1/1020/9912/4593/files/ED913931-D291-452B-B419-335727E901C9.jpg?v=1783761445,5,"",,,,,,,,,,,,,,,,,,,https://cdn.shopify.com/s/files/1/1020/9912/4593/files/A8835CE6-1489-403A-BFE0-2A4D9D09ECE7.png?v=1783761445,kg,,,
rakhi-special-maska-cotton-silk-kurta-pant-dupatta,,,,,,,,,Black,,,2xl,,,,,,0.0,shopify,100,deny,manual,1550.00,2500.00,true,false,,,,,"",https://cdn.shopify.com/s/files/1/1020/9912/4593/files/E9A1B9E7-1C09-400A-82EA-878C8B748A50.png?v=1783761445,6,"",,,,,,,,,,,,,,,,,,,https://cdn.shopify.com/s/files/1/1020/9912/4593/files/A8835CE6-1489-403A-BFE0-2A4D9D09ECE7.png?v=1783761445,kg,,,
rakhi-special-maska-cotton-silk-kurta-pant-dupatta,,,,,,,,,Pink,,,L,,,,,,0.0,shopify,100,deny,manual,1550.00,2500.00,true,false,,,,,"",https://cdn.shopify.com/s/files/1/1020/9912/4593/files/625D7AC2-9343-43D7-9A0A-FB9E4298029C.jpg?v=1783761445,7,"",,,,,,,,,,,,,,,,,,,https://cdn.shopify.com/s/files/1/1020/9912/4593/files/32095DDB-95A7-45E7-997B-728DC7A94598.jpg?v=1783761445,kg,,,
rakhi-special-maska-cotton-silk-kurta-pant-dupatta,,,,,,,,,Pink,,,Xl,,,,,,0.0,shopify,100,deny,manual,1550.00,2500.00,true,false,,,,,"",https://cdn.shopify.com/s/files/1/1020/9912/4593/files/38DFA0BC-4A57-4EEE-8393-8732C0793445.png?v=1783761445,8,"",,,,,,,,,,,,,,,,,,,https://cdn.shopify.com/s/files/1/1020/9912/4593/files/32095DDB-95A7-45E7-997B-728DC7A94598.jpg?v=1783761445,kg,,,
rakhi-special-maska-cotton-silk-kurta-pant-dupatta,,,,,,,,,Pink,,,2xl,,,,,,0.0,shopify,100,deny,manual,1550.00,2500.00,true,false,,,,,"",https://cdn.shopify.com/s/files/1/1020/9912/4593/files/9240CAC0-991D-471A-BC99-6AF73ACDB819.jpg?v=1783761445,9,"",,,,,,,,,,,,,,,,,,,https://cdn.shopify.com/s/files/1/1020/9912/4593/files/32095DDB-95A7-45E7-997B-728DC7A94598.jpg?v=1783761445,kg,,,
rakhi-special-maska-cotton-silk-kurta-pant-dupatta,,,,,,,,,Skyblue,,,L,,,,,,0.0,shopify,100,deny,manual,1550.00,2500.00,true,false,,,,,"",,,,,,,,,,,,,,,,,,,,,,https://cdn.shopify.com/s/files/1/1020/9912/4593/files/70069FB3-D2BE-4515-A97E-6CF443524A50.jpg?v=1783761445,kg,,,
rakhi-special-maska-cotton-silk-kurta-pant-dupatta,,,,,,,,,Skyblue,,,Xl,,,,,,0.0,shopify,100,deny,manual,1550.00,2500.00,true,false,,,,,"",,,,,,,,,,,,,,,,,,,,,,https://cdn.shopify.com/s/files/1/1020/9912/4593/files/70069FB3-D2BE-4515-A97E-6CF443524A50.jpg?v=1783761445,kg,,,
rakhi-special-maska-cotton-silk-kurta-pant-dupatta,,,,,,,,,Skyblue,,,2xl,,,,,,0.0,shopify,100,deny,manual,1550.00,2500.00,true,false,,,,,"",,,,,,,,,,,,,,,,,,,,,,https://cdn.shopify.com/s/files/1/1020/9912/4593/files/70069FB3-D2BE-4515-A97E-6CF443524A50.jpg?v=1783761445,kg,,,
faux-georgette-sharara-set,Faux Georgette Sharara Set,"<p><span>TOP DETAILS</span><span><br> </span><span>• Fabric : Faux Georgette</span><span><br> </span><span>• Work : Digital Print With Real Mirror Work &amp; Latkan Lace</span><span><br> </span><span>• Inner : Soft Micro Cotton</span><span><br> </span><span>• Length : 38 Inches</span><span><br> </span><span>• Size : M(38), L(40), XL(42), XXL(44) With 3XL Margin | Fully Stitched Ready To Wear</span></p>
<p><span>SHARARA DETAILS</span><span><br> </span><span>• Fabric : Faux Georgette</span><span><br> </span><span>• Length : 41 Inches</span><span><br> </span><span>• Stitching : Fully Stitched Up To Size 44 With Stretchable Elastic Waist</span></p>
<p><span>DUPATTA DETAILS</span><span><br> </span><span>• Fabric : Faux Georgette</span><span><br> </span><span>• Work : Sequence Work With Four-Sided Lace Border</span><span><br> </span><span>• Length : 2.2 Meters</span></p>",Anjuclothing ,Apparel & Accessories > Clothing > Traditional & Ceremonial Clothing > Salwar Kameez & Suit Sets,"","",true,Size,M,,,,,,,,,0.0,shopify,100,deny,manual,1750.00,,true,false,,,,,"",https://cdn.shopify.com/s/files/1/1020/9912/4593/files/690FBA7E-E752-4F42-9ED6-9CCE937A8196.jpg?v=1783756657,1,"",false,,,,,,,,,,,,,,,sleeveless,,,,kg,,,active
faux-georgette-sharara-set,,,,,,,,,L,,,,,,,,,0.0,shopify,100,deny,manual,1750.00,,true,false,,,,,"",https://cdn.shopify.com/s/files/1/1020/9912/4593/files/11BEC3FC-E3B8-4571-95F9-EFD72170AC0D.jpg?v=1783756657,2,"",,,,,,,,,,,,,,,,,,,,kg,,,
faux-georgette-sharara-set,,,,,,,,,Xl,,,,,,,,,0.0,shopify,100,deny,manual,1750.00,,true,false,,,,,"",https://cdn.shopify.com/s/files/1/1020/9912/4593/files/A35660D8-CCCF-4DC6-AE39-CB7408E7F08D.jpg?v=1783756657,3,"",,,,,,,,,,,,,,,,,,,,kg,,,
faux-georgette-sharara-set,,,,,,,,,2xl,,,,,,,,,0.0,shopify,100,deny,manual,1750.00,,true,false,,,,,"",https://cdn.shopify.com/s/files/1/1020/9912/4593/files/3A18660B-A89E-4C84-886F-CFCAE86E99B9.jpg?v=1783756657,4,"",,,,,,,,,,,,,,,,,,,,kg,,,
faux-georgette-sharara-set,,,,,,,,,,,,,,,,,,,,,,,,,,,,,,,"",https://cdn.shopify.com/s/files/1/1020/9912/4593/files/FE7E9F88-CB00-4C70-95AD-6B1555C85EAF.jpg?v=1783756657,5,"",,,,,,,,,,,,,,,,,,,,,,,
faux-georgette-sharara-set,,,,,,,,,,,,,,,,,,,,,,,,,,,,,,,"",https://cdn.shopify.com/s/files/1/1020/9912/4593/files/D20A6A5B-68BF-4BBC-9CCD-4AA779DE3276.jpg?v=1783756657,6,"",,,,,,,,,,,,,,,,,,,,,,,
faux-georgette-sharara-set,,,,,,,,,,,,,,,,,,,,,,,,,,,,,,,"",https://cdn.shopify.com/s/files/1/1020/9912/4593/files/85AE9C01-B468-47BC-AD63-341B6F0F3C86.jpg?v=1783756657,7,"",,,,,,,,,,,,,,,,,,,,,,,
faux-georgette-sharara-set,,,,,,,,,,,,,,,,,,,,,,,,,,,,,,,"",https://cdn.shopify.com/s/files/1/1020/9912/4593/files/C6FEF201-76C7-4EA6-A533-17B262A3BEF1.jpg?v=1783756657,8,"",,,,,,,,,,,,,,,,,,,,,,,
faux-georgette-sharara-set,,,,,,,,,,,,,,,,,,,,,,,,,,,,,,,"",https://cdn.shopify.com/s/files/1/1020/9912/4593/files/DAF9295D-5F43-45A5-83E9-BE1D9F2062F4.jpg?v=1783756657,9,"",,,,,,,,,,,,,,,,,,,,,,,
faux-georgette-sharara-set,,,,,,,,,,,,,,,,,,,,,,,,,,,,,,,"",https://cdn.shopify.com/s/files/1/1020/9912/4593/files/330978EA-8A90-4C2B-AB0B-22E3FEA7C470.jpg?v=1783756657,10,"",,,,,,,,,,,,,,,,,,,,,,,
embroidered-sequence-lehenga-collection-with-three-piece-set,Embroidered Sequence Lehenga Collection  With Three Piece Set,"<p><span>LEHENGA DETAILS</span><span><br> </span><span>• Fabric : Fendy Silk</span><span><br> </span><span>• Length : 39-40 Inches</span><span><br> </span><span>• Flair : 3.25 Meters</span></p>
<p><span>CHOLI DETAILS</span><span><br> </span><span>• Fabric : Fendy Silk</span><span><br> </span><span>• Work : 3mm Embroidery Sequence Work</span><span><br> </span><span>• Size : M(38), L(40), XL(42), XXL(44) | Fully Stitched Ready To Wear</span></p>
<p><span>DUPATTA DETAILS</span><span><br> </span><span>• Fabric : Fendy Silk</span><span><br> </span><span>• Work : Four-Sided Lace Border</span><span><br> </span><span>• Length : 2.10 Meters</span></p>",Anjuclothing ,,"","",true,Size,M,,,,,,,,,0.0,shopify,100,deny,manual,1650.00,4500.00,true,false,,,,,"",https://cdn.shopify.com/s/files/1/1020/9912/4593/files/5598349C-0046-4006-A2E2-D93E96287F18.png?v=1787677113,1,"",false,,,,,,,,,,,,,,,,,,,kg,,,active
embroidered-sequence-lehenga-collection-with-three-piece-set,,,,,,,,,L,,,,,,,,,0.0,shopify,100,deny,manual,1650.00,4500.00,true,false,,,,,"",https://cdn.shopify.com/s/files/1/1020/9912/4593/files/7E846575-CD33-4ECE-A2BD-89B4FDEBA60D.jpg?v=1783746917,2,"",,,,,,,,,,,,,,,,,,,,kg,,,
embroidered-sequence-lehenga-collection-with-three-piece-set,,,,,,,,,Xl,,,,,,,,,0.0,shopify,100,deny,manual,1650.00,4500.00,true,false,,,,,"",https://cdn.shopify.com/s/files/1/1020/9912/4593/files/2F16203C-E8FB-4B73-B33F-3E2AA9D1FA57.jpg?v=1783746917,3,"",,,,,,,,,,,,,,,,,,,,kg,,,
embroidered-sequence-lehenga-collection-with-three-piece-set,,,,,,,,,2xl,,,,,,,,,0.0,shopify,100,deny,manual,1650.00,4500.00,true,false,,,,,"",https://cdn.shopify.com/s/files/1/1020/9912/4593/files/C1C00B2A-EABE-4A7C-80ED-74D3E55DCACF.jpg?v=1783746917,4,"",,,,,,,,,,,,,,,,,,,,kg,,,
embroidered-sequence-lehenga-collection-with-three-piece-set,,,,,,,,,,,,,,,,,,,,,,,,,,,,,,,"",https://cdn.shopify.com/s/files/1/1020/9912/4593/files/C0DCB097-2DDE-428C-8F35-58859BA982B9.jpg?v=1783746917,5,"",,,,,,,,,,,,,,,,,,,,,,,
fendy-silk-mirror-work-lehenga-set,Fendy Silk Mirror Work Lehenga Set,"<p><span>Top</span><span><br> </span><span>• Fabric: Fendy Silk</span><span><br> </span><span>• Work: Real Mirror Work</span><span><br> </span><span>• Sleeves: Sleeveless</span><span><br> </span><span>• Length: 39–40 inches</span><span><br> </span><span>• Sizes: M (38), L (40), XL (42), XXL (44)</span><span><br> </span><span>• Fully Stitched (Ready to Wear)</span></p>
<p><span> </span><span>Lehenga</span><span><br> </span><span>• Fabric: Blooming Faux Georgette</span><span><br> </span><span>• Flair: 4.5 meters</span><span><br> </span><span>• Length: 39–40 inches</span><span><br> </span><span>• Semi-Stitched</span></p>
<p><span> </span><span>Dupatta</span><span><br> </span><span>• Fabric: Blooming Faux Georgette</span></p>",Anjuclothing ,,"","",true,Size,M,,Colour,White,,,,,,0.0,shopify,98,deny,manual,1850.00,,true,false,,,,,"",https://cdn.shopify.com/s/files/1/1020/9912/4593/files/5C2CBAB0-689D-4731-B9B8-F793C12389DD.png?v=1789136680,1,"",false,,,,,,,,,,,,,,,,,,,kg,,,active
fendy-silk-mirror-work-lehenga-set,,,,,,,,,L,,,White,,,,,,0.0,shopify,100,deny,manual,1850.00,,true,false,,,,,"",https://cdn.shopify.com/s/files/1/1020/9912/4593/files/469B09CB-B733-4338-8673-E7EBBC597654.jpg?v=1783695679,2,"",,,,,,,,,,,,,,,,,,,,kg,,,
fendy-silk-mirror-work-lehenga-set,,,,,,,,,Xl,,,White,,,,,,0.0,shopify,100,deny,manual,1850.00,,true,false,,,,,"",https://cdn.shopify.com/s/files/1/1020/9912/4593/files/B267AF82-7A96-4DB1-A842-18900A38C9AE.jpg?v=1783695678,3,"",,,,,,,,,,,,,,,,,,,,kg,,,
fendy-silk-mirror-work-lehenga-set,,,,,,,,,2xl,,,White,,,,,,0.0,shopify,100,deny,manual,1850.00,,true,false,,,,,"",https://cdn.shopify.com/s/files/1/1020/9912/4593/files/4D39F0DC-5326-4391-9C0A-C8C8BCD50F23.jpg?v=1783695679,4,"",,,,,,,,,,,,,,,,,,,,kg,,,
fendy-silk-mirror-work-lehenga-set,,,,,,,,,M,,,Pink,,,,,,0.0,shopify,10,deny,manual,1850.00,,true,false,,,,,"",https://cdn.shopify.com/s/files/1/1020/9912/4593/files/763DF6E4-A26E-48F6-85A4-F57C8D5D64E6.jpg?v=1783695678,5,"",,,,,,,,,,,,,,,,,,,,kg,,,
fendy-silk-mirror-work-lehenga-set,,,,,,,,,L,,,Pink,,,,,,0.0,shopify,10,deny,manual,1850.00,,true,false,,,,,"",https://cdn.shopify.com/s/files/1/1020/9912/4593/files/61223EEC-B7DE-4A57-B2A9-12C8DEA890FA.jpg?v=1783695679,6,"",,,,,,,,,,,,,,,,,,,,kg,,,
fendy-silk-mirror-work-lehenga-set,,,,,,,,,Xl,,,Pink,,,,,,0.0,shopify,10,deny,manual,1850.00,,true,false,,,,,"",https://cdn.shopify.com/s/files/1/1020/9912/4593/files/34A81881-0B53-4E96-A109-7E1D3151035E.jpg?v=1783695679,7,"",,,,,,,,,,,,,,,,,,,,kg,,,
fendy-silk-mirror-work-lehenga-set,,,,,,,,,2xl,,,Pink,,,,,,0.0,shopify,10,deny,manual,1850.00,,true,false,,,,,"",,,,,,,,,,,,,,,,,,,,,,,kg,,,
fendy-silk-designer-set,Fendy silk Designer set,"<div>Top Fabric : Fendy Silk</div>
<div>✔️Top Work : Beads With Sequins Embroidery Work</div>
<div>✔️Top Inner : Micro  </div>
<div>✔️Top Size : M(38) L(40) xl(42) xxl(44) (Full Stitched )</div>
<div>✔️Top Length : 40"" Inch<br>
<div>✔️Plazzo Fabric :  Fandy Silk</div>
<div>✔️Plazzo  Size : Fully Stitched | Fits up to Size 42 (Elastic Waistband)</div>
<div>✔️Plazzo  Length : 39 Inch<br>
<div>✔️Dupatta Fabric : Fendy Silk</div>
<div>✔️Dupatta Work : Sequins Embroidery Border</div>
<div>✔️Dupatta Size : 2.1 Meter</div>
</div>
</div>
<p><span id=""rptProduct_ctl00_lblDescription""></span><span></span><input name=""rptProduct$ctl00$txtDescription"" type=""text"" value='&lt;div&gt;✔️Top Fabric : Fendy Silk&lt;/div&gt;&lt;div&gt;✔️Top Work : Beads With Sequins Embroidery Work&lt;/div&gt;&lt;div&gt;✔️Top Inner : Micro&amp;nbsp;&amp;nbsp;&lt;/div&gt;&lt;div&gt;✔️Top Size : M(38) L(40) xl(42) xxl(44) (Full Stitched )&lt;/div&gt;&lt;div&gt;✔️Top Length : 40"" Inch 
 &lt;div&gt;✔️Plazzo Fabric :&amp;nbsp; Fandy Silk&lt;/div&gt;&lt;div&gt;✔️Plazzo&amp;nbsp; Size : Fully Stitched | Fits up to Size 42 (Elastic Waistband)&lt;/div&gt;&lt;div&gt;✔️Plazzo&amp;nbsp; Length : 39 Inch 
 &lt;div&gt;✔️Dupatta Fabric : Fendy Silk&lt;/div&gt;&lt;div&gt;✔️Dupatta Work : Sequins Embroidery Border&lt;/div&gt;&lt;div&gt;✔️Dupatta Size : 2.1 Meter&lt;/div&gt;&lt;/div&gt;&lt;/div&gt;' id=""rptProduct_ctl00_txtDescription"" class=""txtDescription pull-right"" __gcruniqueid=""3""><span></span></p>",Anjuclothing ,Apparel & Accessories > Clothing > Traditional & Ceremonial Clothing > Salwar Kameez & Suit Sets,"","",true,Size,M,,,,,,,,,0.0,shopify,100,deny,manual,1980.00,4500.00,true,false,,,,,"",https://cdn.shopify.com/s/files/1/1020/9912/4593/files/5C1E8C0A-C379-4302-B6DF-6D3A70E6EF9A.jpg?v=1783663918,1,"",false,,,,,,,,,,round,,,,,short,,,,kg,,,active
fendy-silk-designer-set,,,,,,,,,L,,,,,,,,,0.0,shopify,100,deny,manual,1980.00,4500.00,true,false,,,,,"",https://cdn.shopify.com/s/files/1/1020/9912/4593/files/59995B3C-4BBE-467D-A513-8C7A61A4EA56.jpg?v=1783663918,2,"",,,,,,,,,,,,,,,,,,,,kg,,,
fendy-silk-designer-set,,,,,,,,,Xl,,,,,,,,,0.0,shopify,100,deny,manual,1980.00,4500.00,true,false,,,,,"",https://cdn.shopify.com/s/files/1/1020/9912/4593/files/00F0033B-BAF8-4953-ADB3-91F48808FFF2.jpg?v=1783663918,3,"",,,,,,,,,,,,,,,,,,,,kg,,,
fendy-silk-designer-set,,,,,,,,,Xxl,,,,,,,,,0.0,shopify,100,deny,manual,1980.00,4500.00,true,false,,,,,"",https://cdn.shopify.com/s/files/1/1020/9912/4593/files/241E0F46-FCAE-4ECF-A425-55F46EF4BA86.jpg?v=1783663918,4,"",,,,,,,,,,,,,,,,,,,,kg,,,
fendy-silk-designer-set,,,,,,,,,,,,,,,,,,,,,,,,,,,,,,,"",https://cdn.shopify.com/s/files/1/1020/9912/4593/files/D479AB16-A6DC-4D8F-BBD1-63E629A21A6E.jpg?v=1783663918,5,"",,,,,,,,,,,,,,,,,,,,,,,
fendy-silk-designer-set,,,,,,,,,,,,,,,,,,,,,,,,,,,,,,,"",https://cdn.shopify.com/s/files/1/1020/9912/4593/files/02AD040D-7007-43ED-917E-AF2489CDF7BA.jpg?v=1783663918,6,"",,,,,,,,,,,,,,,,,,,,,,,
fendy-silk-designer-set,,,,,,,,,,,,,,,,,,,,,,,,,,,,,,,"",https://cdn.shopify.com/s/files/1/1020/9912/4593/files/02E5112F-A8F5-49CB-A70E-148B1C4A8591.jpg?v=1783663918,7,"",,,,,,,,,,,,,,,,,,,,,,,
fendy-silk-designer-set,,,,,,,,,,,,,,,,,,,,,,,,,,,,,,,"",https://cdn.shopify.com/s/files/1/1020/9912/4593/files/460B3CE5-2227-4422-8561-4C802BA4E73A.jpg?v=1783663918,8,"",,,,,,,,,,,,,,,,,,,,,,,
faux-georgette-maxi-anarkali-suit-set,Faux Georgette Maxi Anarkali Suit Set,"<p><span>KOTI DETAILS</span><span><br> </span><span>• Fabric : Pure Faux Georgette</span><span><br> </span><span>• Work : Fancy Lace Work</span></p>
<p><span>MAXI ANARKALI DETAILS</span><span><br> </span><span>• Fabric : Pure Faux Georgette</span><span><br> </span><span>• Inner : Micro Cotton</span><span><br> </span><span>• Sleeves : Full Sleeves</span><span><br> </span><span>• Length : 51-52 Inches</span><span><br> </span><span>• Flair : 5 Meters</span><span><br> </span><span>• Size : XS(34), S(36), M(38), L(40), XL(42), XXL(44) With Margin | Fully Stitched Ready To Wear</span><span><br> </span><span>• Closure : Side Zipper</span></p>
<p><span>PANT DETAILS</span><span><br> </span><span>• Fabric : Heavy Micro Cotton</span><span><br> </span><span>• Inner : Micro Cotton</span><span><br> </span><span>• Length : 41-42 Inches</span></p>
<p><span>DUPATTA DETAILS</span><span><br> </span><span>• Fabric : Pure Faux Georgette</span><span><br> </span><span>• Length : 2.2 Meters</span></p>",Anjuclothing ,Apparel & Accessories > Clothing > Traditional & Ceremonial Clothing > Salwar Kameez & Suit Sets,"","",true,Colour,Pink,,Size,Xs,,,,,,0.0,shopify,99,deny,manual,1599.00,2500.00,true,false,,,,,"",https://cdn.shopify.com/s/files/1/1020/9912/4593/files/4633C254-5791-44DB-A065-1C63B08F712D.png?v=1783593655,1,"",false,,,,,,,,,,round,,,,,long,,,https://cdn.shopify.com/s/files/1/1020/9912/4593/files/4633C254-5791-44DB-A065-1C63B08F712D.png?v=1783593655,kg,,,active
faux-georgette-maxi-anarkali-suit-set,,,,,,,,,Black,,,Xs,,,,,,0.0,shopify,100,deny,manual,1599.00,2500.00,true,false,,,,,"",https://cdn.shopify.com/s/files/1/1020/9912/4593/files/A5AC2898-73CA-48E9-8F78-E52A7020BC40.jpg?v=1783593655,2,"",,,,,,,,,,,,,,,,,,,https://cdn.shopify.com/s/files/1/1020/9912/4593/files/A5AC2898-73CA-48E9-8F78-E52A7020BC40.jpg?v=1783593655,kg,,,
faux-georgette-maxi-anarkali-suit-set,,,,,,,,,Pink,,,S,,,,,,0.0,shopify,100,deny,manual,1599.00,2500.00,true,false,,,,,"",https://cdn.shopify.com/s/files/1/1020/9912/4593/files/2CE85E53-8899-4BD6-8183-69C76608B091.png?v=1783593655,3,"",,,,,,,,,,,,,,,,,,,https://cdn.shopify.com/s/files/1/1020/9912/4593/files/4633C254-5791-44DB-A065-1C63B08F712D.png?v=1783593655,kg,,,
faux-georgette-maxi-anarkali-suit-set,,,,,,,,,Pink,,,M,,,,,,0.0,shopify,100,deny,manual,1599.00,2500.00,true,false,,,,,"",https://cdn.shopify.com/s/files/1/1020/9912/4593/files/6E16A9FE-694B-4B21-B14A-D5096F09AC5C.png?v=1783593655,4,"",,,,,,,,,,,,,,,,,,,https://cdn.shopify.com/s/files/1/1020/9912/4593/files/4633C254-5791-44DB-A065-1C63B08F712D.png?v=1783593655,kg,,,
faux-georgette-maxi-anarkali-suit-set,,,,,,,,,Pink,,,L,,,,,,0.0,shopify,100,deny,manual,1599.00,2500.00,true,false,,,,,"",https://cdn.shopify.com/s/files/1/1020/9912/4593/files/FB48CBC2-A5E8-4742-AFA3-232052FDCEC6.png?v=1783593655,5,"",,,,,,,,,,,,,,,,,,,https://cdn.shopify.com/s/files/1/1020/9912/4593/files/4633C254-5791-44DB-A065-1C63B08F712D.png?v=1783593655,kg,,,
faux-georgette-maxi-anarkali-suit-set,,,,,,,,,Pink,,,Xl,,,,,,0.0,shopify,100,deny,manual,1599.00,2500.00,true,false,,,,,"",https://cdn.shopify.com/s/files/1/1020/9912/4593/files/F32CA9F6-19CD-45B3-B085-2F19ACA7EF05.png?v=1783593655,6,"",,,,,,,,,,,,,,,,,,,https://cdn.shopify.com/s/files/1/1020/9912/4593/files/4633C254-5791-44DB-A065-1C63B08F712D.png?v=1783593655,kg,,,
faux-georgette-maxi-anarkali-suit-set,,,,,,,,,Pink,,,2xl,,,,,,0.0,shopify,100,deny,manual,1599.00,2500.00,true,false,,,,,"",https://cdn.shopify.com/s/files/1/1020/9912/4593/files/DED60CC1-7337-43D3-83AD-A5D0AFB6D119.png?v=1783593655,7,"",,,,,,,,,,,,,,,,,,,https://cdn.shopify.com/s/files/1/1020/9912/4593/files/4633C254-5791-44DB-A065-1C63B08F712D.png?v=1783593655,kg,,,
faux-georgette-maxi-anarkali-suit-set,,,,,,,,,Black,,,S,,,,,,0.0,shopify,100,deny,manual,1599.00,2500.00,true,false,,,,,"",https://cdn.shopify.com/s/files/1/1020/9912/4593/files/A2C6D2AB-64FE-42AF-AA6E-1CA8010EF8D8.png?v=1783593655,8,"",,,,,,,,,,,,,,,,,,,https://cdn.shopify.com/s/files/1/1020/9912/4593/files/A5AC2898-73CA-48E9-8F78-E52A7020BC40.jpg?v=1783593655,kg,,,
faux-georgette-maxi-anarkali-suit-set,,,,,,,,,Black,,,M,,,,,,0.0,shopify,100,deny,manual,1599.00,2500.00,true,false,,,,,"",https://cdn.shopify.com/s/files/1/1020/9912/4593/files/F16EFDBF-1346-40B8-9452-6EA6BB59D473.png?v=1783593655,9,"",,,,,,,,,,,,,,,,,,,https://cdn.shopify.com/s/files/1/1020/9912/4593/files/A5AC2898-73CA-48E9-8F78-E52A7020BC40.jpg?v=1783593655,kg,,,
faux-georgette-maxi-anarkali-suit-set,,,,,,,,,Black,,,L,,,,,,0.0,shopify,100,deny,manual,1599.00,2500.00,true,false,,,,,"",,,,,,,,,,,,,,,,,,,,,,https://cdn.shopify.com/s/files/1/1020/9912/4593/files/A5AC2898-73CA-48E9-8F78-E52A7020BC40.jpg?v=1783593655,kg,,,
faux-georgette-maxi-anarkali-suit-set,,,,,,,,,Black,,,Xl,,,,,,0.0,shopify,100,deny,manual,1599.00,2500.00,true,false,,,,,"",,,,,,,,,,,,,,,,,,,,,,https://cdn.shopify.com/s/files/1/1020/9912/4593/files/A5AC2898-73CA-48E9-8F78-E52A7020BC40.jpg?v=1783593655,kg,,,
faux-georgette-maxi-anarkali-suit-set,,,,,,,,,Black,,,2xl,,,,,,0.0,shopify,100,deny,manual,1599.00,2500.00,true,false,,,,,"",,,,,,,,,,,,,,,,,,,,,,https://cdn.shopify.com/s/files/1/1020/9912/4593/files/A5AC2898-73CA-48E9-8F78-E52A7020BC40.jpg?v=1783593655,kg,,,
zari-silk-saree-with-stitched-blouse,Zari Silk Saree with stitched blouse,"<p><span>MSAREE DETAILS</span><span><br> </span><span>• Fabric : Crepe Silk</span><span><br> </span><span>• Work : Printed Pattern With Sequence &amp; Zari Work</span><span><br> </span><span>• Length : 5.5 Meters</span></p>
<p><span>BLOUSE DETAILS</span><span><br> </span><span>• Fabric : Crepe</span><span><br> </span><span>• Work : Readymade Blouse Matching The Saree Design</span><span><br> </span><span>• Size : Free Size | Fully Stitched</span></p>",Anjuclothing ,,"","",true,Colour,Purple,,,,,,,,,0.0,shopify,100,deny,manual,7199.00,25000.00,true,false,,,,,"",https://cdn.shopify.com/s/files/1/1020/9912/4593/files/E742A636-BE71-4F4B-8B34-C09FD8205E2E.jpg?v=1783581119,1,"",false,,,,,,,,,,,,,,,,,,,kg,,,active
zari-silk-saree-with-stitched-blouse,,,,,,,,,Green,,,,,,,,,0.0,shopify,100,deny,manual,1799.00,2500.00,true,false,,,,,"",https://cdn.shopify.com/s/files/1/1020/9912/4593/files/271E8C72-9D72-4217-8B85-FDD4AF9CABB4.jpg?v=1783581118,2,"",,,,,,,,,,,,,,,,,,,,kg,,,
zari-silk-saree-with-stitched-blouse,,,,,,,,,,,,,,,,,,,,,,,,,,,,,,,"",https://cdn.shopify.com/s/files/1/1020/9912/4593/files/30371554-4705-4780-8CDD-972C7935A557.jpg?v=1783581119,3,"",,,,,,,,,,,,,,,,,,,,,,,
zari-silk-saree-with-stitched-blouse,,,,,,,,,,,,,,,,,,,,,,,,,,,,,,,"",https://cdn.shopify.com/s/files/1/1020/9912/4593/files/F1B10474-2775-41FB-96FA-1FB4CCF1ECE4.jpg?v=1783581118,4,"",,,,,,,,,,,,,,,,,,,,,,,
zari-silk-saree-with-stitched-blouse,,,,,,,,,,,,,,,,,,,,,,,,,,,,,,,"",https://cdn.shopify.com/s/files/1/1020/9912/4593/files/3FBDCE31-3163-43BC-81AF-8B75096F7E42.jpg?v=1783581119,5,"",,,,,,,,,,,,,,,,,,,,,,,
zari-silk-saree-with-stitched-blouse,,,,,,,,,,,,,,,,,,,,,,,,,,,,,,,"",https://cdn.shopify.com/s/files/1/1020/9912/4593/files/8C68F473-F1D0-4E27-BA52-067BFE5CF30A.jpg?v=1783581118,6,"",,,,,,,,,,,,,,,,,,,,,,,
viral-sonpapdi-top-palazzo-dupatta-set,"Viral sonpapdi Top, Palazzo & Dupatta Set","<p><span>TOP DETAILS</span><span><br> </span><span>• Fabric : Heavy Faux Georgette</span><span><br> </span><span>• Work : Multi Needle Embroidery Sequence Work With Full Sleeves</span><span><br> </span><span>• Inner : Micro Cotton</span><span><br> </span><span>• Length : 34-35 Inches</span><span><br> </span><span>• Size : M(38), L(40), XL(42), XXL(44) With Margin | Fully Stitched Ready To Wear</span></p>
<p><span>PALAZZO DETAILS</span><span><br> </span><span>• Fabric : Heavy Faux Georgette With Elastic Waist</span><span><br> </span><span>• Length : 39-40 Inches</span><span><br> </span><span>• Size : Fully Stitched</span></p>
<p><span>DUPATTA DETAILS</span><span><br> </span><span>• Fabric : Heavy Faux Georgette</span></p>",Anjuclothing ,,"","",true,Size,M,,,,,,,,,0.0,shopify,99,deny,manual,1450.00,2500.00,true,false,,,,,"",https://cdn.shopify.com/s/files/1/1020/9912/4593/files/D34CA1A9-4929-41DD-ABDB-AC71B3A4C187.png?v=1783504972,1,"",false,,,,,,,,,,,,,,,,,,,kg,,,active
viral-sonpapdi-top-palazzo-dupatta-set,,,,,,,,,L,,,,,,,,,0.0,shopify,100,deny,manual,1450.00,2500.00,true,false,,,,,"",https://cdn.shopify.com/s/files/1/1020/9912/4593/files/65FA6D64-909A-4FCE-B84E-0413FD63FBED.png?v=1783504972,2,"",,,,,,,,,,,,,,,,,,,,kg,,,
viral-sonpapdi-top-palazzo-dupatta-set,,,,,,,,,Xl,,,,,,,,,0.0,shopify,100,deny,manual,1450.00,2500.00,true,false,,,,,"",https://cdn.shopify.com/s/files/1/1020/9912/4593/files/F321E630-11D4-479D-B46E-960DA040F283.jpg?v=1783504972,3,"",,,,,,,,,,,,,,,,,,,,kg,,,
viral-sonpapdi-top-palazzo-dupatta-set,,,,,,,,,2xl,,,,,,,,,0.0,shopify,100,deny,manual,1450.00,2500.00,true,false,,,,,"",https://cdn.shopify.com/s/files/1/1020/9912/4593/files/E0A67D24-75FF-4CAB-A943-E18C9806C1F7.jpg?v=1783504972,4,"",,,,,,,,,,,,,,,,,,,,kg,,,
viral-sonpapdi-top-palazzo-dupatta-set,,,,,,,,,,,,,,,,,,,,,,,,,,,,,,,"",https://cdn.shopify.com/s/files/1/1020/9912/4593/files/78C15849-CDB1-4501-AEED-C894411ED229.jpg?v=1783504972,5,"",,,,,,,,,,,,,,,,,,,,,,,
viral-sonpapdi-top-palazzo-dupatta-set,,,,,,,,,,,,,,,,,,,,,,,,,,,,,,,"",https://cdn.shopify.com/s/files/1/1020/9912/4593/files/BA7B252F-640B-4655-BBE7-E79A5EE12B70.jpg?v=1783504972,6,"",,,,,,,,,,,,,,,,,,,,,,,
fendy-silk-sharara-suit-set,Fendy Silk farshi Suit Set,"<p><span>TOP DETAILS</span><span><br> </span><span>• Fabric : Fendy Silk</span><span><br> </span><span>• Work : Mirror &amp; Moti Lace Border</span><span><br> </span><span>• Inner : Cotton (Full Inner Top To Bottom)</span><span><br> </span><span>• Sleeves : Regular Full Sleeves</span><span><br> </span><span>• Neck : V Neck With Lace Border</span><span><br> </span><span>• Stitching : Standard Stitching With Canvas Patta</span><span><br> </span><span>• Size : S(36), M(38), L(40), XL(42), XXL(44) | Fully Stitched Ready To Wear</span></p>
<p><span>DUPATTA DETAILS</span><span><br> </span><span>• Fabric : Fendy Silk</span><span><br> </span><span>• Work : Lace Border</span><span><br> </span><span>• Length : 2.3 Meters</span></p>",Anjuclothing ,,"","",true,Colour,Pink,,Size,S,,,,,,0.0,shopify,10,deny,manual,1599.00,,true,false,,,,,"",https://cdn.shopify.com/s/files/1/1020/9912/4593/files/C81EFB50-D272-4BBC-B07E-C8ADA960993A.jpg?v=1785603854,1,"",false,,,,,,,,,,,,,,,,,,,kg,,,active
fendy-silk-sharara-suit-set,,,,,,,,,Pink,,,M,,,,,,0.0,shopify,10,deny,manual,1599.00,,true,false,,,,,"",https://cdn.shopify.com/s/files/1/1020/9912/4593/files/B1F46AB9-ECEF-4AD4-8F09-6674F57DAE81.jpg?v=1785603854,2,"",,,,,,,,,,,,,,,,,,,,kg,,,
fendy-silk-sharara-suit-set,,,,,,,,,Pink,,,L,,,,,,0.0,shopify,10,deny,manual,1599.00,,true,false,,,,,"",https://cdn.shopify.com/s/files/1/1020/9912/4593/files/4A4DEE8E-0B51-4742-86BC-C22CB4D9B452.jpg?v=1785603854,3,"",,,,,,,,,,,,,,,,,,,,kg,,,
fendy-silk-sharara-suit-set,,,,,,,,,Pink,,,Xl,,,,,,0.0,shopify,100,deny,manual,1599.00,,true,false,,,,,"",https://cdn.shopify.com/s/files/1/1020/9912/4593/files/C8B4BFC0-9CC1-4A3C-A5A9-1528D1C1AC46.jpg?v=1785603854,4,"",,,,,,,,,,,,,,,,,,,,kg,,,
fendy-silk-sharara-suit-set,,,,,,,,,Pink,,,2xl,,,,,,0.0,shopify,10,deny,manual,1599.00,,true,false,,,,,"",https://cdn.shopify.com/s/files/1/1020/9912/4593/files/3AF3D74A-18AC-4FE2-B6A5-754D6585F743.jpg?v=1785603854,5,"",,,,,,,,,,,,,,,,,,,,kg,,,
fendy-silk-sharara-suit-set,,,,,,,,,Skyblue,,,S,,,,,,0.0,shopify,10,deny,manual,1599.00,,true,false,,,,,"",https://cdn.shopify.com/s/files/1/1020/9912/4593/files/CDBC9BA8-589D-43D9-B05E-CE0A00129580.jpg?v=1785603854,6,"",,,,,,,,,,,,,,,,,,,,kg,,,
fendy-silk-sharara-suit-set,,,,,,,,,Skyblue,,,M,,,,,,0.0,shopify,10,deny,manual,1599.00,,true,false,,,,,"",https://cdn.shopify.com/s/files/1/1020/9912/4593/files/6329E2EE-60AF-4018-9E26-A3460ACBF218.jpg?v=1785603854,7,"",,,,,,,,,,,,,,,,,,,,kg,,,
fendy-silk-sharara-suit-set,,,,,,,,,Skyblue,,,L,,,,,,0.0,shopify,10,deny,manual,1599.00,,true,false,,,,,"",https://cdn.shopify.com/s/files/1/1020/9912/4593/files/9397E64A-08E8-4AA7-BB4B-886484935A4E.jpg?v=1785603854,8,"",,,,,,,,,,,,,,,,,,,,kg,,,
fendy-silk-sharara-suit-set,,,,,,,,,Skyblue,,,Xl,,,,,,0.0,shopify,10,deny,manual,1599.00,,true,false,,,,,"",https://cdn.shopify.com/s/files/1/1020/9912/4593/files/E28B5EF9-2C07-47EE-A0A2-CD6EC65F602E.jpg?v=1785603854,9,"",,,,,,,,,,,,,,,,,,,,kg,,,
fendy-silk-sharara-suit-set,,,,,,,,,Skyblue,,,2xl,,,,,,0.0,shopify,10,deny,manual,1599.00,,true,false,,,,,"",https://cdn.shopify.com/s/files/1/1020/9912/4593/files/DBBC7111-A7F1-43D9-9445-26B3961D4C2F.png?v=1785603854,10,"",,,,,,,,,,,,,,,,,,,,kg,,,
fendy-silk-sharara-suit-set,,,,,,,,,Red,,,S,,,,,,0.0,shopify,100,deny,manual,1599.00,,true,false,,,,,"",,,,,,,,,,,,,,,,,,,,,,,kg,,,
fendy-silk-sharara-suit-set,,,,,,,,,Red,,,M,,,,,,0.0,shopify,100,deny,manual,1599.00,,true,false,,,,,"",,,,,,,,,,,,,,,,,,,,,,,kg,,,
fendy-silk-sharara-suit-set,,,,,,,,,Red,,,L,,,,,,0.0,shopify,100,deny,manual,1599.00,,true,false,,,,,"",,,,,,,,,,,,,,,,,,,,,,,kg,,,
fendy-silk-sharara-suit-set,,,,,,,,,Red,,,Xl,,,,,,0.0,shopify,100,deny,manual,1599.00,,true,false,,,,,"",,,,,,,,,,,,,,,,,,,,,,,kg,,,
fendy-silk-sharara-suit-set,,,,,,,,,Red,,,2xl,,,,,,0.0,shopify,100,deny,manual,1599.00,,true,false,,,,,"",,,,,,,,,,,,,,,,,,,,,,,kg,,,
fendy-silk-sharara-suit-set,,,,,,,,,Black,,,S,,,,,,0.0,shopify,100,deny,manual,1599.00,,true,false,,,,,"",,,,,,,,,,,,,,,,,,,,,,,kg,,,
fendy-silk-sharara-suit-set,,,,,,,,,Black,,,M,,,,,,0.0,shopify,100,deny,manual,1599.00,,true,false,,,,,"",,,,,,,,,,,,,,,,,,,,,,,kg,,,
fendy-silk-sharara-suit-set,,,,,,,,,Black,,,L,,,,,,0.0,shopify,100,deny,manual,1599.00,,true,false,,,,,"",,,,,,,,,,,,,,,,,,,,,,,kg,,,
fendy-silk-sharara-suit-set,,,,,,,,,Black,,,Xl,,,,,,0.0,shopify,100,deny,manual,1599.00,,true,false,,,,,"",,,,,,,,,,,,,,,,,,,,,,,kg,,,
fendy-silk-sharara-suit-set,,,,,,,,,Black,,,2xl,,,,,,0.0,shopify,100,deny,manual,1599.00,,true,false,,,,,"",,,,,,,,,,,,,,,,,,,,,,,kg,,,
fendy-silk-sharara-suit-set,,,,,,,,,Blue,,,S,,,,,,0.0,shopify,100,deny,manual,1599.00,,true,false,,,,,"",,,,,,,,,,,,,,,,,,,,,,,kg,,,
fendy-silk-sharara-suit-set,,,,,,,,,Blue,,,M,,,,,,0.0,shopify,100,deny,manual,1599.00,,true,false,,,,,"",,,,,,,,,,,,,,,,,,,,,,,kg,,,
fendy-silk-sharara-suit-set,,,,,,,,,Blue,,,L,,,,,,0.0,shopify,100,deny,manual,1599.00,,true,false,,,,,"",,,,,,,,,,,,,,,,,,,,,,,kg,,,
fendy-silk-sharara-suit-set,,,,,,,,,Blue,,,Xl,,,,,,0.0,shopify,100,deny,manual,1599.00,,true,false,,,,,"",,,,,,,,,,,,,,,,,,,,,,,kg,,,
fendy-silk-sharara-suit-set,,,,,,,,,Blue,,,2xl,,,,,,0.0,shopify,100,deny,manual,1599.00,,true,false,,,,,"",,,,,,,,,,,,,,,,,,,,,,,kg,,,
fendy-silk-sharara-suit-set,,,,,,,,,Violet,,,S,,,,,,0.0,shopify,100,deny,manual,1599.00,,true,false,,,,,"",,,,,,,,,,,,,,,,,,,,,,,kg,,,
fendy-silk-sharara-suit-set,,,,,,,,,Violet,,,M,,,,,,0.0,shopify,100,deny,manual,1599.00,,true,false,,,,,"",,,,,,,,,,,,,,,,,,,,,,,kg,,,
fendy-silk-sharara-suit-set,,,,,,,,,Violet,,,L,,,,,,0.0,shopify,100,deny,manual,1599.00,,true,false,,,,,"",,,,,,,,,,,,,,,,,,,,,,,kg,,,
fendy-silk-sharara-suit-set,,,,,,,,,Violet,,,Xl,,,,,,0.0,shopify,100,deny,manual,1599.00,,true,false,,,,,"",,,,,,,,,,,,,,,,,,,,,,,kg,,,
fendy-silk-sharara-suit-set,,,,,,,,,Violet,,,2xl,,,,,,0.0,shopify,100,deny,manual,1599.00,,true,false,,,,,"",,,,,,,,,,,,,,,,,,,,,,,kg,,,
fendy-silk-sharara-suit-set,,,,,,,,,White,,,S,,,,,,0.0,shopify,10,deny,manual,1599.00,,true,false,,,,,"",,,,,,,,,,,,,,,,,,,,,,,kg,,,
fendy-silk-sharara-suit-set,,,,,,,,,White,,,M,,,,,,0.0,shopify,10,deny,manual,1599.00,,true,false,,,,,"",,,,,,,,,,,,,,,,,,,,,,,kg,,,
fendy-silk-sharara-suit-set,,,,,,,,,White,,,L,,,,,,0.0,shopify,10,deny,manual,1599.00,,true,false,,,,,"",,,,,,,,,,,,,,,,,,,,,,,kg,,,
fendy-silk-sharara-suit-set,,,,,,,,,White,,,Xl,,,,,,0.0,shopify,10,deny,manual,1599.00,,true,false,,,,,"",,,,,,,,,,,,,,,,,,,,,,,kg,,,
fendy-silk-sharara-suit-set,,,,,,,,,White,,,2xl,,,,,,0.0,shopify,10,deny,manual,1599.00,,true,false,,,,,"",,,,,,,,,,,,,,,,,,,,,,,kg,,,
fendy-silk-sharara-suit-set,,,,,,,,,Golden,,,S,,,,,,0.0,shopify,10,deny,manual,1599.00,,true,false,,,,,"",,,,,,,,,,,,,,,,,,,,,,,kg,,,
fendy-silk-sharara-suit-set,,,,,,,,,Golden,,,M,,,,,,0.0,shopify,10,deny,manual,1599.00,,true,false,,,,,"",,,,,,,,,,,,,,,,,,,,,,,kg,,,
fendy-silk-sharara-suit-set,,,,,,,,,Golden,,,L,,,,,,0.0,shopify,10,deny,manual,1599.00,,true,false,,,,,"",,,,,,,,,,,,,,,,,,,,,,,kg,,,
fendy-silk-sharara-suit-set,,,,,,,,,Golden,,,Xl,,,,,,0.0,shopify,10,deny,manual,1599.00,,true,false,,,,,"",,,,,,,,,,,,,,,,,,,,,,,kg,,,
fendy-silk-sharara-suit-set,,,,,,,,,Golden,,,2xl,,,,,,0.0,shopify,10,deny,manual,1599.00,,true,false,,,,,"",,,,,,,,,,,,,,,,,,,,,,,kg,,,
fendy-silk-sharara-suit-set,,,,,,,,,Purple,,,S,,,,,,0.0,shopify,10,deny,manual,1599.00,,true,false,,,,,"",,,,,,,,,,,,,,,,,,,,,,,kg,,,
fendy-silk-sharara-suit-set,,,,,,,,,Purple,,,M,,,,,,0.0,shopify,10,deny,manual,1599.00,,true,false,,,,,"",,,,,,,,,,,,,,,,,,,,,,,kg,,,
fendy-silk-sharara-suit-set,,,,,,,,,Purple,,,L,,,,,,0.0,shopify,10,deny,manual,1599.00,,true,false,,,,,"",,,,,,,,,,,,,,,,,,,,,,,kg,,,
fendy-silk-sharara-suit-set,,,,,,,,,Purple,,,Xl,,,,,,0.0,shopify,10,deny,manual,1599.00,,true,false,,,,,"",,,,,,,,,,,,,,,,,,,,,,,kg,,,
fendy-silk-sharara-suit-set,,,,,,,,,Purple,,,2xl,,,,,,0.0,shopify,10,deny,manual,1599.00,,true,false,,,,,"",,,,,,,,,,,,,,,,,,,,,,,kg,,,
blooming-vichitra-silk-anarkali-pant-dupatta-set,"Blooming Vichitra Silk Anarkali, Pant & Dupatta Set","<p><span>ANARKALI DETAILS</span><span><br> </span><span>• Fabric : Heavy Pure Blooming Vichitra Silk</span><span><br> </span><span>• Work : Full Kali Pattern, Fancy Yoke Lace Work, Full Churidar Sleeves With Embroidery Dori, Jari &amp; Sequence Lace Work, Bottom Embroidery Sequence Dori &amp; Jari Work With Big Lace Border</span><span><br> </span><span>• Inner : Pure Microscrape Full Lining</span><span><br> </span><span>• Length : 48-49 Inches</span><span><br> </span><span>• Flair : 3.5-3.8 Meters Fully Flared</span><span><br> </span><span>• Size : XS(34), S(36), M(38), L(40), XL(42), XXL(44) | Fully Stitched Ready To Wear</span></p>
<p><span>PANT DETAILS</span><span><br> </span><span>• Fabric : Pure Blooming Vichitra Silk</span><span><br> </span><span>• Work : Bottom Lace Work</span><span><br> </span><span>• Size : Free Size | Fully Stitched</span></p>
<p><span>DUPATTA DETAILS</span><span><br> </span><span>• Fabric : Pure Blooming Vichitra Silk</span><span><br> </span><span>• Work : Embroidery, Sequence, Dori &amp; Jari Work With Fancy Lace Border (Shawl Style)</span><span><br> </span><span>• Length : 2.2 Meters</span></p>",Anjuclothing ,Apparel & Accessories > Clothing > Traditional & Ceremonial Clothing > Salwar Kameez & Suit Sets,"","",true,Size,Xs,,,,,,,,,0.0,shopify,100,deny,manual,1830.00,,true,false,,,,,"",https://cdn.shopify.com/s/files/1/1020/9912/4593/files/B9D5DD7A-AFB2-4A31-98E0-578B3D42A235.jpg?v=1783495624,1,"",false,,,,,,,,,,round,,,,,long,,,,kg,,,active
blooming-vichitra-silk-anarkali-pant-dupatta-set,,,,,,,,,S,,,,,,,,,0.0,shopify,100,deny,manual,1830.00,,true,false,,,,,"",https://cdn.shopify.com/s/files/1/1020/9912/4593/files/27C93403-63D9-43DB-8DF6-50796EFF1665.jpg?v=1783495624,2,"",,,,,,,,,,,,,,,,,,,,kg,,,
blooming-vichitra-silk-anarkali-pant-dupatta-set,,,,,,,,,M,,,,,,,,,0.0,shopify,100,deny,manual,1830.00,,true,false,,,,,"",https://cdn.shopify.com/s/files/1/1020/9912/4593/files/84B5A973-AC3E-40E4-BF62-27FC7C8CAFDF.jpg?v=1783495624,3,"",,,,,,,,,,,,,,,,,,,,kg,,,
blooming-vichitra-silk-anarkali-pant-dupatta-set,,,,,,,,,L,,,,,,,,,0.0,shopify,100,deny,manual,1830.00,,true,false,,,,,"",https://cdn.shopify.com/s/files/1/1020/9912/4593/files/3E7379A3-73A8-4612-80E3-5AF38B4D4371.jpg?v=1783495624,4,"",,,,,,,,,,,,,,,,,,,,kg,,,
blooming-vichitra-silk-anarkali-pant-dupatta-set,,,,,,,,,Xl,,,,,,,,,0.0,shopify,100,deny,manual,1830.00,,true,false,,,,,"",https://cdn.shopify.com/s/files/1/1020/9912/4593/files/0B6CBBCB-A62C-4E25-93B5-143CD49024A4.jpg?v=1783495624,5,"",,,,,,,,,,,,,,,,,,,,kg,,,
blooming-vichitra-silk-anarkali-pant-dupatta-set,,,,,,,,,2xl,,,,,,,,,0.0,shopify,100,deny,manual,1830.00,,true,false,,,,,"",https://cdn.shopify.com/s/files/1/1020/9912/4593/files/D847551D-BEBC-48EF-A365-852A82F23EC0.jpg?v=1783495624,6,"",,,,,,,,,,,,,,,,,,,,kg,,,
blooming-vichitra-silk-anarkali-pant-dupatta-set,,,,,,,,,,,,,,,,,,,,,,,,,,,,,,,"",https://cdn.shopify.com/s/files/1/1020/9912/4593/files/4CC7EBC1-E258-4EE1-83E7-50F805E7CB0F.jpg?v=1783495624,7,"",,,,,,,,,,,,,,,,,,,,,,,
tibby-silk-saree,Tibby Silk Saree,"<p><span>SAREE DETAILS</span><span><br> </span><span>• Fabric : Tibby Silk</span><span><br> </span><span>• Work : Intricate Thread With Sequence Work</span><span><br> </span><span>• Length : 5.5 Meters</span></p>
<p><span>BLOUSE DETAILS</span><span><br> </span><span>• Fabric : Mono Banglori Silk</span><span><br> </span><span>• Work : Intricate Thread With Sequence Work</span><span><br> </span><span>• Size : 0.80 Meter | Unstitched</span></p>",Anjuclothing ,,"","",true,Title,Default Title,,,,,,,,,0.0,shopify,100,deny,manual,1580.00,,true,false,,,,,"",https://cdn.shopify.com/s/files/1/1020/9912/4593/files/8994DCB8-5B93-4CED-B38F-BB55B7618E30.jpg?v=1783495484,1,"",false,,,,,,,,,,,,,,,,,,,kg,,,active
tibby-silk-saree,,,,,,,,,,,,,,,,,,,,,,,,,,,,,,,"",https://cdn.shopify.com/s/files/1/1020/9912/4593/files/016A2E95-0871-428E-9D27-C772C8781144.jpg?v=1783495484,2,"",,,,,,,,,,,,,,,,,,,,,,,
tibby-silk-saree,,,,,,,,,,,,,,,,,,,,,,,,,,,,,,,"",https://cdn.shopify.com/s/files/1/1020/9912/4593/files/1CD3BD87-3774-4528-AD30-13FAC7B6D3A9.jpg?v=1783495484,3,"",,,,,,,,,,,,,,,,,,,,,,,
tibby-silk-saree,,,,,,,,,,,,,,,,,,,,,,,,,,,,,,,"",https://cdn.shopify.com/s/files/1/1020/9912/4593/files/135604EE-3698-421F-A3B7-213217B12742.jpg?v=1783495484,4,"",,,,,,,,,,,,,,,,,,,,,,,
tibby-silk-saree,,,,,,,,,,,,,,,,,,,,,,,,,,,,,,,"",https://cdn.shopify.com/s/files/1/1020/9912/4593/files/4B5973E1-D74B-441B-AD8A-F871C2E0BF42.jpg?v=1783495484,5,"",,,,,,,,,,,,,,,,,,,,,,,
tibby-silk-saree,,,,,,,,,,,,,,,,,,,,,,,,,,,,,,,"",https://cdn.shopify.com/s/files/1/1020/9912/4593/files/123DC272-C56A-4199-8652-BA9F5C0946D9.jpg?v=1783495483,6,"",,,,,,,,,,,,,,,,,,,,,,,
tibby-silk-saree,,,,,,,,,,,,,,,,,,,,,,,,,,,,,,,"",https://cdn.shopify.com/s/files/1/1020/9912/4593/files/371023CA-8354-409C-989F-1A40DEC05E2C.jpg?v=1783495484,7,"",,,,,,,,,,,,,,,,,,,,,,,
chinon-bustier-palazzo-dupatta-set,"Chinon Bustier, Palazzo & Dupatta Set","<p><span>TOP DETAILS</span><span><br> </span><span>• Fabric : Chinon</span><span><br> </span><span>• Style : Bustier With Side Zipper</span><span><br> </span><span>• Work : Thread, Embroidery, Zari &amp; Real Mirror Work With Lace Detailing</span><span><br> </span><span>• Lining : Crape Lining</span><span><br> </span><span>• Size : M(38), L(40), XL(42), XXL(44), 3XL(46) | Fully Stitched Ready To Wear</span></p>
<p><span>PLAZZO DETAILS</span><span><br> </span><span>• Style : Flared Palazzo</span><span><br> </span><span>• Length : 38-39 Inches</span></p>
<p><span>DUPATTA DETAILS</span><span><br> </span><span>• Length : 2 Meters</span></p>",Anjuclothing ,,"","",true,Colour,White,,Size,M,,,,,,0.0,shopify,100,deny,manual,1699.00,2500.00,true,false,,,,,"",https://cdn.shopify.com/s/files/1/1020/9912/4593/files/043EEC9C-1127-4EB8-901A-DFFE4CE929B6.jpg?v=1783494786,1,"",false,,,,,,,,,,,,,,,,,,,kg,,,active
chinon-bustier-palazzo-dupatta-set,,,,,,,,,Orange,,,M,,,,,,0.0,shopify,100,deny,manual,1699.00,2500.00,true,false,,,,,"",https://cdn.shopify.com/s/files/1/1020/9912/4593/files/2D5A6F2B-B32D-43D6-964A-D5910DBD4216.jpg?v=1783494786,2,"",,,,,,,,,,,,,,,,,,,,kg,,,
chinon-bustier-palazzo-dupatta-set,,,,,,,,,Red,,,M,,,,,,0.0,shopify,100,deny,manual,1699.00,2500.00,true,false,,,,,"",https://cdn.shopify.com/s/files/1/1020/9912/4593/files/9F12E2ED-823E-4B30-8239-98058FD03626.jpg?v=1783494786,3,"",,,,,,,,,,,,,,,,,,,,kg,,,
chinon-bustier-palazzo-dupatta-set,,,,,,,,,Purple,,,M,,,,,,0.0,shopify,100,deny,manual,1699.00,2500.00,true,false,,,,,"",https://cdn.shopify.com/s/files/1/1020/9912/4593/files/8B1FED74-E9BF-429A-91E0-82C4C5EDFB4E.jpg?v=1783494809,4,"",,,,,,,,,,,,,,,,,,,,kg,,,
chinon-bustier-palazzo-dupatta-set,,,,,,,,,Black,,,M,,,,,,0.0,shopify,100,deny,manual,1699.00,2500.00,true,false,,,,,"",https://cdn.shopify.com/s/files/1/1020/9912/4593/files/FA47081E-6F6E-487F-86F9-B9E5EE72D02E.jpg?v=1783494809,5,"",,,,,,,,,,,,,,,,,,,,kg,,,
chinon-bustier-palazzo-dupatta-set,,,,,,,,,Green,,,M,,,,,,0.0,shopify,100,deny,manual,1699.00,2500.00,true,false,,,,,"",https://cdn.shopify.com/s/files/1/1020/9912/4593/files/9B76B8E7-15E3-4737-9976-4118EDB6C4ED.jpg?v=1783494809,6,"",,,,,,,,,,,,,,,,,,,,kg,,,
chinon-bustier-palazzo-dupatta-set,,,,,,,,,Skyblue,,,M,,,,,,0.0,shopify,100,deny,manual,1699.00,2500.00,true,false,,,,,"",https://cdn.shopify.com/s/files/1/1020/9912/4593/files/131B3187-A968-4133-A350-773520E95125.jpg?v=1783494809,7,"",,,,,,,,,,,,,,,,,,,,kg,,,
chinon-bustier-palazzo-dupatta-set,,,,,,,,,Yellow,,,M,,,,,,0.0,shopify,100,deny,manual,1699.00,2500.00,true,false,,,,,"",https://cdn.shopify.com/s/files/1/1020/9912/4593/files/0B94D2E2-D8F1-4127-925D-B2ADCFC04B95.jpg?v=1783494809,8,"",,,,,,,,,,,,,,,,,,,,kg,,,
chinon-bustier-palazzo-dupatta-set,,,,,,,,,Beige,,,M,,,,,,0.0,shopify,100,deny,manual,1699.00,2500.00,true,false,,,,,"",https://cdn.shopify.com/s/files/1/1020/9912/4593/files/40A644A6-582A-4999-AF42-FCA04F78ACC0.jpg?v=1783494809,9,"",,,,,,,,,,,,,,,,,,,,kg,,,
chinon-bustier-palazzo-dupatta-set,,,,,,,,,Pink,,,M,,,,,,0.0,shopify,100,deny,manual,1699.00,2500.00,true,false,,,,,"",https://cdn.shopify.com/s/files/1/1020/9912/4593/files/007AF30E-AD30-4DD4-9A2B-76E9610BFF69.jpg?v=1783494810,10,"",,,,,,,,,,,,,,,,,,,,kg,,,
chinon-bustier-palazzo-dupatta-set,,,,,,,,,White,,,L,,,,,,0.0,shopify,100,deny,manual,1699.00,2500.00,true,false,,,,,"",https://cdn.shopify.com/s/files/1/1020/9912/4593/files/15F0CF96-B200-4988-9BD4-73C71D129ED2.jpg?v=1783494809,11,"",,,,,,,,,,,,,,,,,,,,kg,,,
chinon-bustier-palazzo-dupatta-set,,,,,,,,,White,,,Xl,,,,,,0.0,shopify,99,deny,manual,1699.00,2500.00,true,false,,,,,"",https://cdn.shopify.com/s/files/1/1020/9912/4593/files/0CFA8601-008B-474E-98D1-D15BD2B6B090.jpg?v=1783494809,12,"",,,,,,,,,,,,,,,,,,,,kg,,,
chinon-bustier-palazzo-dupatta-set,,,,,,,,,White,,,2xl,,,,,,0.0,shopify,100,deny,manual,1699.00,2500.00,true,false,,,,,"",https://cdn.shopify.com/s/files/1/1020/9912/4593/files/ADD7B76A-6AB3-4D51-BD40-EC5BD8DB318E.jpg?v=1783494809,13,"",,,,,,,,,,,,,,,,,,,,kg,,,
chinon-bustier-palazzo-dupatta-set,,,,,,,,,White,,,3xl,,,,,,0.0,shopify,100,deny,manual,1699.00,2500.00,true,false,,,,,"",https://cdn.shopify.com/s/files/1/1020/9912/4593/files/C28323F6-B281-4EBB-9164-73835CAC20D9.jpg?v=1783494809,14,"",,,,,,,,,,,,,,,,,,,,kg,,,
chinon-bustier-palazzo-dupatta-set,,,,,,,,,Orange,,,L,,,,,,0.0,shopify,100,deny,manual,1699.00,2500.00,true,false,,,,,"",https://cdn.shopify.com/s/files/1/1020/9912/4593/files/A0737945-501B-445F-8F5F-EC078F74D2A0.jpg?v=1783494809,15,"",,,,,,,,,,,,,,,,,,,,kg,,,
chinon-bustier-palazzo-dupatta-set,,,,,,,,,Orange,,,Xl,,,,,,0.0,shopify,100,deny,manual,1699.00,2500.00,true,false,,,,,"",,,,,,,,,,,,,,,,,,,,,,,kg,,,
chinon-bustier-palazzo-dupatta-set,,,,,,,,,Orange,,,2xl,,,,,,0.0,shopify,100,deny,manual,1699.00,2500.00,true,false,,,,,"",,,,,,,,,,,,,,,,,,,,,,,kg,,,
chinon-bustier-palazzo-dupatta-set,,,,,,,,,Orange,,,3xl,,,,,,0.0,shopify,100,deny,manual,1699.00,2500.00,true,false,,,,,"",,,,,,,,,,,,,,,,,,,,,,,kg,,,
chinon-bustier-palazzo-dupatta-set,,,,,,,,,Red,,,L,,,,,,0.0,shopify,100,deny,manual,1699.00,2500.00,true,false,,,,,"",,,,,,,,,,,,,,,,,,,,,,,kg,,,
chinon-bustier-palazzo-dupatta-set,,,,,,,,,Red,,,Xl,,,,,,0.0,shopify,100,deny,manual,1699.00,2500.00,true,false,,,,,"",,,,,,,,,,,,,,,,,,,,,,,kg,,,
chinon-bustier-palazzo-dupatta-set,,,,,,,,,Red,,,2xl,,,,,,0.0,shopify,100,deny,manual,1699.00,2500.00,true,false,,,,,"",,,,,,,,,,,,,,,,,,,,,,,kg,,,
chinon-bustier-palazzo-dupatta-set,,,,,,,,,Red,,,3xl,,,,,,0.0,shopify,100,deny,manual,1699.00,2500.00,true,false,,,,,"",,,,,,,,,,,,,,,,,,,,,,,kg,,,
chinon-bustier-palazzo-dupatta-set,,,,,,,,,Purple,,,L,,,,,,0.0,shopify,100,deny,manual,1699.00,2500.00,true,false,,,,,"",,,,,,,,,,,,,,,,,,,,,,,kg,,,
chinon-bustier-palazzo-dupatta-set,,,,,,,,,Purple,,,Xl,,,,,,0.0,shopify,100,deny,manual,1699.00,2500.00,true,false,,,,,"",,,,,,,,,,,,,,,,,,,,,,,kg,,,
chinon-bustier-palazzo-dupatta-set,,,,,,,,,Purple,,,2xl,,,,,,0.0,shopify,100,deny,manual,1699.00,2500.00,true,false,,,,,"",,,,,,,,,,,,,,,,,,,,,,,kg,,,
chinon-bustier-palazzo-dupatta-set,,,,,,,,,Purple,,,3xl,,,,,,0.0,shopify,100,deny,manual,1699.00,2500.00,true,false,,,,,"",,,,,,,,,,,,,,,,,,,,,,,kg,,,
chinon-bustier-palazzo-dupatta-set,,,,,,,,,Black,,,L,,,,,,0.0,shopify,100,deny,manual,1699.00,2500.00,true,false,,,,,"",,,,,,,,,,,,,,,,,,,,,,,kg,,,
chinon-bustier-palazzo-dupatta-set,,,,,,,,,Black,,,Xl,,,,,,0.0,shopify,100,deny,manual,1699.00,2500.00,true,false,,,,,"",,,,,,,,,,,,,,,,,,,,,,,kg,,,
chinon-bustier-palazzo-dupatta-set,,,,,,,,,Black,,,2xl,,,,,,0.0,shopify,100,deny,manual,1699.00,2500.00,true,false,,,,,"",,,,,,,,,,,,,,,,,,,,,,,kg,,,
chinon-bustier-palazzo-dupatta-set,,,,,,,,,Black,,,3xl,,,,,,0.0,shopify,100,deny,manual,1699.00,2500.00,true,false,,,,,"",,,,,,,,,,,,,,,,,,,,,,,kg,,,
chinon-bustier-palazzo-dupatta-set,,,,,,,,,Green,,,L,,,,,,0.0,shopify,100,deny,manual,1699.00,2500.00,true,false,,,,,"",,,,,,,,,,,,,,,,,,,,,,,kg,,,
chinon-bustier-palazzo-dupatta-set,,,,,,,,,Green,,,Xl,,,,,,0.0,shopify,100,deny,manual,1699.00,2500.00,true,false,,,,,"",,,,,,,,,,,,,,,,,,,,,,,kg,,,
chinon-bustier-palazzo-dupatta-set,,,,,,,,,Green,,,2xl,,,,,,0.0,shopify,100,deny,manual,1699.00,2500.00,true,false,,,,,"",,,,,,,,,,,,,,,,,,,,,,,kg,,,
chinon-bustier-palazzo-dupatta-set,,,,,,,,,Green,,,3xl,,,,,,0.0,shopify,100,deny,manual,1699.00,2500.00,true,false,,,,,"",,,,,,,,,,,,,,,,,,,,,,,kg,,,
chinon-bustier-palazzo-dupatta-set,,,,,,,,,Skyblue,,,L,,,,,,0.0,shopify,100,deny,manual,1699.00,2500.00,true,false,,,,,"",,,,,,,,,,,,,,,,,,,,,,,kg,,,
chinon-bustier-palazzo-dupatta-set,,,,,,,,,Skyblue,,,Xl,,,,,,0.0,shopify,100,deny,manual,1699.00,2500.00,true,false,,,,,"",,,,,,,,,,,,,,,,,,,,,,,kg,,,
chinon-bustier-palazzo-dupatta-set,,,,,,,,,Skyblue,,,2xl,,,,,,0.0,shopify,100,deny,manual,1699.00,2500.00,true,false,,,,,"",,,,,,,,,,,,,,,,,,,,,,,kg,,,
chinon-bustier-palazzo-dupatta-set,,,,,,,,,Skyblue,,,3xl,,,,,,0.0,shopify,100,deny,manual,1699.00,2500.00,true,false,,,,,"",,,,,,,,,,,,,,,,,,,,,,,kg,,,
chinon-bustier-palazzo-dupatta-set,,,,,,,,,Yellow,,,L,,,,,,0.0,shopify,100,deny,manual,1699.00,2500.00,true,false,,,,,"",,,,,,,,,,,,,,,,,,,,,,,kg,,,
chinon-bustier-palazzo-dupatta-set,,,,,,,,,Yellow,,,Xl,,,,,,0.0,shopify,100,deny,manual,1699.00,2500.00,true,false,,,,,"",,,,,,,,,,,,,,,,,,,,,,,kg,,,
chinon-bustier-palazzo-dupatta-set,,,,,,,,,Yellow,,,2xl,,,,,,0.0,shopify,100,deny,manual,1699.00,2500.00,true,false,,,,,"",,,,,,,,,,,,,,,,,,,,,,,kg,,,
chinon-bustier-palazzo-dupatta-set,,,,,,,,,Yellow,,,3xl,,,,,,0.0,shopify,100,deny,manual,1699.00,2500.00,true,false,,,,,"",,,,,,,,,,,,,,,,,,,,,,,kg,,,
chinon-bustier-palazzo-dupatta-set,,,,,,,,,Beige,,,L,,,,,,0.0,shopify,100,deny,manual,1699.00,2500.00,true,false,,,,,"",,,,,,,,,,,,,,,,,,,,,,,kg,,,
chinon-bustier-palazzo-dupatta-set,,,,,,,,,Beige,,,Xl,,,,,,0.0,shopify,100,deny,manual,1699.00,2500.00,true,false,,,,,"",,,,,,,,,,,,,,,,,,,,,,,kg,,,
chinon-bustier-palazzo-dupatta-set,,,,,,,,,Beige,,,2xl,,,,,,0.0,shopify,100,deny,manual,1699.00,2500.00,true,false,,,,,"",,,,,,,,,,,,,,,,,,,,,,,kg,,,
chinon-bustier-palazzo-dupatta-set,,,,,,,,,Beige,,,3xl,,,,,,0.0,shopify,100,deny,manual,1699.00,2500.00,true,false,,,,,"",,,,,,,,,,,,,,,,,,,,,,,kg,,,
chinon-bustier-palazzo-dupatta-set,,,,,,,,,Pink,,,L,,,,,,0.0,shopify,100,deny,manual,1699.00,2500.00,true,false,,,,,"",,,,,,,,,,,,,,,,,,,,,,,kg,,,
chinon-bustier-palazzo-dupatta-set,,,,,,,,,Pink,,,Xl,,,,,,0.0,shopify,100,deny,manual,1699.00,2500.00,true,false,,,,,"",,,,,,,,,,,,,,,,,,,,,,,kg,,,
chinon-bustier-palazzo-dupatta-set,,,,,,,,,Pink,,,2xl,,,,,,0.0,shopify,100,deny,manual,1699.00,2500.00,true,false,,,,,"",,,,,,,,,,,,,,,,,,,,,,,kg,,,
chinon-bustier-palazzo-dupatta-set,,,,,,,,,Pink,,,3xl,,,,,,0.0,shopify,100,deny,manual,1699.00,2500.00,true,false,,,,,"",,,,,,,,,,,,,,,,,,,,,,,kg,,,
mul-chanderi-silk-gown-pant-dupatta-set,"Mul Chanderi Silk Gown, Pant & Dupatta Set","<p><span>GOWN DETAILS</span><span><br> </span><span>• Fabric : Mul Chanderi Silk</span><span><br> </span><span>• Work : Thread With Sequence Work</span><span><br> </span><span>• Lining : Soft Micro Cotton</span><span><br> </span><span>• Length : 53-54 Inches</span><span><br> </span><span>• Flair : 3.3 Meters</span><span><br> </span><span>• Size : M(38), L(40), XL(42), XXL(44) With 3XL(46) Margin | Fully Stitched Ready To Wear</span></p>
<p><span>PANT DETAILS</span><span><br> </span><span>• Fabric : Micro Cotton</span><span><br> </span><span>• Work : Plain</span><span><br> </span><span>• Size : Fully Stitched | Fits Up To Size 44 (Elastic Waistband)</span></p>
<p><span>DUPATTA DETAILS</span><span><br> </span><span>• Fabric : Mul Chanderi</span><span><br> </span><span>• Work : Thread With Sequence Work</span><span><br> </span><span>• Width : 2.10 Meters</span></p>",Anjuclothing ,Apparel & Accessories > Clothing > Traditional & Ceremonial Clothing > Salwar Kameez & Suit Sets,"","",true,Size,M,,,,,,,,,0.0,shopify,0,deny,manual,1899.00,,true,false,,,,,"",https://cdn.shopify.com/s/files/1/1020/9912/4593/files/7B2F512C-CC73-4B33-B9B6-684D82A9E41E.jpg?v=1783494437,1,"",false,,,,,,,,,,,,,,,long,,,,kg,,,active
mul-chanderi-silk-gown-pant-dupatta-set,,,,,,,,,L,,,,,,,,,0.0,shopify,0,deny,manual,1899.00,,true,false,,,,,"",https://cdn.shopify.com/s/files/1/1020/9912/4593/files/BF5CD626-5E4E-4C48-87BD-E49086DAF19E.jpg?v=1783494417,2,"",,,,,,,,,,,,,,,,,,,,kg,,,
mul-chanderi-silk-gown-pant-dupatta-set,,,,,,,,,Xl,,,,,,,,,0.0,shopify,0,deny,manual,1899.00,,true,false,,,,,"",https://cdn.shopify.com/s/files/1/1020/9912/4593/files/8C03F024-ACE7-48F7-8004-921790DCE0F7.jpg?v=1783494417,3,"",,,,,,,,,,,,,,,,,,,,kg,,,
mul-chanderi-silk-gown-pant-dupatta-set,,,,,,,,,2xl,,,,,,,,,0.0,shopify,0,deny,manual,1899.00,,true,false,,,,,"",https://cdn.shopify.com/s/files/1/1020/9912/4593/files/87A8B4FD-AB20-4EBE-A17E-B4CF33B6E2D0.jpg?v=1783494417,4,"",,,,,,,,,,,,,,,,,,,,kg,,,
mul-chanderi-silk-gown-pant-dupatta-set,,,,,,,,,,,,,,,,,,,,,,,,,,,,,,,"",https://cdn.shopify.com/s/files/1/1020/9912/4593/files/ABF3121B-B7D9-44F4-A335-680D0E80FFA9.jpg?v=1783494418,5,"",,,,,,,,,,,,,,,,,,,,,,,
mul-chanderi-silk-gown-pant-dupatta-set,,,,,,,,,,,,,,,,,,,,,,,,,,,,,,,"",https://cdn.shopify.com/s/files/1/1020/9912/4593/files/C8F2411D-AFBE-4543-9FC1-CCFAF8855A25.jpg?v=1783494417,6,"",,,,,,,,,,,,,,,,,,,,,,,
mul-chanderi-silk-gown-pant-dupatta-set,,,,,,,,,,,,,,,,,,,,,,,,,,,,,,,"",https://cdn.shopify.com/s/files/1/1020/9912/4593/files/D430934D-30DE-4D45-B93E-9060CC19B2F2.jpg?v=1783494417,7,"",,,,,,,,,,,,,,,,,,,,,,,
mul-chanderi-silk-gown-pant-dupatta-set,,,,,,,,,,,,,,,,,,,,,,,,,,,,,,,"",https://cdn.shopify.com/s/files/1/1020/9912/4593/files/8C78CE9E-B1A8-4D49-BD82-1304023BB1B6.jpg?v=1783494417,8,"",,,,,,,,,,,,,,,,,,,,,,,
japan-satin-lehenga-set,Japan Satin Lehenga Set,"<p><span>LEHENGA DETAILS</span><span><br> </span><span>• Fabric : Japan Satin</span><span><br> </span><span>• Work : Thread With Sequence Work</span><span><br> </span><span>• Stitching : Fully Stitched | Fits Up To Size 44</span><span><br> </span><span>• Inner : Soft Micro Lining</span><span><br> </span><span>• Flair : 3.5 Meters With Can Can &amp; Canvas</span></p>
<p><span>CHOLI DETAILS</span><span><br> </span><span>• Fabric : Japan Satin</span><span><br> </span><span>• Work : Thread With Sequence Work</span><span><br> </span><span>• Inner : Micro Lining</span><span><br> </span><span>• Size : Unstitched | Fits Up To Size 42</span></p>
<p><span>DUPATTA DETAILS</span><span><br> </span><span>• Fabric : Faux Georgette</span><span><br> </span><span>• Work : Thread With Sequence Work</span><span><br> </span><span>• Length : 2.2 Meters</span></p>",Anjuclothing ,Apparel & Accessories > Clothing > Traditional & Ceremonial Clothing > Saris & Lehengas > Lehengas,"","",true,Title,Default Title,,,,,,,,,0.0,shopify,100,deny,manual,2199.00,,true,false,,,,,"",https://cdn.shopify.com/s/files/1/1020/9912/4593/files/8AD2E418-59CD-4CA1-80C6-6B4F2F1431E8.jpg?v=1783494219,1,"",false,,,,,,,,,,,,,,,,,,,kg,,,active
japan-satin-lehenga-set,,,,,,,,,,,,,,,,,,,,,,,,,,,,,,,"",https://cdn.shopify.com/s/files/1/1020/9912/4593/files/B0D1F138-5244-4BF2-8C0F-693C6B285479.jpg?v=1783494219,2,"",,,,,,,,,,,,,,,,,,,,,,,
japan-satin-lehenga-set,,,,,,,,,,,,,,,,,,,,,,,,,,,,,,,"",https://cdn.shopify.com/s/files/1/1020/9912/4593/files/03F1E1A8-96CA-42F5-BE40-97AE2CAB7A55.jpg?v=1783494219,3,"",,,,,,,,,,,,,,,,,,,,,,,
japan-satin-lehenga-set,,,,,,,,,,,,,,,,,,,,,,,,,,,,,,,"",https://cdn.shopify.com/s/files/1/1020/9912/4593/files/7D1E7334-BA5F-4910-803D-B6C8B23BC3E0.jpg?v=1783494219,4,"",,,,,,,,,,,,,,,,,,,,,,,
japan-satin-lehenga-set,,,,,,,,,,,,,,,,,,,,,,,,,,,,,,,"",https://cdn.shopify.com/s/files/1/1020/9912/4593/files/C12FBC1A-A0F6-4567-9249-86C486BF717C.jpg?v=1783494219,5,"",,,,,,,,,,,,,,,,,,,,,,,
japan-satin-lehenga-set,,,,,,,,,,,,,,,,,,,,,,,,,,,,,,,"",https://cdn.shopify.com/s/files/1/1020/9912/4593/files/917F87F1-359D-451B-A46F-0384D733967F.jpg?v=1783494219,6,"",,,,,,,,,,,,,,,,,,,,,,,
japan-satin-lehenga-set,,,,,,,,,,,,,,,,,,,,,,,,,,,,,,,"",https://cdn.shopify.com/s/files/1/1020/9912/4593/files/B90044A1-41A3-4A0A-99F5-B8308B6AEEC3.jpg?v=1783494219,7,"",,,,,,,,,,,,,,,,,,,,,,,
french-crepe-top-sharara-dupatta-set,"French Crepe Top, Sharara & Dupatta Set","<p><span>TOP DETAILS</span><span><br> </span><span>• Fabric : Premium French Crepe</span><span><br> </span><span>• Work : Embroidery Thread Detailing With Real Mirror Work</span><span><br> </span><span>• Inner : Soft Micro Inner</span><span><br> </span><span>• Size : M(38), L(40), XL(42), XXL(44) | Fully Stitched Ready To Wear</span></p>
<p><span>SHARARA DETAILS</span><span><br> </span><span>• Fabric : Premium French Crepe</span><span><br> </span><span>• Work : Embroidery Thread With 9mm Sequence Detailing</span><span><br> </span><span>• Inner : Comfortable Micro</span><span><br> </span><span>• Size : Fully Stitched Up To Size 44 | Elastic Waistband</span></p>
<p><span>DUPATTA DETAILS</span><span><br> </span><span>• Fabric : Soft Net</span><span><br> </span><span>• Work : Thread Embroidery With 9mm Sequence Work</span><span><br> </span><span>• Length : 2.2 Meters</span></p>",Anjuclothing ,,"","",true,Size,M,,,,,,,,,0.0,shopify,100,deny,manual,2280.00,3500.00,true,false,,,,,"",https://cdn.shopify.com/s/files/1/1020/9912/4593/files/1AF970CD-B5AB-43AB-AC3C-2C25043808CB.jpg?v=1783494079,1,"",false,,,,,,,,,,,,,,,,,,,kg,,,active
french-crepe-top-sharara-dupatta-set,,,,,,,,,L,,,,,,,,,0.0,shopify,100,deny,manual,2280.00,3500.00,true,false,,,,,"",https://cdn.shopify.com/s/files/1/1020/9912/4593/files/4B31B819-E2A4-4E3B-9BCD-F866BC08E786.jpg?v=1783494078,2,"",,,,,,,,,,,,,,,,,,,,kg,,,
french-crepe-top-sharara-dupatta-set,,,,,,,,,Xl,,,,,,,,,0.0,shopify,100,deny,manual,2280.00,3500.00,true,false,,,,,"",https://cdn.shopify.com/s/files/1/1020/9912/4593/files/857D923C-6B6A-41A7-B67F-2940C8156055.jpg?v=1783494078,3,"",,,,,,,,,,,,,,,,,,,,kg,,,
french-crepe-top-sharara-dupatta-set,,,,,,,,,2xl,,,,,,,,,0.0,shopify,100,deny,manual,2280.00,3500.00,true,false,,,,,"",https://cdn.shopify.com/s/files/1/1020/9912/4593/files/FDDF3BE9-BD12-4B55-AA84-07644859234E.jpg?v=1783494078,4,"",,,,,,,,,,,,,,,,,,,,kg,,,
french-crepe-top-sharara-dupatta-set,,,,,,,,,,,,,,,,,,,,,,,,,,,,,,,"",https://cdn.shopify.com/s/files/1/1020/9912/4593/files/A8CA12C3-52A5-47B6-AFC2-6F8C19FACCCB.jpg?v=1783494078,5,"",,,,,,,,,,,,,,,,,,,,,,,
french-crepe-top-sharara-dupatta-set,,,,,,,,,,,,,,,,,,,,,,,,,,,,,,,"",https://cdn.shopify.com/s/files/1/1020/9912/4593/files/5F768A45-EBA3-424B-B256-9399972C6309.jpg?v=1783494078,6,"",,,,,,,,,,,,,,,,,,,,,,,
french-crepe-top-sharara-dupatta-set,,,,,,,,,,,,,,,,,,,,,,,,,,,,,,,"",https://cdn.shopify.com/s/files/1/1020/9912/4593/files/FDD75BCA-8CDB-4E1E-948A-DCABA665DC15.jpg?v=1783494078,7,"",,,,,,,,,,,,,,,,,,,,,,,
french-crepe-top-sharara-dupatta-set,,,,,,,,,,,,,,,,,,,,,,,,,,,,,,,"",https://cdn.shopify.com/s/files/1/1020/9912/4593/files/FA1C269D-437F-44B3-87E3-F81FC96490A0.jpg?v=1783494078,8,"",,,,,,,,,,,,,,,,,,,,,,,
chinon-silk-top-sharara-dupatta-set,"Chinon Silk Top, Sharara & Dupatta Set","<p><span>TOP DETAILS</span></p>
<p><span>• Fabric : Heavy Pure Chinon Silk</span></p>
<p><span>• Work : Fancy Embroidery, Sequence &amp; Jari Work</span></p>
<p><span>• Inner : Pure Microscrape Full Lining</span></p>
<p><span>• Length : 40 Inches</span></p>
<p><span>• Size : XS(34), S(36), M(38), L(40), XL(42), XXL(44) | Fully Stitched Ready To Wear</span></p>
<p> </p>
<p><span>SHARARA DETAILS</span></p>
<p><span>• Fabric : Pure Crunchy Silk</span></p>
<p><span>• Work : Fancy Embroidery, Jari &amp; Sequence Work</span></p>
<p><span>• Flair : 1.5 + 1.5 Meters Fully Flared</span></p>
<p><span>• Size : Free Size | Fully Stitched</span></p>
<p> </p>
<p><span>DUPATTA DETAILS</span></p>
<p><span>• Fabric : Pure Chinon Silk</span></p>
<p><span>• Work : Fancy Embroidery, Jari &amp; Sequence Work</span></p>
<p><span>• Length : 2.2 Meters</span></p>",Anjuclothing ,,"","",true,Size,Xs,,,,,,,,,0.0,shopify,100,deny,manual,1650.00,3500.00,true,false,,,,,"",https://cdn.shopify.com/s/files/1/1020/9912/4593/files/7CD1634C-EA0D-4064-B0E6-A4F977FD5F90.jpg?v=1783493943,1,"",false,,,,,,,,,,,,,,,,,,,kg,,,active
chinon-silk-top-sharara-dupatta-set,,,,,,,,,S,,,,,,,,,0.0,shopify,100,deny,manual,1650.00,3500.00,true,false,,,,,"",https://cdn.shopify.com/s/files/1/1020/9912/4593/files/BBA8D15C-EA8D-45BC-94F4-3A630A3C687B.jpg?v=1783493943,2,"",,,,,,,,,,,,,,,,,,,,kg,,,
chinon-silk-top-sharara-dupatta-set,,,,,,,,,M,,,,,,,,,0.0,shopify,100,deny,manual,1650.00,3500.00,true,false,,,,,"",https://cdn.shopify.com/s/files/1/1020/9912/4593/files/866746EF-BD38-4E97-A8DD-B954B047CDEB.jpg?v=1783493943,3,"",,,,,,,,,,,,,,,,,,,,kg,,,
chinon-silk-top-sharara-dupatta-set,,,,,,,,,L,,,,,,,,,0.0,shopify,100,deny,manual,1650.00,3500.00,true,false,,,,,"",https://cdn.shopify.com/s/files/1/1020/9912/4593/files/EE187CD8-1FA1-4D62-A5AD-6F20C09CF74E.jpg?v=1783493943,4,"",,,,,,,,,,,,,,,,,,,,kg,,,
chinon-silk-top-sharara-dupatta-set,,,,,,,,,Xl,,,,,,,,,0.0,shopify,100,deny,manual,1650.00,3500.00,true,false,,,,,"",https://cdn.shopify.com/s/files/1/1020/9912/4593/files/DA7B1923-7FFA-472E-921A-0D8A4193A0C1.jpg?v=1783493943,5,"",,,,,,,,,,,,,,,,,,,,kg,,,
chinon-silk-top-sharara-dupatta-set,,,,,,,,,2xl,,,,,,,,,0.0,shopify,100,deny,manual,1650.00,3500.00,true,false,,,,,"",https://cdn.shopify.com/s/files/1/1020/9912/4593/files/AFC0CBD7-CA45-438E-8917-AE88496F3F00.jpg?v=1783493943,6,"",,,,,,,,,,,,,,,,,,,,kg,,,
vichitra-silk-anarkali-gown-dupatta-set,Vichitra Silk Anarkali Gown & Dupatta Set,"<p><span>ANARKALI DETAILS</span><span><br> </span><span>• Fabric : Heavy Pure Vichitra Silk</span><span><br> </span><span>• Work : Full Kali Pattern With Embroidery, Sequence &amp; Jari Work, Full Churidar Sleeves, Embroidered Bottom, Back Tassels</span><span><br> </span><span>• Inner : Pure Microscrape Full Lining</span><span><br> </span><span>• Length : 54-55 Inches</span><span><br> </span><span>• Flair : 3.5-3.8 Meters Fully Flared</span><span><br> </span><span>• Size : XS(34), S(36), M(38), L(40), XL(42), XXL(44) | Fully Stitched Ready To Wear</span></p>
<p><span>DUPATTA DETAILS</span><span><br> </span><span>• Fabric : Vichitra Silk</span><span><br> </span><span>• Work : Embroidery, Sequence &amp; Jari Work With Fancy Lace Border &amp; Tassels</span><span><br> </span><span>• Length : 2.2 Meters</span></p>",Anjuclothing ,,"","",true,Size,Xs,,,,,,,,,0.0,shopify,100,deny,manual,1799.00,2500.00,true,false,,,,,"",https://cdn.shopify.com/s/files/1/1020/9912/4593/files/8CB414C1-E81D-4267-B29D-D1155732741A.jpg?v=1783493789,1,"",false,,,,,,,,,,,,,,,,,,,kg,,,active
vichitra-silk-anarkali-gown-dupatta-set,,,,,,,,,S,,,,,,,,,0.0,shopify,100,deny,manual,1799.00,2500.00,true,false,,,,,"",https://cdn.shopify.com/s/files/1/1020/9912/4593/files/12D44BDA-A397-4E36-BCE0-FD38A789193E.jpg?v=1783493789,2,"",,,,,,,,,,,,,,,,,,,,kg,,,
vichitra-silk-anarkali-gown-dupatta-set,,,,,,,,,M,,,,,,,,,0.0,shopify,100,deny,manual,1799.00,2500.00,true,false,,,,,"",https://cdn.shopify.com/s/files/1/1020/9912/4593/files/CFA56CEA-DE32-4D2D-963E-33025F32AB72.jpg?v=1783493789,3,"",,,,,,,,,,,,,,,,,,,,kg,,,
vichitra-silk-anarkali-gown-dupatta-set,,,,,,,,,L,,,,,,,,,0.0,shopify,100,deny,manual,1799.00,2500.00,true,false,,,,,"",https://cdn.shopify.com/s/files/1/1020/9912/4593/files/84CFF5AE-67E3-4976-BC6F-A2BFDB2EF775.jpg?v=1783493789,4,"",,,,,,,,,,,,,,,,,,,,kg,,,
vichitra-silk-anarkali-gown-dupatta-set,,,,,,,,,Xl,,,,,,,,,0.0,shopify,100,deny,manual,1799.00,2500.00,true,false,,,,,"",https://cdn.shopify.com/s/files/1/1020/9912/4593/files/1201B1A7-42D3-4142-A7D2-197FE690A590.jpg?v=1783493789,5,"",,,,,,,,,,,,,,,,,,,,kg,,,
vichitra-silk-anarkali-gown-dupatta-set,,,,,,,,,2xl,,,,,,,,,0.0,shopify,100,deny,manual,1799.00,2500.00,true,false,,,,,"",,,,,,,,,,,,,,,,,,,,,,,kg,,,
roman-silk-chanderi-anarkali-pant-dupatta-set,"Roman Silk Chanderi Anarkali, Pant & Dupatta Set","<p><span>ANARKALI DETAILS</span><span><br> </span><span>• Fabric : Premium Quality Heavy Pure Roman Silk Chanderi</span><span><br> </span><span>• Work : Fancy Yoke Lace Pattern, Padded, Side Zipper &amp; Full Sleeves With Lace Work</span><span><br> </span><span>• Inner : Pure Microscrape Full Lining</span><span><br> </span><span>• Length : 48 Inches</span><span><br> </span><span>• Flair : 4+ Meters Fully Flared</span><span><br> </span><span>• Size : XS(34), S(36), M(38), L(40), XL(42), XXL(44) | Fully Stitched Ready To Wear</span></p>
<p><span>PANT DETAILS</span><span><br> </span><span>• Fabric : Pure Roman Silk Chanderi</span><span><br> </span><span>• Size : Free Size | Fully Stitched</span></p>
<p><span>DUPATTA DETAILS</span><span><br> </span><span>• Fabric : Soft Nylon Net</span><span><br> </span><span>• Work : Fancy Mirror Lace Border</span><span><br> </span><span>• Length : 2.20 Meters</span></p>",Anjuclothing ,,"","",true,Colour,Red,,Size,Xs,,,,,,0.0,shopify,100,deny,manual,1599.00,,true,false,,,,,"",https://cdn.shopify.com/s/files/1/1020/9912/4593/files/546F22F4-B1E1-4422-A4D0-6E10F4F3F207.jpg?v=1783493537,1,"",false,,,,,,,,,,,,,,,,,,,kg,,,active
roman-silk-chanderi-anarkali-pant-dupatta-set,,,,,,,,,White,,,Xs,,,,,,0.0,shopify,100,deny,manual,1599.00,,true,false,,,,,"",https://cdn.shopify.com/s/files/1/1020/9912/4593/files/090127CB-BBBF-40B1-9656-9928C92AE629.jpg?v=1783493537,2,"",,,,,,,,,,,,,,,,,,,,kg,,,
roman-silk-chanderi-anarkali-pant-dupatta-set,,,,,,,,,Pink,,,Xs,,,,,,0.0,shopify,100,deny,manual,1599.00,,true,false,,,,,"",https://cdn.shopify.com/s/files/1/1020/9912/4593/files/F74C3F1A-AB10-4D49-95DC-3AB6E8750C5F.jpg?v=1783493537,3,"",,,,,,,,,,,,,,,,,,,,kg,,,
roman-silk-chanderi-anarkali-pant-dupatta-set,,,,,,,,,Orange,,,Xs,,,,,,0.0,shopify,100,deny,manual,1599.00,,true,false,,,,,"",https://cdn.shopify.com/s/files/1/1020/9912/4593/files/9DCEF65B-8B9C-4909-9FFD-C3309F18C241.jpg?v=1783493537,4,"",,,,,,,,,,,,,,,,,,,,kg,,,
roman-silk-chanderi-anarkali-pant-dupatta-set,,,,,,,,,Red,,,S,,,,,,0.0,shopify,100,deny,manual,1599.00,,true,false,,,,,"",https://cdn.shopify.com/s/files/1/1020/9912/4593/files/8CD3066C-F881-4828-A6B1-CAEED76828A4.jpg?v=1783493537,5,"",,,,,,,,,,,,,,,,,,,,kg,,,
roman-silk-chanderi-anarkali-pant-dupatta-set,,,,,,,,,Red,,,M,,,,,,0.0,shopify,100,deny,manual,1599.00,,true,false,,,,,"",https://cdn.shopify.com/s/files/1/1020/9912/4593/files/331C1222-E2CB-4CED-8C07-444C77914BA4.jpg?v=1783493537,6,"",,,,,,,,,,,,,,,,,,,,kg,,,
roman-silk-chanderi-anarkali-pant-dupatta-set,,,,,,,,,Red,,,L,,,,,,0.0,shopify,100,deny,manual,1599.00,,true,false,,,,,"",https://cdn.shopify.com/s/files/1/1020/9912/4593/files/D773FE62-F58B-4E05-87A0-D4044770291C.jpg?v=1783493537,7,"",,,,,,,,,,,,,,,,,,,,kg,,,
roman-silk-chanderi-anarkali-pant-dupatta-set,,,,,,,,,Red,,,Xl,,,,,,0.0,shopify,100,deny,manual,1599.00,,true,false,,,,,"",https://cdn.shopify.com/s/files/1/1020/9912/4593/files/5F3C8B80-97AC-410B-9D23-CBE56BCCBF3D.jpg?v=1783493540,8,"",,,,,,,,,,,,,,,,,,,,kg,,,
roman-silk-chanderi-anarkali-pant-dupatta-set,,,,,,,,,Red,,,2xl,,,,,,0.0,shopify,100,deny,manual,1599.00,,true,false,,,,,"",https://cdn.shopify.com/s/files/1/1020/9912/4593/files/0B61D77A-033D-4A47-B33A-C95B345CF6E2.jpg?v=1783493537,9,"",,,,,,,,,,,,,,,,,,,,kg,,,
roman-silk-chanderi-anarkali-pant-dupatta-set,,,,,,,,,White,,,S,,,,,,0.0,shopify,100,deny,manual,1599.00,,true,false,,,,,"",https://cdn.shopify.com/s/files/1/1020/9912/4593/files/FBA784CD-3006-45BE-BC0E-D5C3CF0537E1.jpg?v=1783493537,10,"",,,,,,,,,,,,,,,,,,,,kg,,,
roman-silk-chanderi-anarkali-pant-dupatta-set,,,,,,,,,White,,,M,,,,,,0.0,shopify,100,deny,manual,1599.00,,true,false,,,,,"",https://cdn.shopify.com/s/files/1/1020/9912/4593/files/000C93A2-AD41-45B9-BE22-79824258593F.jpg?v=1783493537,11,"",,,,,,,,,,,,,,,,,,,,kg,,,
roman-silk-chanderi-anarkali-pant-dupatta-set,,,,,,,,,White,,,L,,,,,,0.0,shopify,100,deny,manual,1599.00,,true,false,,,,,"",https://cdn.shopify.com/s/files/1/1020/9912/4593/files/7B865E74-6BD2-413B-B0CB-671D51D7186E.jpg?v=1783493537,12,"",,,,,,,,,,,,,,,,,,,,kg,,,
roman-silk-chanderi-anarkali-pant-dupatta-set,,,,,,,,,White,,,Xl,,,,,,0.0,shopify,100,deny,manual,1599.00,,true,false,,,,,"",https://cdn.shopify.com/s/files/1/1020/9912/4593/files/7188888F-F7C5-4B47-AE5B-6478CE1396D1.jpg?v=1783493537,13,"",,,,,,,,,,,,,,,,,,,,kg,,,
roman-silk-chanderi-anarkali-pant-dupatta-set,,,,,,,,,White,,,2xl,,,,,,0.0,shopify,100,deny,manual,1599.00,,true,false,,,,,"",https://cdn.shopify.com/s/files/1/1020/9912/4593/files/B6761DD3-7750-4FE5-9BCD-30A26CAC8623.jpg?v=1783493537,14,"",,,,,,,,,,,,,,,,,,,,kg,,,
roman-silk-chanderi-anarkali-pant-dupatta-set,,,,,,,,,Pink,,,S,,,,,,0.0,shopify,100,deny,manual,1599.00,,true,false,,,,,"",https://cdn.shopify.com/s/files/1/1020/9912/4593/files/3928505A-7331-4D6E-BD3A-6F9B4D486B50.jpg?v=1783493537,15,"",,,,,,,,,,,,,,,,,,,,kg,,,
roman-silk-chanderi-anarkali-pant-dupatta-set,,,,,,,,,Pink,,,M,,,,,,0.0,shopify,100,deny,manual,1599.00,,true,false,,,,,"",,,,,,,,,,,,,,,,,,,,,,,kg,,,
roman-silk-chanderi-anarkali-pant-dupatta-set,,,,,,,,,Pink,,,L,,,,,,0.0,shopify,100,deny,manual,1599.00,,true,false,,,,,"",,,,,,,,,,,,,,,,,,,,,,,kg,,,
roman-silk-chanderi-anarkali-pant-dupatta-set,,,,,,,,,Pink,,,Xl,,,,,,0.0,shopify,100,deny,manual,1599.00,,true,false,,,,,"",,,,,,,,,,,,,,,,,,,,,,,kg,,,
roman-silk-chanderi-anarkali-pant-dupatta-set,,,,,,,,,Pink,,,2xl,,,,,,0.0,shopify,100,deny,manual,1599.00,,true,false,,,,,"",,,,,,,,,,,,,,,,,,,,,,,kg,,,
roman-silk-chanderi-anarkali-pant-dupatta-set,,,,,,,,,Orange,,,S,,,,,,0.0,shopify,100,deny,manual,1599.00,,true,false,,,,,"",,,,,,,,,,,,,,,,,,,,,,,kg,,,
roman-silk-chanderi-anarkali-pant-dupatta-set,,,,,,,,,Orange,,,M,,,,,,0.0,shopify,100,deny,manual,1599.00,,true,false,,,,,"",,,,,,,,,,,,,,,,,,,,,,,kg,,,
roman-silk-chanderi-anarkali-pant-dupatta-set,,,,,,,,,Orange,,,L,,,,,,0.0,shopify,100,deny,manual,1599.00,,true,false,,,,,"",,,,,,,,,,,,,,,,,,,,,,,kg,,,
roman-silk-chanderi-anarkali-pant-dupatta-set,,,,,,,,,Orange,,,Xl,,,,,,0.0,shopify,100,deny,manual,1599.00,,true,false,,,,,"",,,,,,,,,,,,,,,,,,,,,,,kg,,,
roman-silk-chanderi-anarkali-pant-dupatta-set,,,,,,,,,Orange,,,2xl,,,,,,0.0,shopify,100,deny,manual,1599.00,,true,false,,,,,"",,,,,,,,,,,,,,,,,,,,,,,kg,,,
natural-crepe-top-farshi-pant-dupatta-set,"Natural Crepe Top, Farshi Pant & Dupatta Set","<p><span>TOP DETAILS</span><span><br> </span><span>• Fabric : Heavy Pure Natural Crepe</span><span><br> </span><span>• Sleeves : Full Fancy Sleeves</span><span><br> </span><span>• Inner : Micro Cotton</span><span><br> </span><span>• Length : 32 Inches</span><span><br> </span><span>• Size : M(38), L(40), XL(42), XXL(44) | Fully Stitched Ready To Wear</span></p>
<p><span>FARSHI PANT DETAILS</span><span><br> </span><span>• Fabric : Heavy Pure Natural Crepe</span><span><br> </span><span>• Inner : Heavy Micro Cotton</span><span><br> </span><span>• Length : 40-41 Inches</span><span><br> </span><span>• Size : Fully Stitched</span></p>
<p><span>DUPATTA DETAILS</span><span><br> </span><span>• Fabric : Nazmin</span></p>",Anjuclothing ,Apparel & Accessories > Clothing > Traditional & Ceremonial Clothing > Salwar Kameez & Suit Sets,"","",true,Size,M,,,,,,,,,0.0,shopify,100,deny,manual,1450.00,,true,false,,,,,"",https://cdn.shopify.com/s/files/1/1020/9912/4593/files/93990C5B-6F01-4B0D-8A21-76C99691F1BC.jpg?v=1783427376,1,"",false,,,,,,,,,,,,,,,,,,,kg,,,active
natural-crepe-top-farshi-pant-dupatta-set,,,,,,,,,L,,,,,,,,,0.0,shopify,100,deny,manual,1450.00,,true,false,,,,,"",https://cdn.shopify.com/s/files/1/1020/9912/4593/files/2ED4F74A-B852-4266-83AE-D5DC6CC77CC5.jpg?v=1783427376,2,"",,,,,,,,,,,,,,,,,,,,kg,,,
natural-crepe-top-farshi-pant-dupatta-set,,,,,,,,,Xl,,,,,,,,,0.0,shopify,100,deny,manual,1450.00,,true,false,,,,,"",https://cdn.shopify.com/s/files/1/1020/9912/4593/files/62826A3E-DEF0-4321-9F1F-50D2F8B66D73.jpg?v=1783427376,3,"",,,,,,,,,,,,,,,,,,,,kg,,,
natural-crepe-top-farshi-pant-dupatta-set,,,,,,,,,2xl,,,,,,,,,0.0,shopify,100,deny,manual,1450.00,,true,false,,,,,"",https://cdn.shopify.com/s/files/1/1020/9912/4593/files/72C155F5-A964-45BF-A41C-7707EC4D74E1.jpg?v=1783427376,4,"",,,,,,,,,,,,,,,,,,,,kg,,,
natural-crepe-top-farshi-pant-dupatta-set,,,,,,,,,,,,,,,,,,,,,,,,,,,,,,,"",https://cdn.shopify.com/s/files/1/1020/9912/4593/files/F184FEFA-3FE0-4AEE-B89B-1125AC5C6CB5.jpg?v=1783427376,5,"",,,,,,,,,,,,,,,,,,,,,,,
natural-crepe-top-farshi-pant-dupatta-set,,,,,,,,,,,,,,,,,,,,,,,,,,,,,,,"",https://cdn.shopify.com/s/files/1/1020/9912/4593/files/FDD25A56-FFE4-47EF-B306-AEB725A7BE3E.jpg?v=1783427376,6,"",,,,,,,,,,,,,,,,,,,,,,,
natural-crepe-top-farshi-pant-dupatta-set,,,,,,,,,,,,,,,,,,,,,,,,,,,,,,,"",https://cdn.shopify.com/s/files/1/1020/9912/4593/files/C01DCA0B-A8A6-43AC-A4C8-B83D5785E411.jpg?v=1783427376,7,"",,,,,,,,,,,,,,,,,,,,,,,
natural-crepe-top-farshi-pant-dupatta-set,,,,,,,,,,,,,,,,,,,,,,,,,,,,,,,"",https://cdn.shopify.com/s/files/1/1020/9912/4593/files/2920FBC8-3C6D-40B6-BD68-AB1ABE075D84.jpg?v=1783427376,8,"",,,,,,,,,,,,,,,,,,,,,,,
cotton-top-farshi-pant-dupatta-set,"Cotton Top, Farshi Pant & Dupatta Set","<p><span>TOP DETAILS</span><span><br> </span><span>• Fabric : Heavy Pure Cambric Cotton</span><span><br> </span><span>• Work : Multi Needle Embroidery Work</span><span><br> </span><span>• Sleeves : Full Fancy Sleeves</span><span><br> </span><span>• Inner : Micro Cotton</span><span><br> </span><span>• Length : 33-34 Inches</span><span><br> </span><span>• Size : M(38), L(40), XL(42), XXL(44) With Margin | Fully Stitched Ready To Wear</span></p>
<p><span>FARSHI PANT DETAILS</span><span><br> </span><span>• Fabric : Heavy Pure Cambric Cotton</span><span><br> </span><span>• Inner : Micro Cotton</span><span><br> </span><span>• Length : 39-40 Inches</span><span><br> </span><span>• Size : Fully Stitched</span></p>
<p><span>DUPATTA DETAILS</span><span><br> </span><span>• Fabric : Heavy Pure Chiffon Cotton</span><span><br> </span><span>• Length : 2.20 Meters</span></p>",Anjuclothing ,Apparel & Accessories > Clothing > Traditional & Ceremonial Clothing > Salwar Kameez & Suit Sets,"","",true,Size,M,,,,,,,,,0.0,shopify,100,deny,manual,1550.00,2500.00,true,false,,,,,"",https://cdn.shopify.com/s/files/1/1020/9912/4593/files/94B98FF1-F379-4AED-8EEE-82CE289FEEEE.png?v=1783419952,1,"",false,,,,,,,,,,,,,,,,,,,kg,,,active
cotton-top-farshi-pant-dupatta-set,,,,,,,,,L,,,,,,,,,0.0,shopify,100,deny,manual,1550.00,2500.00,true,false,,,,,"",https://cdn.shopify.com/s/files/1/1020/9912/4593/files/BB54E192-E550-428A-A6CC-533B91501FB8.jpg?v=1783419952,2,"",,,,,,,,,,,,,,,,,,,,kg,,,
cotton-top-farshi-pant-dupatta-set,,,,,,,,,Xl,,,,,,,,,0.0,shopify,100,deny,manual,1550.00,2500.00,true,false,,,,,"",https://cdn.shopify.com/s/files/1/1020/9912/4593/files/D51AD39F-88CD-4C55-9503-AEB596A91805.jpg?v=1783419952,3,"",,,,,,,,,,,,,,,,,,,,kg,,,
cotton-top-farshi-pant-dupatta-set,,,,,,,,,2xl,,,,,,,,,0.0,shopify,100,deny,manual,1550.00,2500.00,true,false,,,,,"",https://cdn.shopify.com/s/files/1/1020/9912/4593/files/EF7B99DB-F95A-444B-9C94-377337FA8CC6.jpg?v=1783419953,4,"",,,,,,,,,,,,,,,,,,,,kg,,,
cotton-top-farshi-pant-dupatta-set,,,,,,,,,Plus size,,,,,,,,,0.0,shopify,100,deny,manual,1550.00,2500.00,true,false,,,,,"",https://cdn.shopify.com/s/files/1/1020/9912/4593/files/4CB1D63D-04F6-4D28-B44A-C2B8CEDC620A.jpg?v=1783419952,5,"",,,,,,,,,,,,,,,,,,,,kg,,,
crush-gown-pant-dupatta-se,"Crush Gown, Pant & Dupatta Set","<p><span>GOWN DETAILS</span><span><br> </span><span>• Fabric : Doremon Crush</span><span><br> </span><span>• Work : Real Mirror Work With Lace Border</span><span><br> </span><span>• Flair : 7 Meters</span><span><br> </span><span>• Sleeves : Full Churidar Sleeves</span><span><br> </span><span>• Inner : Heavy Micro Cotton</span><span><br> </span><span>• Length : 48-49 Inches</span><span><br> </span><span>• Size : M(38), L(40), XL(42), XXL(44) | Fully Stitched Ready To Wear</span></p>
<p><span>PANT DETAILS</span><span><br> </span><span>• Fabric : Micro Cotton</span><span><br> </span><span>• Length : 39-40 Inches</span></p>
<p><span>DUPATTA DETAILS</span><span><br> </span><span>• Fabric : Butterfly Net</span><span><br> </span><span>• Work : Real Mirror Work Lace Border</span></p>",Anjuclothing ,,"","",true,Colour,Ivory,,Size,M,,,,,,0.0,shopify,10,deny,manual,1650.00,3500.00,true,false,,,,,"",https://cdn.shopify.com/s/files/1/1020/9912/4593/files/291CE77C-7EB5-4373-89CB-91ECA8226F68.jpg?v=1788186326,1,"",false,,,,,,,,,,,,,,,,,,,kg,,,active
crush-gown-pant-dupatta-se,,,,,,,,,Ivory,,,L,,,,,,0.0,shopify,10,deny,manual,1650.00,3500.00,true,false,,,,,"",https://cdn.shopify.com/s/files/1/1020/9912/4593/files/37A9BFA6-D8CC-462C-9BA6-FFA540BB412C.jpg?v=1788186326,2,"",,,,,,,,,,,,,,,,,,,,kg,,,
crush-gown-pant-dupatta-se,,,,,,,,,Ivory,,,Xl,,,,,,0.0,shopify,10,deny,manual,1650.00,3500.00,true,false,,,,,"",https://cdn.shopify.com/s/files/1/1020/9912/4593/files/7CF9224E-9258-4D37-92CD-DD6472BE05DE.jpg?v=1783340796,3,"",,,,,,,,,,,,,,,,,,,,kg,,,
crush-gown-pant-dupatta-se,,,,,,,,,Ivory,,,2xl,,,,,,0.0,shopify,10,deny,manual,1650.00,3500.00,true,false,,,,,"",https://cdn.shopify.com/s/files/1/1020/9912/4593/files/77AF2631-60D9-4E6E-9211-7FD9A4F88352.jpg?v=1783340797,4,"",,,,,,,,,,,,,,,,,,,,kg,,,
crush-gown-pant-dupatta-se,,,,,,,,,Pink,,,M,,,,,,0.0,shopify,10,deny,manual,1650.00,3500.00,true,false,,,,,"",https://cdn.shopify.com/s/files/1/1020/9912/4593/files/B30D7C4F-5760-4A5A-B1CB-BA770D7FEC6E.jpg?v=1788186326,5,"",,,,,,,,,,,,,,,,,,,,kg,,,
crush-gown-pant-dupatta-se,,,,,,,,,Pink,,,L,,,,,,0.0,shopify,10,deny,manual,1650.00,3500.00,true,false,,,,,"",https://cdn.shopify.com/s/files/1/1020/9912/4593/files/BCF28AC6-7D2F-47AE-8B46-388BE23EFC3E.jpg?v=1788186326,6,"",,,,,,,,,,,,,,,,,,,,kg,,,
crush-gown-pant-dupatta-se,,,,,,,,,Pink,,,Xl,,,,,,0.0,shopify,10,deny,manual,1650.00,3500.00,true,false,,,,,"",https://cdn.shopify.com/s/files/1/1020/9912/4593/files/CD54E113-2C5B-4DF2-B17A-2FA7A5DAF77B.jpg?v=1788186326,7,"",,,,,,,,,,,,,,,,,,,,kg,,,
crush-gown-pant-dupatta-se,,,,,,,,,Pink,,,2xl,,,,,,0.0,shopify,10,deny,manual,1650.00,3500.00,true,false,,,,,"",https://cdn.shopify.com/s/files/1/1020/9912/4593/files/35EF9558-5E34-4134-89EB-A4ACA9837BE4.jpg?v=1788186327,8,"",,,,,,,,,,,,,,,,,,,,kg,,,
crush-gown-pant-dupatta-se,,,,,,,,,Teal,,,M,,,,,,0.0,shopify,10,deny,manual,1650.00,3500.00,true,false,,,,,"",https://cdn.shopify.com/s/files/1/1020/9912/4593/files/346D1A77-CA79-44A4-B6EB-E3FA2A902225.jpg?v=1788186326,9,"",,,,,,,,,,,,,,,,,,,,kg,,,
crush-gown-pant-dupatta-se,,,,,,,,,Teal,,,L,,,,,,0.0,shopify,10,deny,manual,1650.00,3500.00,true,false,,,,,"",https://cdn.shopify.com/s/files/1/1020/9912/4593/files/056F7F90-64F3-4FCD-AEE0-BCB174E5499A.jpg?v=1788186327,10,"",,,,,,,,,,,,,,,,,,,,kg,,,
crush-gown-pant-dupatta-se,,,,,,,,,Teal,,,Xl,,,,,,0.0,shopify,10,deny,manual,1650.00,3500.00,true,false,,,,,"",https://cdn.shopify.com/s/files/1/1020/9912/4593/files/0F03A72C-FC69-430B-BFB2-AE3104506250.jpg?v=1788186326,11,"",,,,,,,,,,,,,,,,,,,,kg,,,
crush-gown-pant-dupatta-se,,,,,,,,,Teal,,,2xl,,,,,,0.0,shopify,10,deny,manual,1650.00,3500.00,true,false,,,,,"",https://cdn.shopify.com/s/files/1/1020/9912/4593/files/44F74B4C-4EE4-4968-A952-6779AE5258F5.jpg?v=1788186326,12,"",,,,,,,,,,,,,,,,,,,,kg,,,
crush-gown-pant-dupatta-se,,,,,,,,,Mahroon,,,M,,,,,,0.0,shopify,10,deny,manual,1650.00,3500.00,true,false,,,,,"",https://cdn.shopify.com/s/files/1/1020/9912/4593/files/8A76DD6B-5886-4603-AE7C-C4D067A9A08C.jpg?v=1788186326,13,"",,,,,,,,,,,,,,,,,,,,kg,,,
crush-gown-pant-dupatta-se,,,,,,,,,Mahroon,,,L,,,,,,0.0,shopify,10,deny,manual,1650.00,3500.00,true,false,,,,,"",,,,,,,,,,,,,,,,,,,,,,,kg,,,
crush-gown-pant-dupatta-se,,,,,,,,,Mahroon,,,Xl,,,,,,0.0,shopify,10,deny,manual,1650.00,3500.00,true,false,,,,,"",,,,,,,,,,,,,,,,,,,,,,,kg,,,
crush-gown-pant-dupatta-se,,,,,,,,,Mahroon,,,2xl,,,,,,0.0,shopify,10,deny,manual,1650.00,3500.00,true,false,,,,,"",,,,,,,,,,,,,,,,,,,,,,,kg,,,
crush-gown-pant-dupatta-se,,,,,,,,,Red,,,M,,,,,,0.0,shopify,10,deny,manual,1650.00,3500.00,true,false,,,,,"",,,,,,,,,,,,,,,,,,,,,,,kg,,,
crush-gown-pant-dupatta-se,,,,,,,,,Red,,,L,,,,,,0.0,shopify,10,deny,manual,1650.00,3500.00,true,false,,,,,"",,,,,,,,,,,,,,,,,,,,,,,kg,,,
crush-gown-pant-dupatta-se,,,,,,,,,Red,,,Xl,,,,,,0.0,shopify,10,deny,manual,1650.00,3500.00,true,false,,,,,"",,,,,,,,,,,,,,,,,,,,,,,kg,,,
crush-gown-pant-dupatta-se,,,,,,,,,Red,,,2xl,,,,,,0.0,shopify,10,deny,manual,1650.00,3500.00,true,false,,,,,"",,,,,,,,,,,,,,,,,,,,,,,kg,,,
tebby-silk-digital-print-saree,Tebby Silk Digital Print Saree,"<p><span>SAREE DETAILS</span><span><br> </span><span>• Fabric : Soft Tebby Silk</span><span><br> </span><span>• Work : Digital Print With Embroidery &amp; Mirror Work</span><span><br> </span><span>• Border : Mirror Work Lace Border With Embroidery</span><span><br> </span><span>• Length : 5.5 Meters</span></p>
<p><span>BLOUSE DETAILS</span><span><br> </span><span>• Fabric : Soft Tebby Silk</span><span><br> </span><span>• Work : Digital Print With Sequence &amp; Mirror Embroidery</span><span><br> </span><span>• Size : 0.80 Meter | Unstitched</span></p>",Anjuclothing ,Apparel & Accessories > Clothing > Traditional & Ceremonial Clothing > Saris & Lehengas,"","",true,Color,beige,product.metafields.shopify.color-pattern,Type,unstitched-blouse,product.metafields.shopify.set-items-included,,,,,0.0,shopify,100,deny,manual,1599.00,2500.00,true,false,,,,,"",https://cdn.shopify.com/s/files/1/1020/9912/4593/files/1BCC1585-7308-43F3-95AE-466AF70C5479.png?v=1783221170,1,"",false,,,,,adults,beige; skyblue; red; pink; green; violet,,,silk,,,unstitched-blouse; stitched-blouse,,,,female,,https://cdn.shopify.com/s/files/1/1020/9912/4593/files/1BCC1585-7308-43F3-95AE-466AF70C5479.png?v=1783221170,kg,,,active
tebby-silk-digital-print-saree,,,,,,,,,beige,,,stitched-blouse,,,,,,0.0,shopify,100,deny,manual,1799.00,2500.00,true,false,,,,,"",https://cdn.shopify.com/s/files/1/1020/9912/4593/files/D447C600-8130-4BC0-9E00-E4A61C2310AB.png?v=1783221170,2,"",,,,,,,,,,,,,,,,,,,https://cdn.shopify.com/s/files/1/1020/9912/4593/files/1BCC1585-7308-43F3-95AE-466AF70C5479.png?v=1783221170,kg,,,
tebby-silk-digital-print-saree,,,,,,,,,skyblue,,,unstitched-blouse,,,,,,0.0,shopify,100,deny,manual,1599.00,2500.00,true,false,,,,,"",https://cdn.shopify.com/s/files/1/1020/9912/4593/files/E1C99C06-85E8-4867-8B17-411602BD2EFC.jpg?v=1783221170,3,"",,,,,,,,,,,,,,,,,,,https://cdn.shopify.com/s/files/1/1020/9912/4593/files/D447C600-8130-4BC0-9E00-E4A61C2310AB.png?v=1783221170,kg,,,
tebby-silk-digital-print-saree,,,,,,,,,skyblue,,,stitched-blouse,,,,,,0.0,shopify,100,deny,manual,1799.00,2500.00,true,false,,,,,"",https://cdn.shopify.com/s/files/1/1020/9912/4593/files/1E9D03AC-4FFD-4EAE-A32C-082A54D384B9.jpg?v=1783221170,4,"",,,,,,,,,,,,,,,,,,,https://cdn.shopify.com/s/files/1/1020/9912/4593/files/D447C600-8130-4BC0-9E00-E4A61C2310AB.png?v=1783221170,kg,,,
tebby-silk-digital-print-saree,,,,,,,,,red,,,unstitched-blouse,,,,,,0.0,shopify,100,deny,manual,1599.00,2500.00,true,false,,,,,"",https://cdn.shopify.com/s/files/1/1020/9912/4593/files/2BA3EB95-FB05-4952-B35A-DA6C34CCD33C.jpg?v=1783221170,5,"",,,,,,,,,,,,,,,,,,,https://cdn.shopify.com/s/files/1/1020/9912/4593/files/E1C99C06-85E8-4867-8B17-411602BD2EFC.jpg?v=1783221170,kg,,,
tebby-silk-digital-print-saree,,,,,,,,,red,,,stitched-blouse,,,,,,0.0,shopify,100,deny,manual,1799.00,2500.00,true,false,,,,,"",https://cdn.shopify.com/s/files/1/1020/9912/4593/files/0A66AD22-CF1D-467E-B463-03D1F1255E27.jpg?v=1783221170,6,"",,,,,,,,,,,,,,,,,,,https://cdn.shopify.com/s/files/1/1020/9912/4593/files/E1C99C06-85E8-4867-8B17-411602BD2EFC.jpg?v=1783221170,kg,,,
tebby-silk-digital-print-saree,,,,,,,,,pink,,,unstitched-blouse,,,,,,0.0,shopify,100,deny,manual,1599.00,2500.00,true,false,,,,,"",https://cdn.shopify.com/s/files/1/1020/9912/4593/files/5016F154-18EB-4A10-89CC-45A4D8F1318A.jpg?v=1783221170,7,"",,,,,,,,,,,,,,,,,,,https://cdn.shopify.com/s/files/1/1020/9912/4593/files/1E9D03AC-4FFD-4EAE-A32C-082A54D384B9.jpg?v=1783221170,kg,,,
tebby-silk-digital-print-saree,,,,,,,,,pink,,,stitched-blouse,,,,,,0.0,shopify,100,deny,manual,1799.00,2500.00,true,false,,,,,"",https://cdn.shopify.com/s/files/1/1020/9912/4593/files/3163329C-845C-4EAC-8F8D-CA5F52624963.jpg?v=1783221170,8,"",,,,,,,,,,,,,,,,,,,https://cdn.shopify.com/s/files/1/1020/9912/4593/files/1E9D03AC-4FFD-4EAE-A32C-082A54D384B9.jpg?v=1783221170,kg,,,
tebby-silk-digital-print-saree,,,,,,,,,green,,,unstitched-blouse,,,,,,0.0,shopify,100,deny,manual,1599.00,2500.00,true,false,,,,,"",https://cdn.shopify.com/s/files/1/1020/9912/4593/files/63564B7C-C86F-4F1E-8B52-E6386111E053.jpg?v=1783221170,9,"",,,,,,,,,,,,,,,,,,,https://cdn.shopify.com/s/files/1/1020/9912/4593/files/2BA3EB95-FB05-4952-B35A-DA6C34CCD33C.jpg?v=1783221170,kg,,,
tebby-silk-digital-print-saree,,,,,,,,,green,,,stitched-blouse,,,,,,0.0,shopify,100,deny,manual,1799.00,2500.00,true,false,,,,,"",https://cdn.shopify.com/s/files/1/1020/9912/4593/files/D969A8A1-D57E-405A-8235-00F1C334DBC1.jpg?v=1783221170,10,"",,,,,,,,,,,,,,,,,,,https://cdn.shopify.com/s/files/1/1020/9912/4593/files/2BA3EB95-FB05-4952-B35A-DA6C34CCD33C.jpg?v=1783221170,kg,,,
tebby-silk-digital-print-saree,,,,,,,,,violet,,,unstitched-blouse,,,,,,0.0,shopify,100,deny,manual,1599.00,2500.00,true,false,,,,,"",https://cdn.shopify.com/s/files/1/1020/9912/4593/files/D7563202-15A4-4C6B-A53C-BE9BDF45EE3C.jpg?v=1783221170,11,"",,,,,,,,,,,,,,,,,,,https://cdn.shopify.com/s/files/1/1020/9912/4593/files/0A66AD22-CF1D-467E-B463-03D1F1255E27.jpg?v=1783221170,kg,,,
tebby-silk-digital-print-saree,,,,,,,,,violet,,,stitched-blouse,,,,,,0.0,shopify,100,deny,manual,1799.00,2500.00,true,false,,,,,"",https://cdn.shopify.com/s/files/1/1020/9912/4593/files/9618F300-4EA0-481D-BFA5-816F35922AFD.jpg?v=1783221170,12,"",,,,,,,,,,,,,,,,,,,https://cdn.shopify.com/s/files/1/1020/9912/4593/files/0A66AD22-CF1D-467E-B463-03D1F1255E27.jpg?v=1783221170,kg,,,
tebby-silk-digital-print-saree,,,,,,,,,,,,,,,,,,,,,,,,,,,,,,,"",https://cdn.shopify.com/s/files/1/1020/9912/4593/files/F945CB2B-68FF-41A7-A562-04FDA608FAF0.jpg?v=1783221170,13,"",,,,,,,,,,,,,,,,,,,,,,,
tebby-silk-digital-print-saree,,,,,,,,,,,,,,,,,,,,,,,,,,,,,,,"",https://cdn.shopify.com/s/files/1/1020/9912/4593/files/6B49F07F-2D56-42F2-BE54-0BAA9C018FAA.jpg?v=1783221170,14,"",,,,,,,,,,,,,,,,,,,,,,,
glass-roman-silk-top-farshi-salwar-dupatta-set,"Glass Roman Silk Top, Farshi Salwar & Dupatta Set","<p><span>TOP DETAILS</span><span><br> </span><span>• Fabric : Glass Roman Silk</span><span><br> </span><span>• Work : Embroidery Sequence, Dori &amp; Jari Work With Beautiful Front Yoke Pattern</span><span><br> </span><span>• Size : XS(34), S(36), M(38), L(40), XL(42), XXL(44) | Fully Stitched Ready To Wear</span></p>
<p><span>FARSHI SALWAR DETAILS</span><span><br> </span><span>• Fabric : Glass Roman Silk</span><span><br> </span><span>• Size : Free Size | Fully Stitched</span></p>
<p><span>DUPATTA DETAILS</span><span><br> </span><span>• Fabric : Glass Roman Silk</span><span><br> </span><span>• Work : Embroidery Sequence, Dori &amp; Jari Work With Fancy Lace Border</span><span><br> </span><span>• Style : Shawl Style Dupatta</span><span><br> </span><span>• Length : 2.2 Meters</span></p>",Anjuclothing ,Apparel & Accessories > Clothing > Traditional & Ceremonial Clothing,"","",true,Size,xs,product.metafields.shopify.size,,,,,,,,0.0,shopify,100,deny,manual,1550.00,,true,false,,,,,"",https://cdn.shopify.com/s/files/1/1020/9912/4593/files/D8354BC3-5B87-42F6-ABA3-72D69DC34353.jpg?v=1783172552,1,"",false,,,,,adults,red; orange; floral,,,silk,round,,,xs; s; m; l; xl; 2xl,,3-4,female,,,kg,,,active
glass-roman-silk-top-farshi-salwar-dupatta-set,,,,,,,,,s,,,,,,,,,0.0,shopify,100,deny,manual,1550.00,,true,false,,,,,"",https://cdn.shopify.com/s/files/1/1020/9912/4593/files/418A4507-1DFF-4561-A94B-855550A1C60F.jpg?v=1783172571,2,"",,,,,,,,,,,,,,,,,,,,kg,,,
glass-roman-silk-top-farshi-salwar-dupatta-set,,,,,,,,,m,,,,,,,,,0.0,shopify,100,deny,manual,1550.00,,true,false,,,,,"",https://cdn.shopify.com/s/files/1/1020/9912/4593/files/F24616AA-89EF-4A54-8887-61CD234C6098.jpg?v=1783172535,3,"",,,,,,,,,,,,,,,,,,,,kg,,,
glass-roman-silk-top-farshi-salwar-dupatta-set,,,,,,,,,l,,,,,,,,,0.0,shopify,100,deny,manual,1550.00,,true,false,,,,,"",https://cdn.shopify.com/s/files/1/1020/9912/4593/files/C15D8667-8405-4BD1-910D-61F8564320CD.jpg?v=1783172535,4,"",,,,,,,,,,,,,,,,,,,,kg,,,
glass-roman-silk-top-farshi-salwar-dupatta-set,,,,,,,,,xl,,,,,,,,,0.0,shopify,100,deny,manual,1550.00,,true,false,,,,,"",https://cdn.shopify.com/s/files/1/1020/9912/4593/files/E531A024-FD6A-4AAE-915B-38389111D198.jpg?v=1783172535,5,"",,,,,,,,,,,,,,,,,,,,kg,,,
glass-roman-silk-top-farshi-salwar-dupatta-set,,,,,,,,,2xl,,,,,,,,,0.0,shopify,100,deny,manual,1550.00,,true,false,,,,,"",https://cdn.shopify.com/s/files/1/1020/9912/4593/files/327D85A7-D33F-4546-9308-DBEB9AF7EBA6.jpg?v=1783172535,6,"",,,,,,,,,,,,,,,,,,,,kg,,,
glass-roman-silk-top-farshi-salwar-dupatta-set,,,,,,,,,,,,,,,,,,,,,,,,,,,,,,,"",https://cdn.shopify.com/s/files/1/1020/9912/4593/files/2F965D56-B846-4666-9556-0F10FB5A0593.jpg?v=1783172535,7,"",,,,,,,,,,,,,,,,,,,,,,,
jimmy-organza-silk-anarkali-dupatta-set,Jimmy Organza Silk Anarkali & Dupatta Set,"<p><span>ANARKALI DETAILS</span><span><br> </span><span>• Fabric : Pure Jimmy Organza Silk</span><span><br> </span><span>• Work : Digital Print</span><span><br> </span><span>• Length : 54+ Inches</span><span><br> </span><span>• Flair : 8 Meters</span><span><br> </span><span>• Size : XS(34), S(36), M(38), L(40), XL(42) With Margin Up To XXL(44) | Fully Stitched Ready To Wear</span><span><br> </span><span>• Style : Padded Anarkali Gown</span></p>
<p><span>DUPATTA DETAILS</span><span><br> </span><span>• Fabric : Georgette</span><span><br> </span><span>• Work : Designer Lace Border</span><span><br> </span><span>• Length : 2 Meters</span></p>
<p><span>BOTTOM DETAILS</span><span><br> </span><span>• Bottom : Not Included</span></p>",Anjuclothing ,,"","",true,Colour,Yellow,,Size,Xs,,,,,,0.0,shopify,100,deny,manual,1630.00,2500.00,true,false,,,,,"",https://cdn.shopify.com/s/files/1/1020/9912/4593/files/AE3BFBD2-0228-4641-ABC6-859607724C23.jpg?v=1783171364,1,"",false,,,,,,,,,,,,,,,,,,https://cdn.shopify.com/s/files/1/1020/9912/4593/files/AE3BFBD2-0228-4641-ABC6-859607724C23.jpg?v=1783171364,kg,,,active
jimmy-organza-silk-anarkali-dupatta-set,,,,,,,,,Black,,,Xs,,,,,,0.0,shopify,100,deny,manual,1630.00,2500.00,true,false,,,,,"",https://cdn.shopify.com/s/files/1/1020/9912/4593/files/41DBE3C1-BF50-4091-A9D0-3FF4DADA5150.jpg?v=1783171364,2,"",,,,,,,,,,,,,,,,,,,https://cdn.shopify.com/s/files/1/1020/9912/4593/files/41DBE3C1-BF50-4091-A9D0-3FF4DADA5150.jpg?v=1783171364,kg,,,
jimmy-organza-silk-anarkali-dupatta-set,,,,,,,,,Skyblue,,,Xs,,,,,,0.0,shopify,100,deny,manual,1630.00,2500.00,true,false,,,,,"",https://cdn.shopify.com/s/files/1/1020/9912/4593/files/A3BEAE48-41B8-47FA-89AC-E58CC6F292B1.jpg?v=1783171364,3,"",,,,,,,,,,,,,,,,,,,https://cdn.shopify.com/s/files/1/1020/9912/4593/files/A3BEAE48-41B8-47FA-89AC-E58CC6F292B1.jpg?v=1783171364,kg,,,
jimmy-organza-silk-anarkali-dupatta-set,,,,,,,,,Pink,,,Xs,,,,,,0.0,shopify,100,deny,manual,1630.00,2500.00,true,false,,,,,"",https://cdn.shopify.com/s/files/1/1020/9912/4593/files/FE833293-7540-4F95-87E3-C9D74A49DE83.jpg?v=1783171364,4,"",,,,,,,,,,,,,,,,,,,https://cdn.shopify.com/s/files/1/1020/9912/4593/files/FE833293-7540-4F95-87E3-C9D74A49DE83.jpg?v=1783171364,kg,,,
jimmy-organza-silk-anarkali-dupatta-set,,,,,,,,,Green,,,Xs,,,,,,0.0,shopify,100,deny,manual,1630.00,2500.00,true,false,,,,,"",https://cdn.shopify.com/s/files/1/1020/9912/4593/files/711A4BE5-3883-4327-8CB2-AE95470D9C53.jpg?v=1783171364,5,"",,,,,,,,,,,,,,,,,,,https://cdn.shopify.com/s/files/1/1020/9912/4593/files/711A4BE5-3883-4327-8CB2-AE95470D9C53.jpg?v=1783171364,kg,,,
jimmy-organza-silk-anarkali-dupatta-set,,,,,,,,,Blue,,,Xs,,,,,,0.0,shopify,100,deny,manual,1630.00,2500.00,true,false,,,,,"",https://cdn.shopify.com/s/files/1/1020/9912/4593/files/B9AB144B-F7CF-47D3-A3F7-904F2ADDAC74.jpg?v=1783171363,6,"",,,,,,,,,,,,,,,,,,,https://cdn.shopify.com/s/files/1/1020/9912/4593/files/B9AB144B-F7CF-47D3-A3F7-904F2ADDAC74.jpg?v=1783171363,kg,,,
jimmy-organza-silk-anarkali-dupatta-set,,,,,,,,,Yellow,,,S,,,,,,0.0,shopify,100,deny,manual,1630.00,2500.00,true,false,,,,,"",https://cdn.shopify.com/s/files/1/1020/9912/4593/files/AC8E2AFF-A6CC-4D28-AB56-E47321A02158.jpg?v=1783171363,7,"",,,,,,,,,,,,,,,,,,,https://cdn.shopify.com/s/files/1/1020/9912/4593/files/AE3BFBD2-0228-4641-ABC6-859607724C23.jpg?v=1783171364,kg,,,
jimmy-organza-silk-anarkali-dupatta-set,,,,,,,,,Yellow,,,M,,,,,,0.0,shopify,100,deny,manual,1630.00,2500.00,true,false,,,,,"",https://cdn.shopify.com/s/files/1/1020/9912/4593/files/379AD7EA-95F5-4B5A-A9AD-B1E0CB00676B.jpg?v=1783171363,8,"",,,,,,,,,,,,,,,,,,,https://cdn.shopify.com/s/files/1/1020/9912/4593/files/AE3BFBD2-0228-4641-ABC6-859607724C23.jpg?v=1783171364,kg,,,
jimmy-organza-silk-anarkali-dupatta-set,,,,,,,,,Yellow,,,L,,,,,,0.0,shopify,100,deny,manual,1630.00,2500.00,true,false,,,,,"",https://cdn.shopify.com/s/files/1/1020/9912/4593/files/F60D3E52-F661-40DD-894A-4C1BDCF40B30.jpg?v=1783171364,9,"",,,,,,,,,,,,,,,,,,,https://cdn.shopify.com/s/files/1/1020/9912/4593/files/AE3BFBD2-0228-4641-ABC6-859607724C23.jpg?v=1783171364,kg,,,
jimmy-organza-silk-anarkali-dupatta-set,,,,,,,,,Yellow,,,Xl,,,,,,0.0,shopify,100,deny,manual,1630.00,2500.00,true,false,,,,,"",https://cdn.shopify.com/s/files/1/1020/9912/4593/files/83108F0C-C481-4A90-A3E1-489B96AF1E8A.jpg?v=1783171364,10,"",,,,,,,,,,,,,,,,,,,https://cdn.shopify.com/s/files/1/1020/9912/4593/files/AE3BFBD2-0228-4641-ABC6-859607724C23.jpg?v=1783171364,kg,,,
jimmy-organza-silk-anarkali-dupatta-set,,,,,,,,,Black,,,S,,,,,,0.0,shopify,100,deny,manual,1630.00,2500.00,true,false,,,,,"",https://cdn.shopify.com/s/files/1/1020/9912/4593/files/CDD6E38A-597D-4838-9FF8-6B89122FCEAB.jpg?v=1783171364,11,"",,,,,,,,,,,,,,,,,,,https://cdn.shopify.com/s/files/1/1020/9912/4593/files/41DBE3C1-BF50-4091-A9D0-3FF4DADA5150.jpg?v=1783171364,kg,,,
jimmy-organza-silk-anarkali-dupatta-set,,,,,,,,,Black,,,M,,,,,,0.0,shopify,100,deny,manual,1630.00,2500.00,true,false,,,,,"",https://cdn.shopify.com/s/files/1/1020/9912/4593/files/5A9348A2-B384-4C9D-AD2C-163521B1A81A.jpg?v=1783171364,12,"",,,,,,,,,,,,,,,,,,,https://cdn.shopify.com/s/files/1/1020/9912/4593/files/41DBE3C1-BF50-4091-A9D0-3FF4DADA5150.jpg?v=1783171364,kg,,,
jimmy-organza-silk-anarkali-dupatta-set,,,,,,,,,Black,,,L,,,,,,0.0,shopify,100,deny,manual,1630.00,2500.00,true,false,,,,,"",https://cdn.shopify.com/s/files/1/1020/9912/4593/files/4C473D3D-9B1C-4366-93D7-55577DA79C2B.jpg?v=1783171364,13,"",,,,,,,,,,,,,,,,,,,https://cdn.shopify.com/s/files/1/1020/9912/4593/files/41DBE3C1-BF50-4091-A9D0-3FF4DADA5150.jpg?v=1783171364,kg,,,
jimmy-organza-silk-anarkali-dupatta-set,,,,,,,,,Black,,,Xl,,,,,,0.0,shopify,100,deny,manual,1630.00,2500.00,true,false,,,,,"",https://cdn.shopify.com/s/files/1/1020/9912/4593/files/1DA2D5E3-F866-4E35-B77E-16B7763F1981.jpg?v=1783171364,14,"",,,,,,,,,,,,,,,,,,,https://cdn.shopify.com/s/files/1/1020/9912/4593/files/41DBE3C1-BF50-4091-A9D0-3FF4DADA5150.jpg?v=1783171364,kg,,,
jimmy-organza-silk-anarkali-dupatta-set,,,,,,,,,Skyblue,,,S,,,,,,0.0,shopify,100,deny,manual,1630.00,2500.00,true,false,,,,,"",https://cdn.shopify.com/s/files/1/1020/9912/4593/files/CF352AC0-BCCB-467F-87B4-6F7767697B02.jpg?v=1783171364,15,"",,,,,,,,,,,,,,,,,,,https://cdn.shopify.com/s/files/1/1020/9912/4593/files/A3BEAE48-41B8-47FA-89AC-E58CC6F292B1.jpg?v=1783171364,kg,,,
jimmy-organza-silk-anarkali-dupatta-set,,,,,,,,,Skyblue,,,M,,,,,,0.0,shopify,100,deny,manual,1630.00,2500.00,true,false,,,,,"",https://cdn.shopify.com/s/files/1/1020/9912/4593/files/DC83B5DA-888F-4FD0-A663-B9A26EFA89B2.jpg?v=1783171363,16,"",,,,,,,,,,,,,,,,,,,https://cdn.shopify.com/s/files/1/1020/9912/4593/files/A3BEAE48-41B8-47FA-89AC-E58CC6F292B1.jpg?v=1783171364,kg,,,
jimmy-organza-silk-anarkali-dupatta-set,,,,,,,,,Skyblue,,,L,,,,,,0.0,shopify,100,deny,manual,1630.00,2500.00,true,false,,,,,"",https://cdn.shopify.com/s/files/1/1020/9912/4593/files/CB0F9771-49EE-42FC-A724-F3044F0895A7.jpg?v=1783171363,17,"",,,,,,,,,,,,,,,,,,,https://cdn.shopify.com/s/files/1/1020/9912/4593/files/A3BEAE48-41B8-47FA-89AC-E58CC6F292B1.jpg?v=1783171364,kg,,,
jimmy-organza-silk-anarkali-dupatta-set,,,,,,,,,Skyblue,,,Xl,,,,,,0.0,shopify,100,deny,manual,1630.00,2500.00,true,false,,,,,"",https://cdn.shopify.com/s/files/1/1020/9912/4593/files/936EF786-7CD5-4A4B-8014-10B092D0D5E9.jpg?v=1783171363,18,"",,,,,,,,,,,,,,,,,,,https://cdn.shopify.com/s/files/1/1020/9912/4593/files/A3BEAE48-41B8-47FA-89AC-E58CC6F292B1.jpg?v=1783171364,kg,,,
jimmy-organza-silk-anarkali-dupatta-set,,,,,,,,,Pink,,,S,,,,,,0.0,shopify,100,deny,manual,1630.00,2500.00,true,false,,,,,"",,,,,,,,,,,,,,,,,,,,,,https://cdn.shopify.com/s/files/1/1020/9912/4593/files/FE833293-7540-4F95-87E3-C9D74A49DE83.jpg?v=1783171364,kg,,,
jimmy-organza-silk-anarkali-dupatta-set,,,,,,,,,Pink,,,M,,,,,,0.0,shopify,100,deny,manual,1630.00,2500.00,true,false,,,,,"",,,,,,,,,,,,,,,,,,,,,,https://cdn.shopify.com/s/files/1/1020/9912/4593/files/FE833293-7540-4F95-87E3-C9D74A49DE83.jpg?v=1783171364,kg,,,
jimmy-organza-silk-anarkali-dupatta-set,,,,,,,,,Pink,,,L,,,,,,0.0,shopify,100,deny,manual,1630.00,2500.00,true,false,,,,,"",,,,,,,,,,,,,,,,,,,,,,https://cdn.shopify.com/s/files/1/1020/9912/4593/files/FE833293-7540-4F95-87E3-C9D74A49DE83.jpg?v=1783171364,kg,,,
jimmy-organza-silk-anarkali-dupatta-set,,,,,,,,,Pink,,,Xl,,,,,,0.0,shopify,100,deny,manual,1630.00,2500.00,true,false,,,,,"",,,,,,,,,,,,,,,,,,,,,,https://cdn.shopify.com/s/files/1/1020/9912/4593/files/FE833293-7540-4F95-87E3-C9D74A49DE83.jpg?v=1783171364,kg,,,
jimmy-organza-silk-anarkali-dupatta-set,,,,,,,,,Green,,,S,,,,,,0.0,shopify,100,deny,manual,1630.00,2500.00,true,false,,,,,"",,,,,,,,,,,,,,,,,,,,,,https://cdn.shopify.com/s/files/1/1020/9912/4593/files/711A4BE5-3883-4327-8CB2-AE95470D9C53.jpg?v=1783171364,kg,,,
jimmy-organza-silk-anarkali-dupatta-set,,,,,,,,,Green,,,M,,,,,,0.0,shopify,100,deny,manual,1630.00,2500.00,true,false,,,,,"",,,,,,,,,,,,,,,,,,,,,,https://cdn.shopify.com/s/files/1/1020/9912/4593/files/711A4BE5-3883-4327-8CB2-AE95470D9C53.jpg?v=1783171364,kg,,,
jimmy-organza-silk-anarkali-dupatta-set,,,,,,,,,Green,,,L,,,,,,0.0,shopify,100,deny,manual,1630.00,2500.00,true,false,,,,,"",,,,,,,,,,,,,,,,,,,,,,https://cdn.shopify.com/s/files/1/1020/9912/4593/files/711A4BE5-3883-4327-8CB2-AE95470D9C53.jpg?v=1783171364,kg,,,
jimmy-organza-silk-anarkali-dupatta-set,,,,,,,,,Green,,,Xl,,,,,,0.0,shopify,100,deny,manual,1630.00,2500.00,true,false,,,,,"",,,,,,,,,,,,,,,,,,,,,,https://cdn.shopify.com/s/files/1/1020/9912/4593/files/711A4BE5-3883-4327-8CB2-AE95470D9C53.jpg?v=1783171364,kg,,,
jimmy-organza-silk-anarkali-dupatta-set,,,,,,,,,Blue,,,S,,,,,,0.0,shopify,100,deny,manual,1630.00,2500.00,true,false,,,,,"",,,,,,,,,,,,,,,,,,,,,,https://cdn.shopify.com/s/files/1/1020/9912/4593/files/B9AB144B-F7CF-47D3-A3F7-904F2ADDAC74.jpg?v=1783171363,kg,,,
jimmy-organza-silk-anarkali-dupatta-set,,,,,,,,,Blue,,,M,,,,,,0.0,shopify,100,deny,manual,1630.00,2500.00,true,false,,,,,"",,,,,,,,,,,,,,,,,,,,,,https://cdn.shopify.com/s/files/1/1020/9912/4593/files/B9AB144B-F7CF-47D3-A3F7-904F2ADDAC74.jpg?v=1783171363,kg,,,
jimmy-organza-silk-anarkali-dupatta-set,,,,,,,,,Blue,,,L,,,,,,0.0,shopify,100,deny,manual,1630.00,2500.00,true,false,,,,,"",,,,,,,,,,,,,,,,,,,,,,https://cdn.shopify.com/s/files/1/1020/9912/4593/files/B9AB144B-F7CF-47D3-A3F7-904F2ADDAC74.jpg?v=1783171363,kg,,,
jimmy-organza-silk-anarkali-dupatta-set,,,,,,,,,Blue,,,Xl,,,,,,0.0,shopify,100,deny,manual,1630.00,2500.00,true,false,,,,,"",,,,,,,,,,,,,,,,,,,,,,https://cdn.shopify.com/s/files/1/1020/9912/4593/files/B9AB144B-F7CF-47D3-A3F7-904F2ADDAC74.jpg?v=1783171363,kg,,,
chinon-silk-anarkali-pant-dupatta-set,"Chinon Silk Anarkali, Pant & Dupatta Set","<p><span>ANARKALI DETAILS</span><span><br> </span><span>• Fabric : Chinon Silk</span><span><br> </span><span>• Length : 47+ Inches</span><span><br> </span><span>• Size : XS(34), S(36), M(38), L(40) | Fully Stitched Ready To Wear</span></p>
<p><span>PANT DETAILS</span><span><br> </span><span>• Fabric : Butter Cotton</span><span><br> </span><span>• Size : Fully Stitched</span></p>
<p><span>DUPATTA DETAILS</span><span><br> </span><span>• Fabric : Chinon Silk</span><span><br> </span><span>• Work : Lace Border</span><span><br> </span><span>• Length : 2 Meters</span></p>",Anjuclothing ,Apparel & Accessories > Clothing > Traditional & Ceremonial Clothing,"","",true,Color,orange,product.metafields.shopify.color-pattern,Size,xs,product.metafields.shopify.size,,,,,0.0,shopify,100,deny,manual,1550.00,2500.00,true,false,,,,,"",https://cdn.shopify.com/s/files/1/1020/9912/4593/files/3CF93790-9316-43C7-8436-B91421DC4814.png?v=1783089736,1,"",false,,,,,adults,orange; red; purple,,,silk; cotton,round,,,xs; s; m; l,,long,female,,,kg,,,active
chinon-silk-anarkali-pant-dupatta-set,,,,,,,,,red,,,xs,,,,,,0.0,shopify,100,deny,manual,1550.00,2500.00,true,false,,,,,"",https://cdn.shopify.com/s/files/1/1020/9912/4593/files/DA698D77-F606-4741-B025-4436511F61A3.jpg?v=1783089735,2,"",,,,,,,,,,,,,,,,,,,,kg,,,
chinon-silk-anarkali-pant-dupatta-set,,,,,,,,,purple,,,xs,,,,,,0.0,shopify,100,deny,manual,1550.00,2500.00,true,false,,,,,"",https://cdn.shopify.com/s/files/1/1020/9912/4593/files/101CA725-9D1E-4FA5-8F89-80E8855CE76D.jpg?v=1783089735,3,"",,,,,,,,,,,,,,,,,,,,kg,,,
chinon-silk-anarkali-pant-dupatta-set,,,,,,,,,orange,,,s,,,,,,0.0,shopify,100,deny,manual,1550.00,2500.00,true,false,,,,,"",https://cdn.shopify.com/s/files/1/1020/9912/4593/files/EF08129D-EF5E-4D61-BE9C-DAF93B44698E.jpg?v=1783089735,4,"",,,,,,,,,,,,,,,,,,,,kg,,,
chinon-silk-anarkali-pant-dupatta-set,,,,,,,,,orange,,,m,,,,,,0.0,shopify,100,deny,manual,1550.00,2500.00,true,false,,,,,"",https://cdn.shopify.com/s/files/1/1020/9912/4593/files/59E1C038-0249-4AC6-A743-7B2B35F345D1.jpg?v=1783089735,5,"",,,,,,,,,,,,,,,,,,,,kg,,,
chinon-silk-anarkali-pant-dupatta-set,,,,,,,,,orange,,,l,,,,,,0.0,shopify,99,deny,manual,1550.00,2500.00,true,false,,,,,"",https://cdn.shopify.com/s/files/1/1020/9912/4593/files/2B62FB13-6422-4C72-BC6C-C4062183E614.jpg?v=1783089735,6,"",,,,,,,,,,,,,,,,,,,,kg,,,
chinon-silk-anarkali-pant-dupatta-set,,,,,,,,,red,,,s,,,,,,0.0,shopify,100,deny,manual,1550.00,2500.00,true,false,,,,,"",https://cdn.shopify.com/s/files/1/1020/9912/4593/files/D87928E2-A4F5-4372-98C4-9275CA5F6327.jpg?v=1783089735,7,"",,,,,,,,,,,,,,,,,,,,kg,,,
chinon-silk-anarkali-pant-dupatta-set,,,,,,,,,red,,,m,,,,,,0.0,shopify,100,deny,manual,1550.00,2500.00,true,false,,,,,"",https://cdn.shopify.com/s/files/1/1020/9912/4593/files/CCA0B0A9-44D3-4FCF-8B80-EB6AD98E31C6.jpg?v=1783089736,8,"",,,,,,,,,,,,,,,,,,,,kg,,,
chinon-silk-anarkali-pant-dupatta-set,,,,,,,,,red,,,l,,,,,,0.0,shopify,100,deny,manual,1550.00,2500.00,true,false,,,,,"",,,,,,,,,,,,,,,,,,,,,,,kg,,,
chinon-silk-anarkali-pant-dupatta-set,,,,,,,,,purple,,,s,,,,,,0.0,shopify,100,deny,manual,1550.00,2500.00,true,false,,,,,"",,,,,,,,,,,,,,,,,,,,,,,kg,,,
chinon-silk-anarkali-pant-dupatta-set,,,,,,,,,purple,,,m,,,,,,0.0,shopify,100,deny,manual,1550.00,2500.00,true,false,,,,,"",,,,,,,,,,,,,,,,,,,,,,,kg,,,
chinon-silk-anarkali-pant-dupatta-set,,,,,,,,,purple,,,l,,,,,,0.0,shopify,100,deny,manual,1550.00,2500.00,true,false,,,,,"",,,,,,,,,,,,,,,,,,,,,,,kg,,,
cambric-cotton-top-farshi-pant-dupatta-set,"Cambric Cotton Top, Farshi Pant & Dupatta Set","<p><span>TOP DETAILS</span><span><br> </span><span>• Fabric : Heavy Pure Cambric Cotton</span><span><br> </span><span>• Inner : Micro Cotton</span><span><br> </span><span>• Sleeves : Full Sleeves</span><span><br> </span><span>• Length : 34-35 Inches</span><span><br> </span><span>• Size : M(38), L(40), XL(42), XXL(44) With Margin | Fully Stitched Ready To Wear</span></p>
<p><span>FARSHI PANT DETAILS</span><span><br> </span><span>• Fabric : Heavy Pure Cambric Cotton</span><span><br> </span><span>• Inner : Micro Cotton</span><span><br> </span><span>• Length : 39-40 Inches</span><span><br> </span><span>• Size : Fully Stitched</span></p>
<p><span>DUPATTA DETAILS</span><span><br> </span><span>• Fabric : Heavy Pure Chiffon Cotton</span><span><br> </span><span>• Length : 2.20 Meters</span></p>",Anjuclothing ,Apparel & Accessories > Clothing > Outfit Sets,"","",true,Size,m,product.metafields.shopify.size,,,,,,,,0.0,shopify,97,deny,manual,1550.00,,true,false,,,,,"",https://cdn.shopify.com/s/files/1/1020/9912/4593/files/FC5654F3-C248-4812-BACD-D998A98CC9E7.jpg?v=1782839641,1,"",false,,,,,adults,floral; white,,,cotton,round,long,,m; l; xl; 2xl,,long,female,long,,kg,,,active
cambric-cotton-top-farshi-pant-dupatta-set,,,,,,,,,l,,,,,,,,,0.0,shopify,100,deny,manual,1550.00,,true,false,,,,,"",https://cdn.shopify.com/s/files/1/1020/9912/4593/files/ACE0F6A0-D6EA-4E88-8290-2040455F6052.jpg?v=1782839623,2,"",,,,,,,,,,,,,,,,,,,,kg,,,
cambric-cotton-top-farshi-pant-dupatta-set,,,,,,,,,xl,,,,,,,,,0.0,shopify,100,deny,manual,1550.00,,true,false,,,,,"",https://cdn.shopify.com/s/files/1/1020/9912/4593/files/D52C5FAD-1B9F-4E69-AACE-564BF6CAB8F9.jpg?v=1782839658,3,"",,,,,,,,,,,,,,,,,,,,kg,,,
cambric-cotton-top-farshi-pant-dupatta-set,,,,,,,,,2xl,,,,,,,,,0.0,shopify,100,deny,manual,1550.00,,true,false,,,,,"",https://cdn.shopify.com/s/files/1/1020/9912/4593/files/309F3B1F-254F-4762-859D-9DDA04920499.jpg?v=1782839624,4,"",,,,,,,,,,,,,,,,,,,,kg,,,
cambric-cotton-top-farshi-pant-dupatta-set,,,,,,,,,,,,,,,,,,,,,,,,,,,,,,,"",https://cdn.shopify.com/s/files/1/1020/9912/4593/files/21CF9B58-C771-4164-B8D4-1F81267E8FAB.jpg?v=1782839624,5,"",,,,,,,,,,,,,,,,,,,,,,,
cambric-cotton-top-farshi-pant-dupatta-set,,,,,,,,,,,,,,,,,,,,,,,,,,,,,,,"",https://cdn.shopify.com/s/files/1/1020/9912/4593/files/88C461D5-3104-43E0-880C-A951A17A338D.jpg?v=1782839624,6,"",,,,,,,,,,,,,,,,,,,,,,,
cambric-cotton-top-farshi-pant-dupatta-set,,,,,,,,,,,,,,,,,,,,,,,,,,,,,,,"",https://cdn.shopify.com/s/files/1/1020/9912/4593/files/2FCE9F02-3964-4F05-BE21-F593015E961D.jpg?v=1782839626,7,"",,,,,,,,,,,,,,,,,,,,,,,
handpaint-georgette-fishcut-lehenga-set,Handpaint Georgette Fishcut Lehenga set,"<p class=""isSelectedEnd""><strong><span>LEHENGA DETAILS</span></strong><br><span>• Fabric : Georgette</span><br><span>• Work : Handpaint Work</span><br><span>• Style : Fishcut Lehenga With Adjustable Waist Elastic &amp; Dori</span></p>
<p class=""isSelectedEnd""><strong><span>BLOUSE DETAILS</span></strong><br><span>• Fabric : Georgette</span><br><span>• Work : Handpaint Work</span><br><span>• Sleeves : Designer Ruffle Sleeves</span><br><span>• Size : Fully Stitched Size 38 | Padded Blouse With Margin</span></p>
<p><strong><span>DUPATTA DETAILS</span></strong><br><span>• Fabric : Georgette</span><br><span>• Work : Handpaint Work With Cascade Pattern</span></p>",Anjuclothing ,Apparel & Accessories > Clothing > Traditional & Ceremonial Clothing > Saris & Lehengas,"","",true,Title,Default Title,,,,,,,,,0.0,shopify,100,deny,manual,2100.00,,false,true,,,,,"",https://cdn.shopify.com/s/files/1/1020/9912/4593/files/IMG-2152.png?v=1789114861,1,"",false,,,,,adults,floral; orange,,,synthetic,,,,,,,female,,,kg,,,active
handpaint-georgette-fishcut-lehenga-set,,,,,,,,,,,,,,,,,,,,,,,,,,,,,,,"",https://cdn.shopify.com/s/files/1/1020/9912/4593/files/ProductCImage_135437.jpg?v=1782814505,2,"",,,,,,,,,,,,,,,,,,,,,,,
handpaint-georgette-fishcut-lehenga-set,,,,,,,,,,,,,,,,,,,,,,,,,,,,,,,"",https://cdn.shopify.com/s/files/1/1020/9912/4593/files/ProductCImage_135436.jpg?v=1782814504,3,"",,,,,,,,,,,,,,,,,,,,,,,
handpaint-georgette-fishcut-lehenga-set,,,,,,,,,,,,,,,,,,,,,,,,,,,,,,,"",https://cdn.shopify.com/s/files/1/1020/9912/4593/files/ProductCImage_135434.jpg?v=1782814504,4,"",,,,,,,,,,,,,,,,,,,,,,,
jimmy-organza-lehenga-set,Jimmy Organza Lehenga Set,"<p class=""isSelectedEnd""><strong><span>LEHENGA DETAILS</span></strong><br><span>• Fabric : Pure Jimmy Organza</span><br><span>• Work : Digital Painted</span><br><span>• Flair : 8 Meters With Canvas Patta &amp; Adjustable Waist Dori</span></p>
<p class=""isSelectedEnd""><strong><span>BLOUSE DETAILS</span></strong><br><span>• Fabric : Pure Jimmy Organza</span><br><span>• Work : Handcrafted Work</span><br><span>• Size : Fully Stitched Size 38 | Padded Blouse With Margin</span></p>
<p><strong><span>DUPATTA DETAILS</span></strong><br><span>• Fabric : Jimmy Organza</span><br><span>• Work : Digital Painted With Lace Work</span></p>",Anjuclothing ,Apparel & Accessories > Clothing > Traditional & Ceremonial Clothing > Saris & Lehengas,"","",true,Title,Default Title,,,,,,,,,0.0,shopify,100,deny,manual,2300.00,,true,true,,,,,"",https://cdn.shopify.com/s/files/1/1020/9912/4593/files/7A8CBD44-442D-48C8-8394-348AAC02C954.png?v=1789129795,1,"",false,,,,,adults,white; floral,,,polyester,,,,,,,female,,,kg,,,active
jimmy-organza-lehenga-set,,,,,,,,,,,,,,,,,,,,,,,,,,,,,,,"",https://cdn.shopify.com/s/files/1/1020/9912/4593/files/ProductCImage_136747.jpg?v=1782814079,2,"",,,,,,,,,,,,,,,,,,,,,,,
jimmy-organza-lehenga-set,,,,,,,,,,,,,,,,,,,,,,,,,,,,,,,"",https://cdn.shopify.com/s/files/1/1020/9912/4593/files/ProductCImage_136745.jpg?v=1782814079,3,"",,,,,,,,,,,,,,,,,,,,,,,
jimmy-organza-lehenga-set,,,,,,,,,,,,,,,,,,,,,,,,,,,,,,,"",https://cdn.shopify.com/s/files/1/1020/9912/4593/files/ProductCImage_136744.jpg?v=1782814079,4,"",,,,,,,,,,,,,,,,,,,,,,,
handpaint-georgette-lehenga-set,Handpaint Georgette Lehenga Set,"<p class=""isSelectedEnd""><strong><span>LEHENGA DETAILS</span></strong><br><span>• Fabric : Georgette Handpaint</span><br><span>• Work : Digital Print</span><br><span>• Flair : 8 Meters With Canvas Patta</span></p>
<p class=""isSelectedEnd""><strong><span>BLOUSE DETAILS</span></strong><br><span>• Fabric : Georgette Handpaint</span><br><span>• Work : Designer Back Pattern</span><br><span>• Size : Fully Stitched Size 38 | Padded Blouse With Margin</span></p>
<p><strong><span>DUPATTA DETAILS</span></strong><br><span>• Fabric : Georgette Handpaint</span><br><span>• Length : 2.20 Meters</span></p>",Anjuclothing ,Apparel & Accessories > Clothing > Traditional & Ceremonial Clothing > Saris & Lehengas,"","",true,Title,Default Title,,,,,,,,,0.0,shopify,100,deny,manual,2100.00,,true,true,,,,,"",https://cdn.shopify.com/s/files/1/1020/9912/4593/files/834245B9-C8A0-44E5-A7BD-567AFF220A3B.png?v=1789129795,1,"",false,,,,,adults,pink; brown; floral,,,synthetic,,,,,,,female,,,kg,,,active
handpaint-georgette-lehenga-set,,,,,,,,,,,,,,,,,,,,,,,,,,,,,,,"",https://cdn.shopify.com/s/files/1/1020/9912/4593/files/ProductCImage_147713.jpg?v=1782813753,2,"",,,,,,,,,,,,,,,,,,,,,,,
handpaint-georgette-lehenga-set,,,,,,,,,,,,,,,,,,,,,,,,,,,,,,,"",https://cdn.shopify.com/s/files/1/1020/9912/4593/files/ProductCImage_147708.jpg?v=1782813753,3,"",,,,,,,,,,,,,,,,,,,,,,,
handpaint-georgette-lehenga-set,,,,,,,,,,,,,,,,,,,,,,,,,,,,,,,"",https://cdn.shopify.com/s/files/1/1020/9912/4593/files/ProductCImage_147712.jpg?v=1782813753,4,"",,,,,,,,,,,,,,,,,,,,,,,
handpaint-georgette-lehenga-set,,,,,,,,,,,,,,,,,,,,,,,,,,,,,,,"",https://cdn.shopify.com/s/files/1/1020/9912/4593/files/ProductCImage_147709.jpg?v=1782813753,5,"",,,,,,,,,,,,,,,,,,,,,,,
handpaint-georgette-lehenga-set,,,,,,,,,,,,,,,,,,,,,,,,,,,,,,,"",https://cdn.shopify.com/s/files/1/1020/9912/4593/files/ProductCImage_147710.jpg?v=1782813753,6,"",,,,,,,,,,,,,,,,,,,,,,,
handpaint-georgette-lehenga-set,,,,,,,,,,,,,,,,,,,,,,,,,,,,,,,"",https://cdn.shopify.com/s/files/1/1020/9912/4593/files/ProductCImage_147714.jpg?v=1782813753,7,"",,,,,,,,,,,,,,,,,,,,,,,
digital-print-organza-silk-lehenga-set,Digital Print Organza Silk Lehenga Set,"<p class=""isSelectedEnd""><strong><span>LEHENGA DETAILS</span></strong><br><span>• Fabric : Pure Organza Silk</span><br><span>• Work : Digital Print</span><br><span>• Flair : 8 Meters With Canvas Patta &amp; Cute Little Batwa</span></p>
<p class=""isSelectedEnd""><strong><span>BLOUSE DETAILS</span></strong><br><span>• Fabric : Pure Organza Silk</span><br><span>• Work : Digital Print</span><br><span>• Size : Fully Stitched Size 38 | Padded Blouse With Margin</span></p>
<p><strong><span>DUPATTA DETAILS</span></strong><br><span>• Fabric : Pure Organza Silk</span><br><span>• Work : Digital Print</span></p>",Anjuclothing ,Apparel & Accessories > Clothing > Traditional & Ceremonial Clothing > Saris & Lehengas,"","",true,Color,pink,product.metafields.shopify.color-pattern,,,,,,,,0.0,shopify,100,deny,manual,2250.00,,true,true,,,,,"",https://cdn.shopify.com/s/files/1/1020/9912/4593/files/9ED3B8C8-F73B-4164-A5B2-2E99072821C4.png?v=1789129796,1,"",false,,,,,adults,pink; yellow; skyblue; blue,,,silk,,,,,,,female,,,kg,,,active
digital-print-organza-silk-lehenga-set,,,,,,,,,yellow,,,,,,,,,0.0,shopify,100,deny,manual,2250.00,,true,true,,,,,"",https://cdn.shopify.com/s/files/1/1020/9912/4593/files/ProductCImage_131994.jpg?v=1782812632,2,"",,,,,,,,,,,,,,,,,,,https://cdn.shopify.com/s/files/1/1020/9912/4593/files/ProductCImage_135848.jpg?v=1782812632,kg,,,
digital-print-organza-silk-lehenga-set,,,,,,,,,skyblue,,,,,,,,,0.0,shopify,100,deny,manual,2250.00,,true,true,,,,,"",https://cdn.shopify.com/s/files/1/1020/9912/4593/files/ProductCImage_135848.jpg?v=1782812632,3,"",,,,,,,,,,,,,,,,,,,https://cdn.shopify.com/s/files/1/1020/9912/4593/files/ProductCImage_135842.jpg?v=1782812632,kg,,,
digital-print-organza-silk-lehenga-set,,,,,,,,,blue,,,,,,,,,0.0,shopify,100,deny,manual,2250.00,,true,true,,,,,"",https://cdn.shopify.com/s/files/1/1020/9912/4593/files/ProductCImage_135842.jpg?v=1782812632,4,"",,,,,,,,,,,,,,,,,,,https://cdn.shopify.com/s/files/1/1020/9912/4593/files/ProductCImage_135839.jpg?v=1782812632,kg,,,
digital-print-organza-silk-lehenga-set,,,,,,,,,,,,,,,,,,,,,,,,,,,,,,,"",https://cdn.shopify.com/s/files/1/1020/9912/4593/files/ProductCImage_135839.jpg?v=1782812632,5,"",,,,,,,,,,,,,,,,,,,,,,,
digital-print-organza-silk-lehenga-set,,,,,,,,,,,,,,,,,,,,,,,,,,,,,,,"",https://cdn.shopify.com/s/files/1/1020/9912/4593/files/ProductCImage_131993.jpg?v=1782812632,6,"",,,,,,,,,,,,,,,,,,,,,,,
digital-print-organza-silk-lehenga-set,,,,,,,,,,,,,,,,,,,,,,,,,,,,,,,"",https://cdn.shopify.com/s/files/1/1020/9912/4593/files/ProductCImage_131995.jpg?v=1782812632,7,"",,,,,,,,,,,,,,,,,,,,,,,
digital-print-organza-silk-lehenga-set,,,,,,,,,,,,,,,,,,,,,,,,,,,,,,,"",https://cdn.shopify.com/s/files/1/1020/9912/4593/files/ProductCImage_131996.jpg?v=1782812632,8,"",,,,,,,,,,,,,,,,,,,,,,,
digital-print-organza-silk-lehenga-set,,,,,,,,,,,,,,,,,,,,,,,,,,,,,,,"",https://cdn.shopify.com/s/files/1/1020/9912/4593/files/ProductCImage_135846.jpg?v=1782812632,9,"",,,,,,,,,,,,,,,,,,,,,,,
digital-print-organza-silk-lehenga-set,,,,,,,,,,,,,,,,,,,,,,,,,,,,,,,"",https://cdn.shopify.com/s/files/1/1020/9912/4593/files/ProductCImage_135843.jpg?v=1782812632,10,"",,,,,,,,,,,,,,,,,,,,,,,
digital-print-organza-silk-lehenga-set,,,,,,,,,,,,,,,,,,,,,,,,,,,,,,,"",https://cdn.shopify.com/s/files/1/1020/9912/4593/files/ProductCImage_135841.jpg?v=1782812632,11,"",,,,,,,,,,,,,,,,,,,,,,,
digital-print-organza-silk-lehenga-set,,,,,,,,,,,,,,,,,,,,,,,,,,,,,,,"",https://cdn.shopify.com/s/files/1/1020/9912/4593/files/ProductCImage_135845.jpg?v=1782812632,12,"",,,,,,,,,,,,,,,,,,,,,,,
digital-print-organza-silk-lehenga-set,,,,,,,,,,,,,,,,,,,,,,,,,,,,,,,"",https://cdn.shopify.com/s/files/1/1020/9912/4593/files/ProductCImage_135837.jpg?v=1782812632,13,"",,,,,,,,,,,,,,,,,,,,,,,
digital-print-organza-lehenga-set-1,Digital Print Organza Lehenga Set,"<p class=""isSelectedEnd""><strong><span>LEHENGA DETAILS</span></strong><br><span>• Fabric : Pure Organza</span><br><span>• Work : Digital Print</span><br><span>• Flair : 8 Meters With Canvas Patta, Can-Can &amp; Adjustable Waist Dori</span></p>
<p class=""isSelectedEnd""><strong><span>BLOUSE DETAILS</span></strong><br><span>• Fabric : Pure Organza</span><br><span>• Work : Corset Pattern With Embroidery Sequence Work</span><br><span>• Size : Fully Stitched Size 38 | Padded Blouse With Margin</span></p>
<p><strong><span>DUPATTA DETAILS</span></strong><br><span>• Fabric : Digital Printed Organza</span><br><span>• Work : Embroidery Sequence Work</span></p>",Anjuclothing ,Apparel & Accessories > Clothing > Traditional & Ceremonial Clothing > Saris & Lehengas,"","",true,Title,Default Title,,,,,,,,,0.0,shopify,100,deny,manual,2100.00,,false,true,,,,,"",https://cdn.shopify.com/s/files/1/1020/9912/4593/files/799BA2FF-BD65-4C5C-8460-D218D3249CD4.png?v=1789129795,1,"",false,,,,,adults,floral; blue,,,mesh,,,,38,,,female,,,kg,,,active
digital-print-organza-lehenga-set-1,,,,,,,,,,,,,,,,,,,,,,,,,,,,,,,"",https://cdn.shopify.com/s/files/1/1020/9912/4593/files/ProductCImage_135713.jpg?v=1782812239,2,"",,,,,,,,,,,,,,,,,,,,,,,
digital-print-organza-lehenga-set-1,,,,,,,,,,,,,,,,,,,,,,,,,,,,,,,"",https://cdn.shopify.com/s/files/1/1020/9912/4593/files/ProductCImage_135709.jpg?v=1782812239,3,"",,,,,,,,,,,,,,,,,,,,,,,
digital-print-organza-lehenga-set-1,,,,,,,,,,,,,,,,,,,,,,,,,,,,,,,"",https://cdn.shopify.com/s/files/1/1020/9912/4593/files/ProductCImage_135715.jpg?v=1782812239,4,"",,,,,,,,,,,,,,,,,,,,,,,
digital-print-organza-lehenga-set-1,,,,,,,,,,,,,,,,,,,,,,,,,,,,,,,"",https://cdn.shopify.com/s/files/1/1020/9912/4593/files/ProductCImage_135710.jpg?v=1782812240,5,"",,,,,,,,,,,,,,,,,,,,,,,
digital-print-organza-lehenga-set,Digital Print Organza Lehenga Set,"<p class=""isSelectedEnd""><strong><span>LEHENGA DETAILS</span></strong><br><span>• Fabric : Pure Organza</span><br><span>• Work : Digital Print</span><br><span>• Flair : 8 Meters With Canvas Patta, Can-Can &amp; Adjustable Waist Dori</span></p>
<p class=""isSelectedEnd""><strong><span>BLOUSE DETAILS</span></strong><br><span>• Fabric : Pure Organza</span><br><span>• Work : Corset Pattern With Embroidery Sequence Work</span><br><span>• Size : Fully Stitched Size 38 | Padded Blouse With Margin</span></p>
<p><strong><span>DUPATTA DETAILS</span></strong><br><span>• Fabric : Digital Printed Organza</span><br><span>• Work : Embroidery Sequence Work</span></p>",Anjuclothing ,Apparel & Accessories > Clothing > Traditional & Ceremonial Clothing > Saris & Lehengas,"","",true,Color,white,product.metafields.shopify.color-pattern,,,,,,,,0.0,shopify,100,deny,manual,2399.00,,false,true,,,,,"",https://cdn.shopify.com/s/files/1/1020/9912/4593/files/A4077DA6-687A-4A03-BF0C-97ABA0A93F2B.png?v=1789129795,1,"",false,,,,,adults,white; black-1; yellow; pink; lavender,,,mesh,,,,38,,,female,,https://cdn.shopify.com/s/files/1/1020/9912/4593/files/ProductCImage_142092.jpg?v=1782811161,kg,,,active
digital-print-organza-lehenga-set,,,,,,,,,black-1,,,,,,,,,0.0,shopify,100,deny,manual,2399.00,,false,true,,,,,"",https://cdn.shopify.com/s/files/1/1020/9912/4593/files/ProductCImage_142092.jpg?v=1782811161,2,"",,,,,,,,,,,,,,,,,,,https://cdn.shopify.com/s/files/1/1020/9912/4593/files/ProductCImage_150791.jpg?v=1782811160,kg,,,
digital-print-organza-lehenga-set,,,,,,,,,yellow,,,,,,,,,0.0,shopify,100,deny,manual,2399.00,,false,true,,,,,"",https://cdn.shopify.com/s/files/1/1020/9912/4593/files/ProductCImage_150791.jpg?v=1782811160,3,"",,,,,,,,,,,,,,,,,,,https://cdn.shopify.com/s/files/1/1020/9912/4593/files/ProductCImage_150795.jpg?v=1782811161,kg,,,
digital-print-organza-lehenga-set,,,,,,,,,pink,,,,,,,,,0.0,shopify,100,deny,manual,2399.00,,false,true,,,,,"",https://cdn.shopify.com/s/files/1/1020/9912/4593/files/ProductCImage_150795.jpg?v=1782811161,4,"",,,,,,,,,,,,,,,,,,,https://cdn.shopify.com/s/files/1/1020/9912/4593/files/ProductCImage_150792.jpg?v=1782811161,kg,,,
digital-print-organza-lehenga-set,,,,,,,,,lavender,,,,,,,,,0.0,shopify,100,deny,manual,2399.00,,false,true,,,,,"",https://cdn.shopify.com/s/files/1/1020/9912/4593/files/ProductCImage_150792.jpg?v=1782811161,5,"",,,,,,,,,,,,,,,,,,,https://cdn.shopify.com/s/files/1/1020/9912/4593/files/ProductCImage_150793.jpg?v=1782811160,kg,,,
digital-print-organza-lehenga-set,,,,,,,,,,,,,,,,,,,,,,,,,,,,,,,"",https://cdn.shopify.com/s/files/1/1020/9912/4593/files/ProductCImage_150793.jpg?v=1782811160,6,"",,,,,,,,,,,,,,,,,,,,,,,
digital-print-organza-lehenga-set,,,,,,,,,,,,,,,,,,,,,,,,,,,,,,,"",https://cdn.shopify.com/s/files/1/1020/9912/4593/files/ProductCImage_142094.jpg?v=1782811160,7,"",,,,,,,,,,,,,,,,,,,,,,,
digital-print-organza-lehenga-set,,,,,,,,,,,,,,,,,,,,,,,,,,,,,,,"",https://cdn.shopify.com/s/files/1/1020/9912/4593/files/ProductCImage_142091.jpg?v=1782811160,8,"",,,,,,,,,,,,,,,,,,,,,,,
digital-print-organza-lehenga-set,,,,,,,,,,,,,,,,,,,,,,,,,,,,,,,"",https://cdn.shopify.com/s/files/1/1020/9912/4593/files/ProductCImage_150794.jpg?v=1782811160,9,"",,,,,,,,,,,,,,,,,,,,,,,
digital-print-organza-lehenga-set,,,,,,,,,,,,,,,,,,,,,,,,,,,,,,,"",https://cdn.shopify.com/s/files/1/1020/9912/4593/files/ProductCImage_150790.jpg?v=1782811160,10,"",,,,,,,,,,,,,,,,,,,,,,,
digital-print-organza-lehenga-set,,,,,,,,,,,,,,,,,,,,,,,,,,,,,,,"",https://cdn.shopify.com/s/files/1/1020/9912/4593/files/ProductCImage_150796.jpg?v=1782811160,11,"",,,,,,,,,,,,,,,,,,,,,,,
digital-print-organza-lehenga-set,,,,,,,,,,,,,,,,,,,,,,,,,,,,,,,"",https://cdn.shopify.com/s/files/1/1020/9912/4593/files/ProductCImage_150797.jpg?v=1782811160,12,"",,,,,,,,,,,,,,,,,,,,,,,
digital-print-organza-lehenga-set,,,,,,,,,,,,,,,,,,,,,,,,,,,,,,,"",https://cdn.shopify.com/s/files/1/1020/9912/4593/files/ProductCImage_150787.jpg?v=1782811160,13,"",,,,,,,,,,,,,,,,,,,,,,,
digital-print-organza-lehenga-set,,,,,,,,,,,,,,,,,,,,,,,,,,,,,,,"",https://cdn.shopify.com/s/files/1/1020/9912/4593/files/ProductCImage_150798.jpg?v=1782811160,14,"",,,,,,,,,,,,,,,,,,,,,,,
digital-print-organza-lehenga-set,,,,,,,,,,,,,,,,,,,,,,,,,,,,,,,"",https://cdn.shopify.com/s/files/1/1020/9912/4593/files/ProductCImage_150788.jpg?v=1782811161,15,"",,,,,,,,,,,,,,,,,,,,,,,
organza-lehenga-blouse-dupatta-set,"Organza Lehenga, Blouse & Dupatta Set","<p class=""isSelectedEnd""><strong><span>LEHENGA DETAILS</span></strong><br><span>• Fabric : Pure Organza</span><br><span>• Work : Digital Print</span><br><span>• Flair : 8 Meters With Canvas Patta, Can-Can &amp; Adjustable Waist Dori</span></p>
<p class=""isSelectedEnd""><strong><span>BLOUSE DETAILS</span></strong><br><span>• Fabric : Pure Organza</span><br><span>• Work : Corset Pattern With Embroidery Sequence Work</span><br><span>• Size : Fully Stitched Size 38 With Margin | Padded Blouse</span></p>
<p><strong><span>DUPATTA DETAILS</span></strong><br><span>• Fabric : Digital Printed Organza</span><br><span>• Work : Embroidery Sequence Work</span></p>",Anjuclothing ,Apparel & Accessories > Clothing > Traditional & Ceremonial Clothing > Saris & Lehengas,"","",true,Title,Default Title,,,,,,,,,0.0,shopify,100,deny,manual,2499.00,,false,true,,,,,"",https://cdn.shopify.com/s/files/1/1020/9912/4593/files/IMG-2220.png?v=1789130182,1,"",false,,,,,adults,pink; floral,,,mesh,,,,,,,female,,,kg,,,active
organza-lehenga-blouse-dupatta-set,,,,,,,,,,,,,,,,,,,,,,,,,,,,,,,"",https://cdn.shopify.com/s/files/1/1020/9912/4593/files/ProductCImage_142858.jpg?v=1782810585,2,"",,,,,,,,,,,,,,,,,,,,,,,
organza-lehenga-blouse-dupatta-set,,,,,,,,,,,,,,,,,,,,,,,,,,,,,,,"",https://cdn.shopify.com/s/files/1/1020/9912/4593/files/ProductCImage_142861_f5bb4494-21af-47f5-adbf-2fd8b08983fb.jpg?v=1782810585,3,"",,,,,,,,,,,,,,,,,,,,,,,
organza-lehenga-blouse-dupatta-set,,,,,,,,,,,,,,,,,,,,,,,,,,,,,,,"",https://cdn.shopify.com/s/files/1/1020/9912/4593/files/ProductCImage_142857_1c7d3766-e9ae-4e25-b431-d94637eed131.jpg?v=1782810585,4,"",,,,,,,,,,,,,,,,,,,,,,,
roman-silk-anarkali-bottom-dupatta-set,"Roman Silk Anarkali, Bottom & Dupatta Set","<p><span>ANARKALI DETAILS</span><span><br> </span><span>• Fabric : Roman Silk</span><span><br> </span><span>• Work : Embroidery Sequence With Real Mirror Work</span><span><br> </span><span>• Inner : Heavy Micro Cotton</span><span><br> </span><span>• Sleeves : Full Sleeves</span><span><br> </span><span>• Length : 48-49 Inches</span><span><br> </span><span>• Flair : 3.75 Meters</span><span><br> </span><span>• Size : M(38), L(40), XL(42), XXL(44) | Fully Stitched Ready To Wear</span></p>
<p><span>BOTTOM DETAILS</span><span><br> </span><span>• Fabric : Roman Silk</span><span><br> </span><span>• Length : 39-40 Inches</span></p>
<p><span>DUPATTA DETAILS</span><span><br> </span><span>• Fabric : Kota Chexs</span><span><br> </span><span>• Work : Digital Print With Four-Sided Lace Border</span><span><br> </span><span>• Length : 2.10 Meters</span></p>",Anjuclothing ,Apparel & Accessories > Clothing > Traditional & Ceremonial Clothing,"","",true,Color,pink,product.metafields.shopify.color-pattern,Size,m,product.metafields.shopify.size,,,,,0.0,shopify,10,deny,manual,1650.00,2500.00,true,false,,,,,"",https://cdn.shopify.com/s/files/1/1020/9912/4593/files/6D29B156-14D2-4036-9169-ED5A11011215.jpg?v=1786426231,1,"",false,,,,,adults,pink; orange; yellow; green; lime; red; dark-purple,,,silk; cotton,round,,,m; l; xl; 2xl,,long,female,,https://cdn.shopify.com/s/files/1/1020/9912/4593/files/EE070E3B-4FBC-4005-B96C-651BB358136B.jpg?v=1782807063,kg,,,active
roman-silk-anarkali-bottom-dupatta-set,,,,,,,,,orange,,,m,,,,,,0.0,shopify,10,deny,manual,1650.00,2500.00,true,false,,,,,"",https://cdn.shopify.com/s/files/1/1020/9912/4593/files/EE070E3B-4FBC-4005-B96C-651BB358136B.jpg?v=1782807063,2,"",,,,,,,,,,,,,,,,,,,https://cdn.shopify.com/s/files/1/1020/9912/4593/files/32DC1A05-A8B9-4583-A6A5-E1F8E0C7AB23.jpg?v=1782807063,kg,,,
roman-silk-anarkali-bottom-dupatta-set,,,,,,,,,yellow,,,m,,,,,,0.0,shopify,10,deny,manual,1650.00,2500.00,true,false,,,,,"",https://cdn.shopify.com/s/files/1/1020/9912/4593/files/B6839E46-D63C-4418-B486-980F24CE52E9.jpg?v=1782807062,3,"",,,,,,,,,,,,,,,,,,,https://cdn.shopify.com/s/files/1/1020/9912/4593/files/82B8AA76-23FB-47A8-872A-D2DB0757C620.jpg?v=1782807063,kg,,,
roman-silk-anarkali-bottom-dupatta-set,,,,,,,,,pink,,,l,,,,,,0.0,shopify,10,deny,manual,1650.00,2500.00,true,false,,,,,"",https://cdn.shopify.com/s/files/1/1020/9912/4593/files/519690D6-8291-4C5D-8286-487F8397DB4D.jpg?v=1782807063,4,"",,,,,,,,,,,,,,,,,,,https://cdn.shopify.com/s/files/1/1020/9912/4593/files/EE070E3B-4FBC-4005-B96C-651BB358136B.jpg?v=1782807063,kg,,,
roman-silk-anarkali-bottom-dupatta-set,,,,,,,,,pink,,,xl,,,,,,0.0,shopify,10,deny,manual,1650.00,2500.00,true,false,,,,,"",https://cdn.shopify.com/s/files/1/1020/9912/4593/files/32DC1A05-A8B9-4583-A6A5-E1F8E0C7AB23.jpg?v=1782807063,5,"",,,,,,,,,,,,,,,,,,,https://cdn.shopify.com/s/files/1/1020/9912/4593/files/EE070E3B-4FBC-4005-B96C-651BB358136B.jpg?v=1782807063,kg,,,
roman-silk-anarkali-bottom-dupatta-set,,,,,,,,,pink,,,2xl,,,,,,0.0,shopify,10,deny,manual,1650.00,2500.00,true,false,,,,,"",https://cdn.shopify.com/s/files/1/1020/9912/4593/files/D8DA9007-885E-4B22-96F9-5F961A5530A8.jpg?v=1782807062,6,"",,,,,,,,,,,,,,,,,,,https://cdn.shopify.com/s/files/1/1020/9912/4593/files/EE070E3B-4FBC-4005-B96C-651BB358136B.jpg?v=1782807063,kg,,,
roman-silk-anarkali-bottom-dupatta-set,,,,,,,,,orange,,,l,,,,,,0.0,shopify,10,deny,manual,1650.00,2500.00,true,false,,,,,"",https://cdn.shopify.com/s/files/1/1020/9912/4593/files/AA821BA9-12C8-4279-A256-ADFD0948A944.jpg?v=1782807063,7,"",,,,,,,,,,,,,,,,,,,https://cdn.shopify.com/s/files/1/1020/9912/4593/files/32DC1A05-A8B9-4583-A6A5-E1F8E0C7AB23.jpg?v=1782807063,kg,,,
roman-silk-anarkali-bottom-dupatta-set,,,,,,,,,orange,,,xl,,,,,,0.0,shopify,10,deny,manual,1650.00,2500.00,true,false,,,,,"",https://cdn.shopify.com/s/files/1/1020/9912/4593/files/7B4AB8DE-E8BF-4922-A1F0-5FD2AE8C6512.jpg?v=1786426098,8,"",,,,,,,,,,,,,,,,,,,https://cdn.shopify.com/s/files/1/1020/9912/4593/files/32DC1A05-A8B9-4583-A6A5-E1F8E0C7AB23.jpg?v=1782807063,kg,,,
roman-silk-anarkali-bottom-dupatta-set,,,,,,,,,orange,,,2xl,,,,,,0.0,shopify,10,deny,manual,1650.00,2500.00,true,false,,,,,"",https://cdn.shopify.com/s/files/1/1020/9912/4593/files/BC8E0C14-4A41-4C62-8714-A8E4FB53DF0E.jpg?v=1786426098,9,"",,,,,,,,,,,,,,,,,,,https://cdn.shopify.com/s/files/1/1020/9912/4593/files/32DC1A05-A8B9-4583-A6A5-E1F8E0C7AB23.jpg?v=1782807063,kg,,,
roman-silk-anarkali-bottom-dupatta-set,,,,,,,,,yellow,,,l,,,,,,0.0,shopify,10,deny,manual,1650.00,2500.00,true,false,,,,,"",https://cdn.shopify.com/s/files/1/1020/9912/4593/files/682BD586-9FD1-4E11-8AA1-16C8E9B16AB1.jpg?v=1786426098,10,"",,,,,,,,,,,,,,,,,,,https://cdn.shopify.com/s/files/1/1020/9912/4593/files/82B8AA76-23FB-47A8-872A-D2DB0757C620.jpg?v=1782807063,kg,,,
roman-silk-anarkali-bottom-dupatta-set,,,,,,,,,yellow,,,xl,,,,,,0.0,shopify,10,deny,manual,1650.00,2500.00,true,false,,,,,"",https://cdn.shopify.com/s/files/1/1020/9912/4593/files/84E38047-E393-40BD-9064-98679CEF4CD8.jpg?v=1786426098,11,"",,,,,,,,,,,,,,,,,,,https://cdn.shopify.com/s/files/1/1020/9912/4593/files/82B8AA76-23FB-47A8-872A-D2DB0757C620.jpg?v=1782807063,kg,,,
roman-silk-anarkali-bottom-dupatta-set,,,,,,,,,yellow,,,2xl,,,,,,0.0,shopify,10,deny,manual,1650.00,2500.00,true,false,,,,,"",https://cdn.shopify.com/s/files/1/1020/9912/4593/files/56D85636-9B87-414B-B20A-6D8C6101A367.jpg?v=1786426098,12,"",,,,,,,,,,,,,,,,,,,https://cdn.shopify.com/s/files/1/1020/9912/4593/files/82B8AA76-23FB-47A8-872A-D2DB0757C620.jpg?v=1782807063,kg,,,
roman-silk-anarkali-bottom-dupatta-set,,,,,,,,,green,,,m,,,,,,0.0,shopify,10,deny,manual,1650.00,2500.00,true,false,,,,,"",https://cdn.shopify.com/s/files/1/1020/9912/4593/files/A3B1FE0E-FBEE-41A1-A6C3-03CD524F28DD.jpg?v=1786426099,13,"",,,,,,,,,,,,,,,,,,,https://cdn.shopify.com/s/files/1/1020/9912/4593/files/7B4AB8DE-E8BF-4922-A1F0-5FD2AE8C6512.jpg?v=1786426098,kg,,,
roman-silk-anarkali-bottom-dupatta-set,,,,,,,,,green,,,l,,,,,,0.0,shopify,10,deny,manual,1650.00,2500.00,true,false,,,,,"",https://cdn.shopify.com/s/files/1/1020/9912/4593/files/D2114B77-2D6E-4941-B81C-D5B1E16D12A1.jpg?v=1786426098,14,"",,,,,,,,,,,,,,,,,,,https://cdn.shopify.com/s/files/1/1020/9912/4593/files/7B4AB8DE-E8BF-4922-A1F0-5FD2AE8C6512.jpg?v=1786426098,kg,,,
roman-silk-anarkali-bottom-dupatta-set,,,,,,,,,green,,,xl,,,,,,0.0,shopify,10,deny,manual,1650.00,2500.00,true,false,,,,,"",https://cdn.shopify.com/s/files/1/1020/9912/4593/files/82B8AA76-23FB-47A8-872A-D2DB0757C620.jpg?v=1782807063,15,"",,,,,,,,,,,,,,,,,,,https://cdn.shopify.com/s/files/1/1020/9912/4593/files/7B4AB8DE-E8BF-4922-A1F0-5FD2AE8C6512.jpg?v=1786426098,kg,,,
roman-silk-anarkali-bottom-dupatta-set,,,,,,,,,green,,,2xl,,,,,,0.0,shopify,10,deny,manual,1650.00,2500.00,true,false,,,,,"",https://cdn.shopify.com/s/files/1/1020/9912/4593/files/0BF1970D-C72F-4D69-A307-27A20D48C261.jpg?v=1786426098,16,"",,,,,,,,,,,,,,,,,,,https://cdn.shopify.com/s/files/1/1020/9912/4593/files/7B4AB8DE-E8BF-4922-A1F0-5FD2AE8C6512.jpg?v=1786426098,kg,,,
roman-silk-anarkali-bottom-dupatta-set,,,,,,,,,lime,,,m,,,,,,0.0,shopify,10,deny,manual,1650.00,2500.00,true,false,,,,,"",,,,,,,,,,,,,,,,,,,,,,https://cdn.shopify.com/s/files/1/1020/9912/4593/files/682BD586-9FD1-4E11-8AA1-16C8E9B16AB1.jpg?v=1786426098,kg,,,
roman-silk-anarkali-bottom-dupatta-set,,,,,,,,,lime,,,l,,,,,,0.0,shopify,10,deny,manual,1650.00,2500.00,true,false,,,,,"",,,,,,,,,,,,,,,,,,,,,,https://cdn.shopify.com/s/files/1/1020/9912/4593/files/682BD586-9FD1-4E11-8AA1-16C8E9B16AB1.jpg?v=1786426098,kg,,,
roman-silk-anarkali-bottom-dupatta-set,,,,,,,,,lime,,,xl,,,,,,0.0,shopify,10,deny,manual,1650.00,2500.00,true,false,,,,,"",,,,,,,,,,,,,,,,,,,,,,https://cdn.shopify.com/s/files/1/1020/9912/4593/files/682BD586-9FD1-4E11-8AA1-16C8E9B16AB1.jpg?v=1786426098,kg,,,
roman-silk-anarkali-bottom-dupatta-set,,,,,,,,,lime,,,2xl,,,,,,0.0,shopify,10,deny,manual,1650.00,2500.00,true,false,,,,,"",,,,,,,,,,,,,,,,,,,,,,https://cdn.shopify.com/s/files/1/1020/9912/4593/files/682BD586-9FD1-4E11-8AA1-16C8E9B16AB1.jpg?v=1786426098,kg,,,
roman-silk-anarkali-bottom-dupatta-set,,,,,,,,,red,,,m,,,,,,0.0,shopify,10,deny,manual,1650.00,2500.00,true,false,,,,,"",,,,,,,,,,,,,,,,,,,,,,https://cdn.shopify.com/s/files/1/1020/9912/4593/files/D2114B77-2D6E-4941-B81C-D5B1E16D12A1.jpg?v=1786426098,kg,,,
roman-silk-anarkali-bottom-dupatta-set,,,,,,,,,red,,,l,,,,,,0.0,shopify,10,deny,manual,1650.00,2500.00,true,false,,,,,"",,,,,,,,,,,,,,,,,,,,,,https://cdn.shopify.com/s/files/1/1020/9912/4593/files/D2114B77-2D6E-4941-B81C-D5B1E16D12A1.jpg?v=1786426098,kg,,,
roman-silk-anarkali-bottom-dupatta-set,,,,,,,,,red,,,xl,,,,,,0.0,shopify,10,deny,manual,1650.00,2500.00,true,false,,,,,"",,,,,,,,,,,,,,,,,,,,,,https://cdn.shopify.com/s/files/1/1020/9912/4593/files/D2114B77-2D6E-4941-B81C-D5B1E16D12A1.jpg?v=1786426098,kg,,,
roman-silk-anarkali-bottom-dupatta-set,,,,,,,,,red,,,2xl,,,,,,0.0,shopify,10,deny,manual,1650.00,2500.00,true,false,,,,,"",,,,,,,,,,,,,,,,,,,,,,https://cdn.shopify.com/s/files/1/1020/9912/4593/files/D2114B77-2D6E-4941-B81C-D5B1E16D12A1.jpg?v=1786426098,kg,,,
roman-silk-anarkali-bottom-dupatta-set,,,,,,,,,dark-purple,,,m,,,,,,0.0,shopify,10,deny,manual,1650.00,2500.00,true,false,,,,,"",,,,,,,,,,,,,,,,,,,,,,https://cdn.shopify.com/s/files/1/1020/9912/4593/files/56D85636-9B87-414B-B20A-6D8C6101A367.jpg?v=1786426098,kg,,,
roman-silk-anarkali-bottom-dupatta-set,,,,,,,,,dark-purple,,,l,,,,,,0.0,shopify,10,deny,manual,1650.00,2500.00,true,false,,,,,"",,,,,,,,,,,,,,,,,,,,,,https://cdn.shopify.com/s/files/1/1020/9912/4593/files/56D85636-9B87-414B-B20A-6D8C6101A367.jpg?v=1786426098,kg,,,
roman-silk-anarkali-bottom-dupatta-set,,,,,,,,,dark-purple,,,xl,,,,,,0.0,shopify,10,deny,manual,1650.00,2500.00,true,false,,,,,"",,,,,,,,,,,,,,,,,,,,,,https://cdn.shopify.com/s/files/1/1020/9912/4593/files/56D85636-9B87-414B-B20A-6D8C6101A367.jpg?v=1786426098,kg,,,
roman-silk-anarkali-bottom-dupatta-set,,,,,,,,,dark-purple,,,2xl,,,,,,0.0,shopify,10,deny,manual,1650.00,2500.00,true,false,,,,,"",,,,,,,,,,,,,,,,,,,,,,https://cdn.shopify.com/s/files/1/1020/9912/4593/files/56D85636-9B87-414B-B20A-6D8C6101A367.jpg?v=1786426098,kg,,,
mul-chanderi-top-farshi-plazzo-dupatta-set,"Mul Chanderi Top, Farshi Plazzo & Dupatta Set","<p><span>TOP DETAILS</span><span><br> </span><span>• Fabric : Pure Satin Mul Chanderi</span><span><br> </span><span>• Work : Embroidery Work With Fancy GPU Lace Border &amp; Bell Sleeves</span><span><br> </span><span>• Inner : Micro Cotton</span><span><br> </span><span>• Length : 36-37 Inches</span><span><br> </span><span>• Size : M(38), L(40), XL(42), XXL(44) | Fully Stitched Ready To Wear</span></p>
<p><span>FARSHI PLAZZO DETAILS</span><span><br> </span><span>• Fabric : Pure Roman Silk</span><span><br> </span><span>• Work : Embroidery Work</span><span><br> </span><span>• Style : Farshi Plazzo</span><span><br> </span><span>• Inner : Micro Cotton</span><span><br> </span><span>• Length : 40-41 Inches</span><span><br> </span><span>• Size : Fully Stitched With Elastic Waist</span></p>
<p><span>DUPATTA DETAILS</span><span><br> </span><span>• Fabric : Pure Satin Mul Chanderi</span><span><br> </span><span>• Work : Embroidery Work With Four Side GPU Lace Border</span><span><br> </span><span>• Length : 2.20 Meters</span></p>",Anjuclothing ,Apparel & Accessories > Clothing > Traditional & Ceremonial Clothing,"","",true,Color,yellow,product.metafields.shopify.color-pattern,Size,m,product.metafields.shopify.size,,,,,0.0,shopify,10,deny,manual,1450.00,1999.00,true,false,,,,,"",https://cdn.shopify.com/s/files/1/1020/9912/4593/files/79C9B419-72AB-4874-8A46-5E56B0CD9DCB.jpg?v=1782799306,1,"",false,,,,,adults,yellow; blush-pink,,,silk,round,,,m; l; xl; 2xl,,3-4,female,,,kg,,,active
mul-chanderi-top-farshi-plazzo-dupatta-set,,,,,,,,,blush-pink,,,m,,,,,,0.0,shopify,10,deny,manual,1450.00,1999.00,true,false,,,,,"",https://cdn.shopify.com/s/files/1/1020/9912/4593/files/FEEAC67B-530D-4511-AB83-AC93F1B46479.jpg?v=1782799307,2,"",,,,,,,,,,,,,,,,,,,,kg,,,
mul-chanderi-top-farshi-plazzo-dupatta-set,,,,,,,,,yellow,,,l,,,,,,0.0,shopify,10,deny,manual,1450.00,1999.00,true,false,,,,,"",https://cdn.shopify.com/s/files/1/1020/9912/4593/files/CE738A80-F0F8-4881-BF7B-B7B04C295BD8.jpg?v=1782799307,3,"",,,,,,,,,,,,,,,,,,,,kg,,,
mul-chanderi-top-farshi-plazzo-dupatta-set,,,,,,,,,yellow,,,xl,,,,,,0.0,shopify,10,deny,manual,1450.00,1999.00,true,false,,,,,"",https://cdn.shopify.com/s/files/1/1020/9912/4593/files/32E64D14-20D0-4534-B3E7-31639F3EB897.jpg?v=1782799307,4,"",,,,,,,,,,,,,,,,,,,,kg,,,
mul-chanderi-top-farshi-plazzo-dupatta-set,,,,,,,,,yellow,,,2xl,,,,,,0.0,shopify,10,deny,manual,1450.00,1999.00,true,false,,,,,"",https://cdn.shopify.com/s/files/1/1020/9912/4593/files/4BA42C41-B210-4FD0-B2F2-2E3CA3E9BA2E.jpg?v=1782799307,5,"",,,,,,,,,,,,,,,,,,,,kg,,,
mul-chanderi-top-farshi-plazzo-dupatta-set,,,,,,,,,blush-pink,,,l,,,,,,0.0,shopify,10,deny,manual,1450.00,1999.00,true,false,,,,,"",https://cdn.shopify.com/s/files/1/1020/9912/4593/files/9E8BA008-1E28-44DC-89FD-5D078C7243BE.jpg?v=1785378868,6,"",,,,,,,,,,,,,,,,,,,,kg,,,
mul-chanderi-top-farshi-plazzo-dupatta-set,,,,,,,,,blush-pink,,,xl,,,,,,0.0,shopify,10,deny,manual,1450.00,1999.00,true,false,,,,,"",https://cdn.shopify.com/s/files/1/1020/9912/4593/files/CEE1B961-60F6-4C15-9CCA-F40758068260.jpg?v=1785378763,7,"",,,,,,,,,,,,,,,,,,,,kg,,,
mul-chanderi-top-farshi-plazzo-dupatta-set,,,,,,,,,blush-pink,,,2xl,,,,,,0.0,shopify,10,deny,manual,1450.00,1999.00,true,false,,,,,"",,,,,,,,,,,,,,,,,,,,,,,kg,,,
crunchy-silk-anarkali-pant-dupatta-set,"Crunchy Silk Anarkali, Pant & Dupatta Set","<p><span>ANARKALI DETAILS</span><span><br> </span><span>• Fabric : Crunchy Silk</span><span><br> </span><span>• Work : Swarovski Work</span><span><br> </span><span>• Inner : Pure Micro Cotton With Canvas Patta</span><span><br> </span><span>• Length : 48-49 Inches</span><span><br> </span><span>• Flair : Approx. 4 Meters With Kali Cut &amp; Canvas Patta</span><span><br> </span><span>• Size : XS(34), S(36), M(38), L(40), XL(42), XXL(44) | Fully Stitched Ready To Wear</span></p>
<p><span>PANT DETAILS</span><span><br> </span><span>• Fabric : Micro Cotton Silk</span><span><br> </span><span>• Size : Free Size | Fully Stitched</span></p>
<p><span>DUPATTA DETAILS</span><span><br> </span><span>• Fabric : Crunchy Silk</span><span><br> </span><span>• Work : Swarovski Work With Fancy Lace Border</span><span><br> </span><span>• Length : 2.3 Meters</span></p>",Anjuclothing ,,"","",true,Colour,Pink,,Size,Xs,,,,,,0.0,shopify,100,deny,manual,1550.00,3500.00,true,false,,,,,"",https://cdn.shopify.com/s/files/1/1020/9912/4593/files/661BD28B-96C0-46AF-920A-E19735122B6F.jpg?v=1782566049,1,"",false,,,,,,,,,,,,,,,,,,https://cdn.shopify.com/s/files/1/1020/9912/4593/files/661BD28B-96C0-46AF-920A-E19735122B6F.jpg?v=1782566049,kg,,,active
crunchy-silk-anarkali-pant-dupatta-set,,,,,,,,,Skyblue,,,Xs,,,,,,0.0,shopify,200,deny,manual,1550.00,3500.00,true,false,,,,,"",https://cdn.shopify.com/s/files/1/1020/9912/4593/files/82807995-4EA4-4131-9D85-0D1D943523B9.jpg?v=1782566050,2,"",,,,,,,,,,,,,,,,,,,https://cdn.shopify.com/s/files/1/1020/9912/4593/files/82807995-4EA4-4131-9D85-0D1D943523B9.jpg?v=1782566050,kg,,,
crunchy-silk-anarkali-pant-dupatta-set,,,,,,,,,Pink,,,S,,,,,,0.0,shopify,200,deny,manual,1550.00,3500.00,true,false,,,,,"",https://cdn.shopify.com/s/files/1/1020/9912/4593/files/F67D099A-72CF-4D6D-A831-C1CED5F7E94E.jpg?v=1782566049,3,"",,,,,,,,,,,,,,,,,,,https://cdn.shopify.com/s/files/1/1020/9912/4593/files/661BD28B-96C0-46AF-920A-E19735122B6F.jpg?v=1782566049,kg,,,
crunchy-silk-anarkali-pant-dupatta-set,,,,,,,,,Pink,,,M,,,,,,0.0,shopify,100,deny,manual,1550.00,3500.00,true,false,,,,,"",https://cdn.shopify.com/s/files/1/1020/9912/4593/files/D2A1A672-56BD-4DF2-97AD-1100F1E263EC.jpg?v=1782566049,4,"",,,,,,,,,,,,,,,,,,,https://cdn.shopify.com/s/files/1/1020/9912/4593/files/661BD28B-96C0-46AF-920A-E19735122B6F.jpg?v=1782566049,kg,,,
crunchy-silk-anarkali-pant-dupatta-set,,,,,,,,,Pink,,,L,,,,,,0.0,shopify,100,deny,manual,1550.00,3500.00,true,false,,,,,"",https://cdn.shopify.com/s/files/1/1020/9912/4593/files/4F78FE58-E825-402E-8E9F-35BBAA0E2C73.jpg?v=1782566049,5,"",,,,,,,,,,,,,,,,,,,https://cdn.shopify.com/s/files/1/1020/9912/4593/files/661BD28B-96C0-46AF-920A-E19735122B6F.jpg?v=1782566049,kg,,,
crunchy-silk-anarkali-pant-dupatta-set,,,,,,,,,Pink,,,Xl,,,,,,0.0,shopify,200,deny,manual,1550.00,3500.00,true,false,,,,,"",https://cdn.shopify.com/s/files/1/1020/9912/4593/files/A51243AF-C9F2-4D5E-BD15-12D4DF4A7D3B.jpg?v=1782566049,6,"",,,,,,,,,,,,,,,,,,,https://cdn.shopify.com/s/files/1/1020/9912/4593/files/661BD28B-96C0-46AF-920A-E19735122B6F.jpg?v=1782566049,kg,,,
crunchy-silk-anarkali-pant-dupatta-set,,,,,,,,,Pink,,,2xl,,,,,,0.0,shopify,200,deny,manual,1550.00,3500.00,true,false,,,,,"",https://cdn.shopify.com/s/files/1/1020/9912/4593/files/BD2C15AD-7C58-47DD-BE25-C73266F03EFB.jpg?v=1782566049,7,"",,,,,,,,,,,,,,,,,,,https://cdn.shopify.com/s/files/1/1020/9912/4593/files/661BD28B-96C0-46AF-920A-E19735122B6F.jpg?v=1782566049,kg,,,
crunchy-silk-anarkali-pant-dupatta-set,,,,,,,,,Skyblue,,,S,,,,,,0.0,shopify,100,deny,manual,1550.00,3500.00,true,false,,,,,"",https://cdn.shopify.com/s/files/1/1020/9912/4593/files/32A4DC2A-E010-4407-8F88-D847D2BF84F2.jpg?v=1782566049,8,"",,,,,,,,,,,,,,,,,,,https://cdn.shopify.com/s/files/1/1020/9912/4593/files/82807995-4EA4-4131-9D85-0D1D943523B9.jpg?v=1782566050,kg,,,
crunchy-silk-anarkali-pant-dupatta-set,,,,,,,,,Skyblue,,,M,,,,,,0.0,shopify,100,deny,manual,1550.00,3500.00,true,false,,,,,"",,,,,,,,,,,,,,,,,,,,,,https://cdn.shopify.com/s/files/1/1020/9912/4593/files/82807995-4EA4-4131-9D85-0D1D943523B9.jpg?v=1782566050,kg,,,
crunchy-silk-anarkali-pant-dupatta-set,,,,,,,,,Skyblue,,,L,,,,,,0.0,shopify,100,deny,manual,1550.00,3500.00,true,false,,,,,"",,,,,,,,,,,,,,,,,,,,,,https://cdn.shopify.com/s/files/1/1020/9912/4593/files/82807995-4EA4-4131-9D85-0D1D943523B9.jpg?v=1782566050,kg,,,
crunchy-silk-anarkali-pant-dupatta-set,,,,,,,,,Skyblue,,,Xl,,,,,,0.0,shopify,100,deny,manual,1550.00,3500.00,true,false,,,,,"",,,,,,,,,,,,,,,,,,,,,,https://cdn.shopify.com/s/files/1/1020/9912/4593/files/82807995-4EA4-4131-9D85-0D1D943523B9.jpg?v=1782566050,kg,,,
crunchy-silk-anarkali-pant-dupatta-set,,,,,,,,,Skyblue,,,2xl,,,,,,0.0,shopify,100,deny,manual,1550.00,3500.00,true,false,,,,,"",,,,,,,,,,,,,,,,,,,,,,https://cdn.shopify.com/s/files/1/1020/9912/4593/files/82807995-4EA4-4131-9D85-0D1D943523B9.jpg?v=1782566050,kg,,,
glass-roman-top-pant-set,Glass Roman Top & Pant Set,"<p><span>TOP DETAILS</span><span><br> </span><span>• Fabric : Glass Roman</span><span><br> </span><span>• Work : Embroidery Sequence Work</span><span><br> </span><span>• Length : 39-40 Inches</span><span><br> </span><span>• Size : M(38), L(40), XL(42), XXL(44) | Fully Stitched Ready To Wear</span></p>
<p><span>PANT DETAILS</span><span><br> </span><span>• Fabric : Glass Roman With Elastic Waist</span><span><br> </span><span>• Length : 39-40 Inches</span></p>",Anjuclothing ,,"","",true,Size,M,,,,,,,,,0.0,shopify,100,deny,manual,1499.00,2500.00,true,false,,,,,"",https://cdn.shopify.com/s/files/1/1020/9912/4593/files/B987990B-3BCC-4DA3-89EC-C23832179AFC.png?v=1788953682,1,"",false,,,,,,,,,,,,,,,,,,,kg,,,active
glass-roman-top-pant-set,,,,,,,,,L,,,,,,,,,0.0,shopify,100,deny,manual,1499.00,2500.00,true,false,,,,,"",https://cdn.shopify.com/s/files/1/1020/9912/4593/files/32587A86-1112-4F87-8F88-3449BF1450A6.jpg?v=1782543658,2,"",,,,,,,,,,,,,,,,,,,,kg,,,
glass-roman-top-pant-set,,,,,,,,,Xl,,,,,,,,,0.0,shopify,100,deny,manual,1499.00,2500.00,true,false,,,,,"",https://cdn.shopify.com/s/files/1/1020/9912/4593/files/C1DE1075-B977-42CA-87D7-D2FCA67B16F6.jpg?v=1782543658,3,"",,,,,,,,,,,,,,,,,,,,kg,,,
glass-roman-top-pant-set,,,,,,,,,2xl,,,,,,,,,0.0,shopify,100,deny,manual,1499.00,2500.00,true,false,,,,,"",https://cdn.shopify.com/s/files/1/1020/9912/4593/files/C33F0A14-109F-4B32-AE1B-6EAC60DD5368.jpg?v=1782543658,4,"",,,,,,,,,,,,,,,,,,,,kg,,,
glass-roman-top-pant-set,,,,,,,,,,,,,,,,,,,,,,,,,,,,,,,"",https://cdn.shopify.com/s/files/1/1020/9912/4593/files/AA0E754C-ED5F-4914-BD11-E02DD8500DB6.jpg?v=1782543658,5,"",,,,,,,,,,,,,,,,,,,,,,,
glass-roman-top-pant-set,,,,,,,,,,,,,,,,,,,,,,,,,,,,,,,"",https://cdn.shopify.com/s/files/1/1020/9912/4593/files/5F800E5F-CA4E-49F8-87FF-3EA1FACD6CF8.jpg?v=1782543658,6,"",,,,,,,,,,,,,,,,,,,,,,,
mul-chanderi-top-plazzo-dupatta-set,"Mul Chanderi Top, Plazzo & Dupatta Set","<p><span>TOP DETAILS</span><span><br> </span><span>• Fabric : Mul Chanderi</span><span><br> </span><span>• Work : Thread With Sequence Work</span><span><br> </span><span>• Lining : Soft Micro Inner</span><span><br> </span><span>• Length : 40 Inches</span><span><br> </span><span>• Size : M(38), L(40), XL(42), XXL(44) With 3XL(46) Margin | Fully Stitched Ready To Wear</span></p>
<p><span>PLAZZO DETAILS</span><span><br> </span><span>• Fabric : Mul Chanderi</span><span><br> </span><span>• Work : Thread With Sequence Work</span><span><br> </span><span>• Lining : Comfortable Micro</span><span><br> </span><span>• Length : 40 Inches</span><span><br> </span><span>• Size : Fully Stitched Up To Size 44 With Elastic Waistband</span></p>
<p><span>DUPATTA DETAILS</span><span><br> </span><span>• Fabric : Mul Chanderi</span><span><br> </span><span>• Work : Thread With Sequence Work</span><span><br> </span><span>• Length : 2.2 Meters</span></p>",Anjuclothing ,,"","",true,Size,M,,,,,,,,,0.0,shopify,100,deny,manual,1799.00,,true,false,,,,,"",https://cdn.shopify.com/s/files/1/1020/9912/4593/files/80EA93B3-BAE1-4B27-BDC1-4F2BF0576A71.png?v=1788953682,1,"",false,,,,,,,,,,,,,,,,,,,kg,,,active
mul-chanderi-top-plazzo-dupatta-set,,,,,,,,,L,,,,,,,,,0.0,shopify,100,deny,manual,1799.00,,true,false,,,,,"",https://cdn.shopify.com/s/files/1/1020/9912/4593/files/573350CF-BAC4-4036-B605-F7E27E49365A.jpg?v=1782542804,2,"",,,,,,,,,,,,,,,,,,,,kg,,,
mul-chanderi-top-plazzo-dupatta-set,,,,,,,,,Xl,,,,,,,,,0.0,shopify,100,deny,manual,1799.00,,true,false,,,,,"",https://cdn.shopify.com/s/files/1/1020/9912/4593/files/A1EF4AC1-1551-4DB3-8CBC-206C036C0BB0.jpg?v=1782542804,3,"",,,,,,,,,,,,,,,,,,,,kg,,,
mul-chanderi-top-plazzo-dupatta-set,,,,,,,,,2xl,,,,,,,,,0.0,shopify,100,deny,manual,1799.00,,true,false,,,,,"",https://cdn.shopify.com/s/files/1/1020/9912/4593/files/EC342DB7-C84D-4274-AB90-91C1691FA382.jpg?v=1782542804,4,"",,,,,,,,,,,,,,,,,,,,kg,,,
mul-chanderi-top-plazzo-dupatta-set,,,,,,,,,,,,,,,,,,,,,,,,,,,,,,,"",https://cdn.shopify.com/s/files/1/1020/9912/4593/files/00C2453D-D2F0-4B1C-A66E-E1586469A274.jpg?v=1782542804,5,"",,,,,,,,,,,,,,,,,,,,,,,
mul-chanderi-top-plazzo-dupatta-set,,,,,,,,,,,,,,,,,,,,,,,,,,,,,,,"",https://cdn.shopify.com/s/files/1/1020/9912/4593/files/D977746D-D6C2-4E40-848E-7F7099E2CE0C.jpg?v=1782542804,6,"",,,,,,,,,,,,,,,,,,,,,,,
mul-chanderi-top-plazzo-dupatta-set,,,,,,,,,,,,,,,,,,,,,,,,,,,,,,,"",https://cdn.shopify.com/s/files/1/1020/9912/4593/files/8D1639D2-304F-47E1-8F8D-97C0A0A56DE0.jpg?v=1782542804,7,"",,,,,,,,,,,,,,,,,,,,,,,
satin-rayon-top-plazzo-dupatta,"Satin Rayon Top, Plazzo & Dupatta","<p><span>TOP DETAILS</span><span><br> </span><span>• Fabric : Pure Satin Rayon</span><span><br> </span><span>• Work : Embroidery 3mm Sequence Work With Fancy Moti Latkan Border &amp; Sleeves</span><span><br> </span><span>• Inner : Micro Cotton</span><span><br> </span><span>• Length : 42-43 Inches</span><span><br> </span><span>• Size : M(38), L(40), XL(42), XXL(44) | Fully Stitched Ready To Wear</span></p>
<p><span>PLAZZO DETAILS</span><span><br> </span><span>• Fabric : Pure Satin Rayon</span><span><br> </span><span>• Work : Embroidery 3mm Sequence Work</span><span><br> </span><span>• Inner : Micro Cotton</span><span><br> </span><span>• Length : 39-40 Inches</span><span><br> </span><span>• Size : Free Size | Fully Stitched With Elastic Waist</span></p>
<p><span>DUPATTA DETAILS</span><span><br> </span><span>• Fabric : Pure Soft Organza Silk</span><span><br> </span><span>• Work : Embroidery Work With Cutwork</span><span><br> </span><span>• Length : 2.20 Meters</span></p>",Anjuclothing ,,"","",true,Size,M,,,,,,,,,0.0,shopify,100,deny,manual,1850.00,,true,false,,,,,"",https://cdn.shopify.com/s/files/1/1020/9912/4593/files/1FE836B6-4B74-483D-A6F7-2EFF58557DA8.png?v=1788953681,1,"",false,,,,,,,,,,,,,,,,,,,kg,,,active
satin-rayon-top-plazzo-dupatta,,,,,,,,,L,,,,,,,,,0.0,shopify,100,deny,manual,1850.00,,true,false,,,,,"",https://cdn.shopify.com/s/files/1/1020/9912/4593/files/97D50869-533F-4E51-813A-162D093DC14E.jpg?v=1782542231,2,"",,,,,,,,,,,,,,,,,,,,kg,,,
satin-rayon-top-plazzo-dupatta,,,,,,,,,Xl,,,,,,,,,0.0,shopify,100,deny,manual,1850.00,,true,false,,,,,"",https://cdn.shopify.com/s/files/1/1020/9912/4593/files/AEDB679E-C958-4232-A266-3F04B02F0475.jpg?v=1782542230,3,"",,,,,,,,,,,,,,,,,,,,kg,,,
satin-rayon-top-plazzo-dupatta,,,,,,,,,2xl,,,,,,,,,0.0,shopify,100,deny,manual,1850.00,,true,false,,,,,"",https://cdn.shopify.com/s/files/1/1020/9912/4593/files/E909225F-E7A8-40E0-9A35-398C3622E056.jpg?v=1782542230,4,"",,,,,,,,,,,,,,,,,,,,kg,,,
heavy-pure-soft-fox-georgette-anarkali-pant-dupatta-set,"Heavy Pure Soft Fox Georgette Anarkali, Pant & Dupatta Set","<p><span>ANARKALI DETAILS</span><span><br> </span><span>• Fabric : Heavy Pure Soft Fox Georgette</span><span><br> </span><span>• Work : Lucknowi Sequence &amp; Thread Work With Full Sleeves, Padded &amp; Attached Zipper</span><span><br> </span><span>• Inner : Pure Micro Cotton With Canvas Patta</span><span><br> </span><span>• Length : 48-49 Inches</span><span><br> </span><span>• Flair : Approx. 4 Meters With Kali Cut &amp; Canvas Patta</span><span><br> </span><span>• Size : XS(34), S(36), M(38), L(40), XL(42), XXL(44) | Fully Stitched Ready To Wear</span></p>
<p><span>PANT DETAILS</span><span><br> </span><span>• Fabric : Micro Cotton Silk</span><span><br> </span><span>• Size : Free Size | Fully Stitched</span></p>
<p><span>DUPATTA DETAILS</span><span><br> </span><span>• Fabric : Pure Soft Fox Georgette</span><span><br> </span><span>• Style : Ruffle Style</span><span><br> </span><span>• Length : 2.2 Meters</span></p>",Anjuclothing ,,"","",true,Size,Xs,,,,,,,,,0.0,shopify,100,deny,manual,1850.00,3500.00,true,false,,,,,"",https://cdn.shopify.com/s/files/1/1020/9912/4593/files/B9293E32-D602-4B7E-829F-85DE17DC86AD.png?v=1788953682,1,"",false,,,,,,,,,,,,,,,,,,,kg,,,active
heavy-pure-soft-fox-georgette-anarkali-pant-dupatta-set,,,,,,,,,S,,,,,,,,,0.0,shopify,108,deny,manual,1850.00,3500.00,true,false,,,,,"",https://cdn.shopify.com/s/files/1/1020/9912/4593/files/70C320A2-1C59-4A92-B6CE-BCA9D6561842.jpg?v=1782542005,2,"",,,,,,,,,,,,,,,,,,,,kg,,,
heavy-pure-soft-fox-georgette-anarkali-pant-dupatta-set,,,,,,,,,M,,,,,,,,,0.0,shopify,100,deny,manual,1850.00,3500.00,true,false,,,,,"",https://cdn.shopify.com/s/files/1/1020/9912/4593/files/AC2E373D-F9B2-484D-9589-00FABE2F4931.jpg?v=1782542004,3,"",,,,,,,,,,,,,,,,,,,,kg,,,
heavy-pure-soft-fox-georgette-anarkali-pant-dupatta-set,,,,,,,,,L,,,,,,,,,0.0,shopify,100,deny,manual,1850.00,3500.00,true,false,,,,,"",https://cdn.shopify.com/s/files/1/1020/9912/4593/files/5E742FE1-DFEE-4668-A163-BC7F5ECFD362.jpg?v=1782542004,4,"",,,,,,,,,,,,,,,,,,,,kg,,,
heavy-pure-soft-fox-georgette-anarkali-pant-dupatta-set,,,,,,,,,Xl,,,,,,,,,0.0,shopify,100,deny,manual,1850.00,3500.00,true,false,,,,,"",https://cdn.shopify.com/s/files/1/1020/9912/4593/files/7551EBDC-F83B-461B-AB47-0DC957EA8AE9.jpg?v=1782542004,5,"",,,,,,,,,,,,,,,,,,,,kg,,,
heavy-pure-soft-fox-georgette-anarkali-pant-dupatta-set,,,,,,,,,2xl,,,,,,,,,0.0,shopify,100,deny,manual,1850.00,3500.00,true,false,,,,,"",,,,,,,,,,,,,,,,,,,,,,,kg,,,
fendy-silk-embroidery-thread-work-top-farshi-pant-dupatta-set,"Fendy Silk Embroidery Thread Work Top, Farshi Pant & Dupatta Set","<p><span>TOP DETAILS</span><span><br> </span><span>• Fabric : Fendy Silk</span><span><br> </span><span>• Work : Embroidery Thread Work</span><span><br> </span><span>• Inner : Heavy Micro Cotton</span><span><br> </span><span>• Sleeves : Full Sleeves</span><span><br> </span><span>• Length : 39-40 Inches</span><span><br> </span><span>• Size : M(38), L(40), XL(42), XXL(44) | Fully Stitched Ready To Wear</span></p>
<p><span>FARSHI PANT DETAILS</span><span><br> </span><span>• Fabric : Fendy Silk</span><span><br> </span><span>• Work : Embroidery Thread Work</span><span><br> </span><span>• Length : 39-40 Inches</span></p>
<p><span>DUPATTA DETAILS</span><span><br> </span><span>• Fabric : Fendy Silk</span><span><br> </span><span>• Work : Lace Border</span><span><br> </span><span>• Length : 2.10 Meters</span></p>",Anjuclothing ,,"","",true,Size,M,,,,,,,,,0.0,shopify,100,deny,manual,1550.00,,true,false,,,,,"",https://cdn.shopify.com/s/files/1/1020/9912/4593/files/F12DDC41-9912-4780-819A-0854A8894FC5.jpg?v=1788953682,1,"",false,,,,,,,,,,,,,,,,,,https://cdn.shopify.com/s/files/1/1020/9912/4593/files/F12DDC41-9912-4780-819A-0854A8894FC5.jpg?v=1788953682,kg,,,active
fendy-silk-embroidery-thread-work-top-farshi-pant-dupatta-set,,,,,,,,,L,,,,,,,,,0.0,shopify,100,deny,manual,1550.00,,true,false,,,,,"",https://cdn.shopify.com/s/files/1/1020/9912/4593/files/67814C1B-2391-4B1C-B29C-075E2B04D8E4.jpg?v=1782541725,2,"",,,,,,,,,,,,,,,,,,,https://cdn.shopify.com/s/files/1/1020/9912/4593/files/F12DDC41-9912-4780-819A-0854A8894FC5.jpg?v=1788953682,kg,,,
fendy-silk-embroidery-thread-work-top-farshi-pant-dupatta-set,,,,,,,,,Xl,,,,,,,,,0.0,shopify,100,deny,manual,1550.00,,true,false,,,,,"",https://cdn.shopify.com/s/files/1/1020/9912/4593/files/477E5269-3B3B-4A26-A99D-84E6E33DB59E.jpg?v=1782541725,3,"",,,,,,,,,,,,,,,,,,,https://cdn.shopify.com/s/files/1/1020/9912/4593/files/F12DDC41-9912-4780-819A-0854A8894FC5.jpg?v=1788953682,kg,,,
fendy-silk-embroidery-thread-work-top-farshi-pant-dupatta-set,,,,,,,,,2xl,,,,,,,,,0.0,shopify,100,deny,manual,1550.00,,true,false,,,,,"",https://cdn.shopify.com/s/files/1/1020/9912/4593/files/D9D48469-4149-4D7D-BD8B-F4296E0B9B7A.jpg?v=1782541725,4,"",,,,,,,,,,,,,,,,,,,https://cdn.shopify.com/s/files/1/1020/9912/4593/files/F12DDC41-9912-4780-819A-0854A8894FC5.jpg?v=1788953682,kg,,,
premium-chinon-silk-thread-sequence-work-top-plazzo-dupatta-set,"Premium Chinon Silk Thread & Sequence Work Top, Plazzo & Dupatta Set","<p><span>TOP DETAILS</span><span><br> </span><span>• Fabric : Chinon Silk</span><span><br> </span><span>• Work : Thread With Sequence Work</span><span><br> </span><span>• Lining : Soft Micro Cotton</span><span><br> </span><span>• Size : M(38), L(40), XL(42), XXL(44) With 3XL(46) Margin | Fully Stitched Ready To Wear</span></p>
<p><span>PLAZZO DETAILS</span><span><br> </span><span>• Fabric : Chinon Silk</span><span><br> </span><span>• Work : Thread With Sequence Work</span><span><br> </span><span>• Length : 41 Inches</span><span><br> </span><span>• Size : Fully Stitched Up To Size 44 With Stretchable Elastic Waist</span></p>
<p><span>DUPATTA DETAILS</span><span><br> </span><span>• Fabric : Soft Butterfly Net</span><span><br> </span><span>• Work : Thread With Sequence Work</span><span><br> </span><span>• Width : 2.2 Meters</span></p>",Anjuclothing ,,"","",true,Size,M,,,,,,,,,0.0,shopify,100,deny,manual,1950.00,3500.00,true,false,,,,,"",https://cdn.shopify.com/s/files/1/1020/9912/4593/files/EBDE1243-7D20-4B66-8115-D574A020DBD0.png?v=1788953682,1,"",false,,,,,,,,,,,,,,,,,,,kg,,,active
premium-chinon-silk-thread-sequence-work-top-plazzo-dupatta-set,,,,,,,,,L,,,,,,,,,0.0,shopify,100,deny,manual,1950.00,3500.00,true,false,,,,,"",https://cdn.shopify.com/s/files/1/1020/9912/4593/files/F0345A42-30F0-4548-A4D5-07208E62F4DD.jpg?v=1782541526,2,"",,,,,,,,,,,,,,,,,,,,kg,,,
premium-chinon-silk-thread-sequence-work-top-plazzo-dupatta-set,,,,,,,,,Xl,,,,,,,,,0.0,shopify,100,deny,manual,1950.00,3500.00,true,false,,,,,"",https://cdn.shopify.com/s/files/1/1020/9912/4593/files/7491E6EF-4CED-4090-904A-8771CB5341B9.jpg?v=1782541526,3,"",,,,,,,,,,,,,,,,,,,,kg,,,
premium-chinon-silk-thread-sequence-work-top-plazzo-dupatta-set,,,,,,,,,2xl,,,,,,,,,0.0,shopify,100,deny,manual,1950.00,3500.00,true,false,,,,,"",https://cdn.shopify.com/s/files/1/1020/9912/4593/files/1F01992E-B882-4CFD-82E0-C553D017B2A5.jpg?v=1782541526,4,"",,,,,,,,,,,,,,,,,,,,kg,,,
premium-chinon-silk-thread-sequence-work-top-plazzo-dupatta-set,,,,,,,,,,,,,,,,,,,,,,,,,,,,,,,"",https://cdn.shopify.com/s/files/1/1020/9912/4593/files/5365A103-0146-4224-BF74-3C2EE4E78151.jpg?v=1782541526,5,"",,,,,,,,,,,,,,,,,,,,,,,
premium-chinon-silk-thread-sequence-work-top-plazzo-dupatta-set,,,,,,,,,,,,,,,,,,,,,,,,,,,,,,,"",https://cdn.shopify.com/s/files/1/1020/9912/4593/files/A3C8267D-53E9-4157-B788-9A6307C31DB6.jpg?v=1782541526,6,"",,,,,,,,,,,,,,,,,,,,,,,
premium-chinon-silk-thread-sequence-work-top-plazzo-dupatta-set,,,,,,,,,,,,,,,,,,,,,,,,,,,,,,,"",https://cdn.shopify.com/s/files/1/1020/9912/4593/files/84D454DA-7248-4DB3-A797-55F79CDF3236.jpg?v=1782541526,7,"",,,,,,,,,,,,,,,,,,,,,,,
designer-party-wear-heavy-fox-georgette-top-palazzo-dupatta-set,"Designer Party Wear Heavy Fox Georgette Top, Palazzo & Dupatta Set","<p><span>TOP DETAILS</span><span><br> </span><span>• Fabric : Heavy Fox Georgette</span><span><br> </span><span>• Work : Heavy Embroidery Work</span><span><br> </span><span>• Inner : Micro Cotton</span><span><br> </span><span>• Length : 35-36 Inches</span><span><br> </span><span>• Size : M(38), L(40), XL(42), XXL(44) | Fully Stitched Ready To Wear</span></p>
<p><span>BOTTOM DETAILS</span><span><br> </span><span>• Fabric : Heavy Fox Georgette</span><span><br> </span><span>• Pattern : Elastic Waist</span><span><br> </span><span>• Length : 41 Inches</span></p>
<p><span>DUPATTA DETAILS</span><span><br> </span><span>• Fabric : Heavy Fox Georgette</span><span><br> </span><span>• Length : 2.2 Meters</span></p>",Anjuclothing ,,"","",true,Size,M,,,,,,,,,0.0,shopify,100,deny,manual,1599.00,,true,false,,,,,"",https://cdn.shopify.com/s/files/1/1020/9912/4593/files/47A2893E-1370-4C5D-9071-9B424354C014.png?v=1788953021,1,"",false,,,,,,,,,,,,,,,,,,,kg,,,active
designer-party-wear-heavy-fox-georgette-top-palazzo-dupatta-set,,,,,,,,,L,,,,,,,,,0.0,shopify,100,deny,manual,1599.00,,true,false,,,,,"",https://cdn.shopify.com/s/files/1/1020/9912/4593/files/7F185C7F-FEDD-46E9-83C4-98ACA4B70911.jpg?v=1782541374,2,"",,,,,,,,,,,,,,,,,,,,kg,,,
designer-party-wear-heavy-fox-georgette-top-palazzo-dupatta-set,,,,,,,,,Xl,,,,,,,,,0.0,shopify,100,deny,manual,1599.00,,true,false,,,,,"",https://cdn.shopify.com/s/files/1/1020/9912/4593/files/0F9B787F-7F26-43B4-9B98-1F050850C6F2.jpg?v=1782541374,3,"",,,,,,,,,,,,,,,,,,,,kg,,,
designer-party-wear-heavy-fox-georgette-top-palazzo-dupatta-set,,,,,,,,,2xl,,,,,,,,,0.0,shopify,100,deny,manual,1599.00,,true,false,,,,,"",https://cdn.shopify.com/s/files/1/1020/9912/4593/files/DF2F4D76-679C-4657-B1B5-C485C0729179.jpg?v=1782541373,4,"",,,,,,,,,,,,,,,,,,,,kg,,,
designer-party-wear-heavy-fox-georgette-top-palazzo-dupatta-set,,,,,,,,,,,,,,,,,,,,,,,,,,,,,,,"",https://cdn.shopify.com/s/files/1/1020/9912/4593/files/786E5497-4D86-4517-9435-5A79FB585076.jpg?v=1782541373,5,"",,,,,,,,,,,,,,,,,,,,,,,
presented-our-new-sequence-embroidered-gown,PRESENTED OUR NEW SEQUENCE EMBROIDERED GOWN,"<p><span>GOWN DETAILS</span><span><br> </span><span>• Fabric : Georgette</span><span><br> </span><span>• Work : Sequence Embroidery Work</span><span><br> </span><span>• Inner : Micro Cotton</span><span><br> </span><span>• Length : 48-49 Inches</span><span><br> </span><span>• Flair : Approx. 4 Meters</span><span><br> </span><span>• Size : S(36), M(38), L(40), XL(42), XXL(44) | Fully Stitched Ready To Wear</span></p>
<p><span>PANT DETAILS</span><span><br> </span><span>• Fabric : Micro Cotton</span><span><br> </span><span>• Length : 39 Inches</span><span><br> </span><span>• Size : Free Size</span></p>
<p><span>DUPATTA DETAILS</span><span><br> </span><span>• Fabric : Georgette</span><span><br> </span><span>• Work : Sequence Embroidery</span><span><br> </span><span>• Length : 2.3 Meters</span></p>",Anjuclothing ,Apparel & Accessories > Clothing > Traditional & Ceremonial Clothing,"","",true,Size,s,product.metafields.shopify.size,,,,,,,,0.0,shopify,100,deny,manual,1599.00,,true,false,,,,,"",https://cdn.shopify.com/s/files/1/1020/9912/4593/files/612C5FB8-1530-4865-A0F9-3BE60EC5F029.png?v=1788953020,1,"",false,,,,,adults,pink; floral; red,,,polyester; cotton,round,,,s; m; l; xl; 2xl,,3-4,female,,,kg,,,active
presented-our-new-sequence-embroidered-gown,,,,,,,,,m,,,,,,,,,0.0,shopify,100,deny,manual,1599.00,,true,false,,,,,"",https://cdn.shopify.com/s/files/1/1020/9912/4593/files/A2825205-D045-498A-A007-A6DF68FB2D95.jpg?v=1782541132,2,"",,,,,,,,,,,,,,,,,,,,kg,,,
presented-our-new-sequence-embroidered-gown,,,,,,,,,l,,,,,,,,,0.0,shopify,100,deny,manual,1599.00,,true,false,,,,,"",https://cdn.shopify.com/s/files/1/1020/9912/4593/files/425F4D07-C4B8-4C90-BA1A-E08F5233494E.jpg?v=1782541132,3,"",,,,,,,,,,,,,,,,,,,,kg,,,
presented-our-new-sequence-embroidered-gown,,,,,,,,,xl,,,,,,,,,0.0,shopify,100,deny,manual,1599.00,,true,false,,,,,"",https://cdn.shopify.com/s/files/1/1020/9912/4593/files/725ED632-C466-45C9-9DB8-BB2DE014FE4D.jpg?v=1782541132,4,"",,,,,,,,,,,,,,,,,,,,kg,,,
presented-our-new-sequence-embroidered-gown,,,,,,,,,2xl,,,,,,,,,0.0,shopify,100,deny,manual,1599.00,,true,false,,,,,"",https://cdn.shopify.com/s/files/1/1020/9912/4593/files/9AB2107E-8839-4DEC-90E2-62CFAA57C850.jpg?v=1782541132,5,"",,,,,,,,,,,,,,,,,,,,kg,,,
designer-party-wear-look-pur-glass-satin-top-farshi-palazzo-with-dupatta,Designer Party Wear Look Pur Glass Satin Top & Farshi Palazzo With Dupatta,"<p><span>TOP DETAILS</span><span><br> </span><span>• Fabric : Pure Roman Glass Silk</span><span><br> </span><span>• Work : Embroidery 3mm Sequence Work With Rivet Moti Work &amp; Fancy Bell Sleeves</span><span><br> </span><span>• Inner : Micro Cotton</span><span><br> </span><span>• Length : 37-38 Inches</span><span><br> </span><span>• Size : M(38), L(40), XL(42), XXL(44) | Fully Stitched Ready To Wear</span></p>
<p><span>FARSHI PLAZZO DETAILS</span><span><br> </span><span>• Fabric : Pure Roman Glass Silk</span><span><br> </span><span>• Work : Embroidery 3mm Sequence Work</span><span><br> </span><span>• Inner : Micro Cotton</span><span><br> </span><span>• Style : Farshi Plazzo</span><span><br> </span><span>• Length : 40-41 Inches</span><span><br> </span><span>• Size : Fully Stitched With Elastic Waist</span></p>
<p><span>DUPATTA DETAILS</span><span><br> </span><span>• Fabric : Pure Soft Organza Silk</span><span><br> </span><span>• Work : Rivet Moti Work With Four Side Embroidery 3mm Sequence Lace Border &amp; Cutwork</span><span><br> </span><span>• Length : 2.20 Meters</span></p>",Anjuclothing ,Apparel & Accessories > Clothing > Traditional & Ceremonial Clothing,"","",true,Size,m,product.metafields.shopify.size,,,,,,,,0.0,shopify,100,deny,manual,1699.00,3500.00,true,false,,,,,"",https://cdn.shopify.com/s/files/1/1020/9912/4593/files/14725F87-E66B-41E0-9101-F6259DE922A3.png?v=1788953021,1,"",false,,,,,adults,floral,,,silk,round,,,m; l; xl; 2xl,,long,female,,,kg,,,active
designer-party-wear-look-pur-glass-satin-top-farshi-palazzo-with-dupatta,,,,,,,,,l,,,,,,,,,0.0,shopify,100,deny,manual,1699.00,3500.00,true,false,,,,,"",https://cdn.shopify.com/s/files/1/1020/9912/4593/files/D82B10CA-263A-4A1A-AF04-CBB153344B0D.jpg?v=1782533213,2,"",,,,,,,,,,,,,,,,,,,,kg,,,
designer-party-wear-look-pur-glass-satin-top-farshi-palazzo-with-dupatta,,,,,,,,,xl,,,,,,,,,0.0,shopify,100,deny,manual,1699.00,3500.00,true,false,,,,,"",https://cdn.shopify.com/s/files/1/1020/9912/4593/files/105212A1-D6EC-4649-8F37-69FE650C617C.jpg?v=1782533213,3,"",,,,,,,,,,,,,,,,,,,,kg,,,
designer-party-wear-look-pur-glass-satin-top-farshi-palazzo-with-dupatta,,,,,,,,,2xl,,,,,,,,,0.0,shopify,100,deny,manual,1699.00,3500.00,true,false,,,,,"",https://cdn.shopify.com/s/files/1/1020/9912/4593/files/A0D7770D-73D0-42F1-AB69-D9DCFD421925.jpg?v=1782533213,4,"",,,,,,,,,,,,,,,,,,,,kg,,,
pure-fox-georgette-fabric-fully-flare-anarkali,PURE FOX GEORGETTE FABRIC FULLY FLARE ANARKALI,"<p><span>ANARKALI DETAILS</span><span><br> </span><span>• Fabric : Heavy Pure Fox Georgette</span><span><br> </span><span>• Work : Yoke Fancy Work Koti, 16 Kali Gown, Full Churidar Sleeves, Side Zipper, Backside Fancy Tassels</span><span><br> </span><span>• Inner : Pure Microscrape Full Lining With Bottom Canvas Patta</span><span><br> </span><span>• Length : 48-49 Inches</span><span><br> </span><span>• Flair : 4 Meters</span><span><br> </span><span>• Size : XS(34), S(36), M(38), L(40), XL(42), XXL(44) | Fully Stitched Ready To Wear</span></p>
<p><span>PANT DETAILS</span><span><br> </span><span>• Fabric : Pure Microscrape</span><span><br> </span><span>• Size : Free Size | Fully Stitched</span></p>
<p><span>DUPATTA DETAILS</span><span><br> </span><span>• Fabric : Pure Fox Georgette</span><span><br> </span><span>• Work : Embroidery Sequence &amp; Jari Work With Fancy Border</span><span><br> </span><span>• Length : 2.2 Meters</span></p>",Anjuclothing ,,"","",true,Size,Xs,,,,,,,,,0.0,shopify,100,deny,manual,1599.00,,true,false,,,,,"",https://cdn.shopify.com/s/files/1/1020/9912/4593/files/CA22EDCA-74A2-4A6C-9613-80A56B4023A3.png?v=1788953020,1,"",false,,,,,,,,,,,,,,,,,,,kg,,,active
pure-fox-georgette-fabric-fully-flare-anarkali,,,,,,,,,S,,,,,,,,,0.0,shopify,100,deny,manual,1599.00,,true,false,,,,,"",https://cdn.shopify.com/s/files/1/1020/9912/4593/files/9B3937F4-1F4D-4A74-8EC3-480786812790.jpg?v=1782532714,2,"",,,,,,,,,,,,,,,,,,,,kg,,,
pure-fox-georgette-fabric-fully-flare-anarkali,,,,,,,,,M,,,,,,,,,0.0,shopify,100,deny,manual,1599.00,,true,false,,,,,"",https://cdn.shopify.com/s/files/1/1020/9912/4593/files/D5ED1B32-4BCD-4A1E-85B1-C94A4748BE63.jpg?v=1782532714,3,"",,,,,,,,,,,,,,,,,,,,kg,,,
pure-fox-georgette-fabric-fully-flare-anarkali,,,,,,,,,L,,,,,,,,,0.0,shopify,100,deny,manual,1599.00,,true,false,,,,,"",https://cdn.shopify.com/s/files/1/1020/9912/4593/files/D9A06747-76AC-4C90-B9AD-677134335F5F.jpg?v=1782532714,4,"",,,,,,,,,,,,,,,,,,,,kg,,,
pure-fox-georgette-fabric-fully-flare-anarkali,,,,,,,,,Xl,,,,,,,,,0.0,shopify,100,deny,manual,1599.00,,true,false,,,,,"",,,,,,,,,,,,,,,,,,,,,,,kg,,,
pure-fox-georgette-fabric-fully-flare-anarkali,,,,,,,,,2xl,,,,,,,,,0.0,shopify,100,deny,manual,1599.00,,true,false,,,,,"",,,,,,,,,,,,,,,,,,,,,,,kg,,,
summer-trendy-co-ord-set,SUMMER TRENDY CO-ORD SET,"<p><span>TOP DETAILS</span><span><br> </span><span>• Fabric : Roman</span><span><br> </span><span>• Work : Embroidery Work</span><span><br> </span><span>• Inner : Micro</span><span><br> </span><span>• Length : 38 Inches</span><span><br> </span><span>• Size : M(38), L(40), XL(42), XXL(44) | Fully Stitched Ready To Wear</span></p>
<p><span>PANT DETAILS</span><span><br> </span><span>• Fabric : Roman</span><span><br> </span><span>• Work : Embroidery Work</span><span><br> </span><span>• Length : 39 Inches</span><span><br> </span><span>• Size : Fully Stitched Up To Size 42 With Elastic Waistband</span></p>",Anjuclothing ,Apparel & Accessories > Clothing > Outfit Sets,"","",true,Size,m,product.metafields.shopify.size,,,,,,,,0.0,shopify,100,deny,manual,1599.00,3500.00,true,false,,,,,"",https://cdn.shopify.com/s/files/1/1020/9912/4593/files/0022ABB6-4006-4A0E-B57F-86D3E61E83A1.png?v=1788953021,1,"",false,,,,,adults,white; dots,,,,round,long,,m; l; xl; 2xl,,long,female,long,,kg,,,active
summer-trendy-co-ord-set,,,,,,,,,l,,,,,,,,,0.0,shopify,100,deny,manual,1599.00,3500.00,true,false,,,,,"",https://cdn.shopify.com/s/files/1/1020/9912/4593/files/A383BA3D-0829-4DE5-BFC6-C731918353FE.jpg?v=1782388637,2,"",,,,,,,,,,,,,,,,,,,,kg,,,
summer-trendy-co-ord-set,,,,,,,,,xl,,,,,,,,,0.0,shopify,100,deny,manual,1599.00,3500.00,true,false,,,,,"",https://cdn.shopify.com/s/files/1/1020/9912/4593/files/C16B7E7E-C9F9-4213-A3EA-E6D5362E2D8A.jpg?v=1782388637,3,"",,,,,,,,,,,,,,,,,,,,kg,,,
summer-trendy-co-ord-set,,,,,,,,,2xl,,,,,,,,,0.0,shopify,100,deny,manual,1599.00,3500.00,true,false,,,,,"",https://cdn.shopify.com/s/files/1/1020/9912/4593/files/7142D50C-306F-4FC3-B6BF-F292198B5B32.jpg?v=1782388637,4,"",,,,,,,,,,,,,,,,,,,,kg,,,
summer-trendy-co-ord-set,,,,,,,,,,,,,,,,,,,,,,,,,,,,,,,"",https://cdn.shopify.com/s/files/1/1020/9912/4593/files/F69C6B65-2EAB-45A5-B82A-AD86CC63398E.jpg?v=1782388638,5,"",,,,,,,,,,,,,,,,,,,,,,,
summer-trendy-co-ord-set,,,,,,,,,,,,,,,,,,,,,,,,,,,,,,,"",https://cdn.shopify.com/s/files/1/1020/9912/4593/files/347352B9-279D-43AE-AA54-C0033BE8671C.jpg?v=1782388637,6,"",,,,,,,,,,,,,,,,,,,,,,,
beautiful-sequence-work-soft-fandy-silk-along-with-full-stitched-blouse,Beautiful Sequence work  Soft Fandy Silk  along with Full Stitched Blouse,"<p><span>SAREE DETAILS</span><span><br> </span><span>• Fabric : Pure Soft Fendy Satin Silk Saree</span><span><br> </span><span>• Work : Amazing Embroidery Sequence Work With Multi Borders &amp; Aarco</span><span><br> </span><span>• Length : 5.5 Meters</span></p>
<p><span>BLOUSE DETAILS</span><span><br> </span><span>• Fabric : Fendy Satin Silk</span><span><br> </span><span>• Work : Sequence Work</span><span><br> </span><span>• Size : Fully Stitched | Fits Up To 42 Inches</span></p>",Anjuclothing ,,"","",true,Colour,Teal,,Size,Free size,,,,,,0.0,shopify,100,deny,manual,1499.00,,true,false,,,,,"",https://cdn.shopify.com/s/files/1/1020/9912/4593/files/52815923-E360-432F-A7F8-2674C8297A95.png?v=1788952378,1,"",false,,,,,,,,,,,,,,,,,,https://cdn.shopify.com/s/files/1/1020/9912/4593/files/5D7A075D-5129-4C20-BE74-EFFA6114E9B6.jpg?v=1782369957,kg,,,active
beautiful-sequence-work-soft-fandy-silk-along-with-full-stitched-blouse,,,,,,,,,Pink,,,Free size,,,,,,0.0,shopify,300,deny,manual,1499.00,,true,false,,,,,"",https://cdn.shopify.com/s/files/1/1020/9912/4593/files/5D7A075D-5129-4C20-BE74-EFFA6114E9B6.jpg?v=1782369957,2,"",,,,,,,,,,,,,,,,,,,https://cdn.shopify.com/s/files/1/1020/9912/4593/files/1C5ABFF8-A746-4B5C-B805-72841866E11A.jpg?v=1782369957,kg,,,
beautiful-sequence-work-soft-fandy-silk-along-with-full-stitched-blouse,,,,,,,,,Red,,,Free size,,,,,,0.0,shopify,100,deny,manual,1499.00,,true,false,,,,,"",https://cdn.shopify.com/s/files/1/1020/9912/4593/files/1C5ABFF8-A746-4B5C-B805-72841866E11A.jpg?v=1782369957,3,"",,,,,,,,,,,,,,,,,,,https://cdn.shopify.com/s/files/1/1020/9912/4593/files/331E6604-FC5B-42D0-8FE0-E75BBA836DBF.jpg?v=1782369957,kg,,,
beautiful-sequence-work-soft-fandy-silk-along-with-full-stitched-blouse,,,,,,,,,White,,,Free size,,,,,,0.0,shopify,100,deny,manual,1499.00,,true,false,,,,,"",https://cdn.shopify.com/s/files/1/1020/9912/4593/files/331E6604-FC5B-42D0-8FE0-E75BBA836DBF.jpg?v=1782369957,4,"",,,,,,,,,,,,,,,,,,,https://cdn.shopify.com/s/files/1/1020/9912/4593/files/8D7B31DA-1203-40E1-A9FA-0AD0B6A660A2.jpg?v=1782369957,kg,,,
beautiful-sequence-work-soft-fandy-silk-along-with-full-stitched-blouse,,,,,,,,,Peach,,,Free size,,,,,,0.0,shopify,100,deny,manual,1499.00,,true,false,,,,,"",https://cdn.shopify.com/s/files/1/1020/9912/4593/files/8D7B31DA-1203-40E1-A9FA-0AD0B6A660A2.jpg?v=1782369957,5,"",,,,,,,,,,,,,,,,,,,https://cdn.shopify.com/s/files/1/1020/9912/4593/files/43288DE4-7B1B-4A3E-91E3-FC79A8300424.jpg?v=1782369957,kg,,,
beautiful-sequence-work-soft-fandy-silk-along-with-full-stitched-blouse,,,,,,,,,Magenta pink,,,Free size,,,,,,0.0,shopify,100,deny,manual,1499.00,,true,false,,,,,"",https://cdn.shopify.com/s/files/1/1020/9912/4593/files/43288DE4-7B1B-4A3E-91E3-FC79A8300424.jpg?v=1782369957,6,"",,,,,,,,,,,,,,,,,,,https://cdn.shopify.com/s/files/1/1020/9912/4593/files/6E1426D9-12DE-45D9-A57E-E37F783E05A0.jpg?v=1782369957,kg,,,
beautiful-sequence-work-soft-fandy-silk-along-with-full-stitched-blouse,,,,,,,,,Skyblue,,,Free size,,,,,,0.0,shopify,100,deny,manual,1499.00,,true,false,,,,,"",https://cdn.shopify.com/s/files/1/1020/9912/4593/files/6E1426D9-12DE-45D9-A57E-E37F783E05A0.jpg?v=1782369957,7,"",,,,,,,,,,,,,,,,,,,https://cdn.shopify.com/s/files/1/1020/9912/4593/files/74FBED00-A316-4297-B22D-102521EF6ECB.jpg?v=1782369957,kg,,,
beautiful-sequence-work-soft-fandy-silk-along-with-full-stitched-blouse,,,,,,,,,Green,,,Free size,,,,,,0.0,shopify,100,deny,manual,1499.00,,true,false,,,,,"",https://cdn.shopify.com/s/files/1/1020/9912/4593/files/74FBED00-A316-4297-B22D-102521EF6ECB.jpg?v=1782369957,8,"",,,,,,,,,,,,,,,,,,,https://cdn.shopify.com/s/files/1/1020/9912/4593/files/231B7113-7D44-4F78-B8A0-FC82E121B40A.jpg?v=1782369957,kg,,,
beautiful-sequence-work-soft-fandy-silk-along-with-full-stitched-blouse,,,,,,,,,Onion pink,,,Free size,,,,,,0.0,shopify,100,deny,manual,1499.00,,true,false,,,,,"",https://cdn.shopify.com/s/files/1/1020/9912/4593/files/231B7113-7D44-4F78-B8A0-FC82E121B40A.jpg?v=1782369957,9,"",,,,,,,,,,,,,,,,,,,https://cdn.shopify.com/s/files/1/1020/9912/4593/files/ABFD7862-2824-40E5-BCCB-709CF2A0623A.jpg?v=1782369957,kg,,,
beautiful-sequence-work-soft-fandy-silk-along-with-full-stitched-blouse,,,,,,,,,Violet,,,Free size,,,,,,0.0,shopify,100,deny,manual,1499.00,,true,false,,,,,"",https://cdn.shopify.com/s/files/1/1020/9912/4593/files/ABFD7862-2824-40E5-BCCB-709CF2A0623A.jpg?v=1782369957,10,"",,,,,,,,,,,,,,,,,,,https://cdn.shopify.com/s/files/1/1020/9912/4593/files/9171A82A-14F6-4365-B4E1-8B3882EA4CAA.jpg?v=1782369958,kg,,,
beautiful-sequence-work-soft-fandy-silk-along-with-full-stitched-blouse,,,,,,,,,,,,,,,,,,,,,,,,,,,,,,,"",https://cdn.shopify.com/s/files/1/1020/9912/4593/files/9171A82A-14F6-4365-B4E1-8B3882EA4CAA.jpg?v=1782369958,11,"",,,,,,,,,,,,,,,,,,,,,,,
beautiful-sequence-work-soft-fandy-silk-along-with-full-stitched-blouse,,,,,,,,,,,,,,,,,,,,,,,,,,,,,,,"",https://cdn.shopify.com/s/files/1/1020/9912/4593/files/603A434C-1388-4A94-B5B6-824D1E4B1433.jpg?v=1782369957,12,"",,,,,,,,,,,,,,,,,,,,,,,
beautiful-sequence-work-soft-fandy-silk-along-with-full-stitched-blouse,,,,,,,,,,,,,,,,,,,,,,,,,,,,,,,"",https://cdn.shopify.com/s/files/1/1020/9912/4593/files/D2AB6031-4983-4649-8F78-79B350B4688A.jpg?v=1782369957,13,"",,,,,,,,,,,,,,,,,,,,,,,
beautiful-sequence-work-soft-fandy-silk-along-with-full-stitched-blouse,,,,,,,,,,,,,,,,,,,,,,,,,,,,,,,"",https://cdn.shopify.com/s/files/1/1020/9912/4593/files/3B7068F7-E800-48B4-89C5-65DBEE92F5CF.jpg?v=1782369957,14,"",,,,,,,,,,,,,,,,,,,,,,,
beautiful-sequence-work-soft-fandy-silk-along-with-full-stitched-blouse,,,,,,,,,,,,,,,,,,,,,,,,,,,,,,,"",https://cdn.shopify.com/s/files/1/1020/9912/4593/files/E7800A38-80CE-4C23-A91F-75C2ED6EF77D.jpg?v=1782369957,15,"",,,,,,,,,,,,,,,,,,,,,,,
beautiful-sequence-work-soft-fandy-silk-along-with-full-stitched-blouse,,,,,,,,,,,,,,,,,,,,,,,,,,,,,,,"",https://cdn.shopify.com/s/files/1/1020/9912/4593/files/C0DEAE0A-011F-40E6-90A3-38B44E93F7AF.jpg?v=1782369957,16,"",,,,,,,,,,,,,,,,,,,,,,,
beautiful-sequence-work-soft-fandy-silk-along-with-full-stitched-blouse,,,,,,,,,,,,,,,,,,,,,,,,,,,,,,,"",https://cdn.shopify.com/s/files/1/1020/9912/4593/files/4A1C0F31-39DE-4698-BB8C-93FEDAE1F5DB.jpg?v=1782369957,17,"",,,,,,,,,,,,,,,,,,,,,,,
beautiful-sequence-work-soft-fandy-silk-along-with-full-stitched-blouse,,,,,,,,,,,,,,,,,,,,,,,,,,,,,,,"",https://cdn.shopify.com/s/files/1/1020/9912/4593/files/D318DD4F-4A7F-4AB4-A3FC-CCA52589D5BF.jpg?v=1782369957,18,"",,,,,,,,,,,,,,,,,,,,,,,
beautiful-sequence-work-soft-fandy-silk-along-with-full-stitched-blouse,,,,,,,,,,,,,,,,,,,,,,,,,,,,,,,"",https://cdn.shopify.com/s/files/1/1020/9912/4593/files/E36B4F0C-5CDA-43CD-9A73-E4A64DF49B48.jpg?v=1782369957,19,"",,,,,,,,,,,,,,,,,,,,,,,
beautiful-sequence-work-soft-fandy-silk-along-with-full-stitched-blouse,,,,,,,,,,,,,,,,,,,,,,,,,,,,,,,"",https://cdn.shopify.com/s/files/1/1020/9912/4593/files/B23408F2-386B-4832-820F-A7E12C2891B0.jpg?v=1782369957,20,"",,,,,,,,,,,,,,,,,,,,,,,
beautiful-sequence-work-soft-fandy-silk-along-with-full-stitched-blouse,,,,,,,,,,,,,,,,,,,,,,,,,,,,,,,"",https://cdn.shopify.com/s/files/1/1020/9912/4593/files/6274D599-47A8-46AB-9E72-B4162BDB7076.jpg?v=1782369957,21,"",,,,,,,,,,,,,,,,,,,,,,,
beautiful-sequence-work-soft-fandy-silk-along-with-full-stitched-blouse,,,,,,,,,,,,,,,,,,,,,,,,,,,,,,,"",https://cdn.shopify.com/s/files/1/1020/9912/4593/files/9FB7AD63-FC38-4F6F-AC8B-73F2BA4C3038.jpg?v=1782369957,22,"",,,,,,,,,,,,,,,,,,,,,,,
beautiful-sequence-work-soft-fandy-silk-along-with-full-stitched-blouse,,,,,,,,,,,,,,,,,,,,,,,,,,,,,,,"",https://cdn.shopify.com/s/files/1/1020/9912/4593/files/ECF2E7FC-7E1B-445E-8A23-573F789A8D6A.jpg?v=1782369957,23,"",,,,,,,,,,,,,,,,,,,,,,,
beautiful-sequence-work-soft-fandy-silk-along-with-full-stitched-blouse,,,,,,,,,,,,,,,,,,,,,,,,,,,,,,,"",https://cdn.shopify.com/s/files/1/1020/9912/4593/files/AD275E0E-CDFE-417F-9D04-462CC36E6177.jpg?v=1782369957,24,"",,,,,,,,,,,,,,,,,,,,,,,
beautiful-sequence-work-soft-fandy-silk-along-with-full-stitched-blouse,,,,,,,,,,,,,,,,,,,,,,,,,,,,,,,"",https://cdn.shopify.com/s/files/1/1020/9912/4593/files/50FD6780-31B7-49C7-A09B-726721560B8F.jpg?v=1782369957,25,"",,,,,,,,,,,,,,,,,,,,,,,
beautiful-sequence-work-soft-fandy-silk-along-with-full-stitched-blouse,,,,,,,,,,,,,,,,,,,,,,,,,,,,,,,"",https://cdn.shopify.com/s/files/1/1020/9912/4593/files/128AB255-466D-494A-A061-33AFB4C9E744.jpg?v=1782369957,26,"",,,,,,,,,,,,,,,,,,,,,,,
beautiful-sequence-work-soft-fandy-silk-along-with-full-stitched-blouse,,,,,,,,,,,,,,,,,,,,,,,,,,,,,,,"",https://cdn.shopify.com/s/files/1/1020/9912/4593/files/A110BA56-03C9-4302-9C15-7F67AEC44406.jpg?v=1782369957,27,"",,,,,,,,,,,,,,,,,,,,,,,
beautiful-sequence-work-soft-fandy-silk-along-with-full-stitched-blouse,,,,,,,,,,,,,,,,,,,,,,,,,,,,,,,"",https://cdn.shopify.com/s/files/1/1020/9912/4593/files/7F3EB87A-BB63-44BC-BAB7-117A8A9C4E0F.jpg?v=1782369957,28,"",,,,,,,,,,,,,,,,,,,,,,,
beautiful-sequence-work-soft-fandy-silk-along-with-full-stitched-blouse,,,,,,,,,,,,,,,,,,,,,,,,,,,,,,,"",https://cdn.shopify.com/s/files/1/1020/9912/4593/files/2886B08D-3AFB-403E-97BA-7625CC076054.jpg?v=1782369957,29,"",,,,,,,,,,,,,,,,,,,,,,,
classy-elegant-look-soft-kota-doriya-fabric-south-style,Classy & Elegant Look Soft Kota Doriya fabric South Style,"<p><span>SAREE DETAILS</span><span><br> </span><span>• Fabric : Soft Kota Doriya Fabric</span><span><br> </span><span>• Work : Applique Work With Kota Doriya</span><span><br> </span><span>• Length : 5.5 Meters</span></p>
<p><span>BLOUSE DETAILS</span><span><br> </span><span>• Fabric : Soft Kota Doriya Fabric</span><span><br> </span><span>• Work : Applique Work With Kota Doriya</span><span><br> </span><span>• Size : 0.80 Meter | Unstitched</span></p>",Anjuclothing ,,"","",true,Colour,Butter yellow,,,,,,,,,0.0,shopify,100,deny,manual,1750.00,2800.00,true,false,,,,,"",https://cdn.shopify.com/s/files/1/1020/9912/4593/files/IMG-1713.png?v=1788931197,1,"",false,,,,,,,,,,,,,,,,,,https://cdn.shopify.com/s/files/1/1020/9912/4593/files/D32A4FDB-1D98-4ADF-BCEB-5ACFEB7E5BAF.jpg?v=1782357742,kg,,,active
classy-elegant-look-soft-kota-doriya-fabric-south-style,,,,,,,,,Beige,,,,,,,,,0.0,shopify,100,deny,manual,1750.00,2800.00,true,false,,,,,"",https://cdn.shopify.com/s/files/1/1020/9912/4593/files/D32A4FDB-1D98-4ADF-BCEB-5ACFEB7E5BAF.jpg?v=1782357742,2,"",,,,,,,,,,,,,,,,,,,https://cdn.shopify.com/s/files/1/1020/9912/4593/files/891DC4C1-9222-4DA1-90E5-93414A64AB28.jpg?v=1782357742,kg,,,
classy-elegant-look-soft-kota-doriya-fabric-south-style,,,,,,,,,Green,,,,,,,,,0.0,shopify,100,deny,manual,1750.00,2800.00,true,false,,,,,"",https://cdn.shopify.com/s/files/1/1020/9912/4593/files/891DC4C1-9222-4DA1-90E5-93414A64AB28.jpg?v=1782357742,3,"",,,,,,,,,,,,,,,,,,,,kg,,,
classy-elegant-look-soft-kota-doriya-fabric-south-style,,,,,,,,,Pink,,,,,,,,,0.0,shopify,100,deny,manual,1750.00,2800.00,true,false,,,,,"",https://cdn.shopify.com/s/files/1/1020/9912/4593/files/F3102394-F894-4EE1-AA53-02129F179D4F.jpg?v=1782357742,4,"",,,,,,,,,,,,,,,,,,,,kg,,,
classy-elegant-look-soft-kota-doriya-fabric-south-style,,,,,,,,,Lavender,,,,,,,,,0.0,shopify,100,deny,manual,1750.00,2800.00,true,false,,,,,"",https://cdn.shopify.com/s/files/1/1020/9912/4593/files/4243AFC7-A35A-4879-99BA-CA7DEE8A44C5.jpg?v=1782357742,5,"",,,,,,,,,,,,,,,,,,,,kg,,,
classy-elegant-look-soft-kota-doriya-fabric-south-style,,,,,,,,,Skyblue,,,,,,,,,0.0,shopify,100,deny,manual,1750.00,2800.00,true,false,,,,,"",https://cdn.shopify.com/s/files/1/1020/9912/4593/files/8A087482-7586-45E1-8AB2-79AE5B61525C.jpg?v=1782357742,6,"",,,,,,,,,,,,,,,,,,,,kg,,,
classy-elegant-look-soft-kota-doriya-fabric-south-style,,,,,,,,,,,,,,,,,,,,,,,,,,,,,,,"",https://cdn.shopify.com/s/files/1/1020/9912/4593/files/A6113C79-CF87-4C1C-806B-B47DF4DB3DC7.jpg?v=1782357742,7,"",,,,,,,,,,,,,,,,,,,,,,,
classy-elegant-look-soft-kota-doriya-fabric-south-style,,,,,,,,,,,,,,,,,,,,,,,,,,,,,,,"",https://cdn.shopify.com/s/files/1/1020/9912/4593/files/048BC95B-2B7C-4C13-A316-4244450E63C7.jpg?v=1782357742,8,"",,,,,,,,,,,,,,,,,,,,,,,
classy-elegant-look-soft-kota-doriya-fabric-south-style,,,,,,,,,,,,,,,,,,,,,,,,,,,,,,,"",https://cdn.shopify.com/s/files/1/1020/9912/4593/files/D48E1680-66AC-4AE7-85C6-F8DB1B64829B.jpg?v=1782357742,9,"",,,,,,,,,,,,,,,,,,,,,,,
classy-elegant-look-soft-kota-doriya-fabric-south-style,,,,,,,,,,,,,,,,,,,,,,,,,,,,,,,"",https://cdn.shopify.com/s/files/1/1020/9912/4593/files/0AFA84B6-0EFB-4491-8626-0D2CD89BD862.jpg?v=1782357742,10,"",,,,,,,,,,,,,,,,,,,,,,,
classy-elegant-look-soft-kota-doriya-fabric-south-style,,,,,,,,,,,,,,,,,,,,,,,,,,,,,,,"",https://cdn.shopify.com/s/files/1/1020/9912/4593/files/3F41214E-CFE4-47A3-8507-FD624CE79110.jpg?v=1782357742,11,"",,,,,,,,,,,,,,,,,,,,,,,
classy-elegant-look-soft-kota-doriya-fabric-south-style,,,,,,,,,,,,,,,,,,,,,,,,,,,,,,,"",https://cdn.shopify.com/s/files/1/1020/9912/4593/files/83B2CF09-BA2B-4A4C-9468-7212D7D168EB.jpg?v=1782357742,12,"",,,,,,,,,,,,,,,,,,,,,,,
classy-elegant-look-soft-kota-doriya-fabric-south-style,,,,,,,,,,,,,,,,,,,,,,,,,,,,,,,"",https://cdn.shopify.com/s/files/1/1020/9912/4593/files/B4F75166-D8AD-4873-A1A6-A4102816584D.jpg?v=1782357743,13,"",,,,,,,,,,,,,,,,,,,,,,,
classy-elegant-look-soft-kota-doriya-fabric-south-style,,,,,,,,,,,,,,,,,,,,,,,,,,,,,,,"",https://cdn.shopify.com/s/files/1/1020/9912/4593/files/94D0BA8C-86D1-4EB8-95A6-E52042C9D815.jpg?v=1782357742,14,"",,,,,,,,,,,,,,,,,,,,,,,
beautiful-wedding-function-special-organza-silk-bride-look-saree,Beautiful Wedding Function Special Organza Silk Bride Look Saree,"<p><span>SAREE DETAILS</span><span><br> </span><span>• Fabric : Glass Organza Silk</span><span><br> </span><span>• Work : Intricate Thread With Sequence Work</span><span><br> </span><span>• Length : 5.5 Meters</span></p>
<p><span>BLOUSE DETAILS</span><span><br> </span><span>• Fabric : Mono Banglori</span><span><br> </span><span>• Work : Intricate Thread With Sequins Work</span><span><br> </span><span>• Size : 0.80 Meter | Unstitched For A Custom Fit</span></p>",Anjuclothing ,Apparel & Accessories > Clothing > Traditional & Ceremonial Clothing > Saris & Lehengas,"","",true,Title,Default Title,,,,,,,,,0.0,shopify,100,deny,manual,1750.00,2500.00,true,false,,,,,"",https://cdn.shopify.com/s/files/1/1020/9912/4593/files/039228F7-3E8F-4468-A716-939B868596CD.png?v=1788931016,1,"",false,,,,,adults,white; floral; geometric,,,silk,,,,,,,female,,,kg,,,active
beautiful-wedding-function-special-organza-silk-bride-look-saree,,,,,,,,,,,,,,,,,,,,,,,,,,,,,,,"",https://cdn.shopify.com/s/files/1/1020/9912/4593/files/17191D55-8A2E-4212-81FB-9D0E35B96934.jpg?v=1782357599,2,"",,,,,,,,,,,,,,,,,,,,,,,
beautiful-wedding-function-special-organza-silk-bride-look-saree,,,,,,,,,,,,,,,,,,,,,,,,,,,,,,,"",https://cdn.shopify.com/s/files/1/1020/9912/4593/files/4B05CAC4-1D56-4796-9CE3-63A94EF93BE9.jpg?v=1782357599,3,"",,,,,,,,,,,,,,,,,,,,,,,
beautiful-wedding-function-special-organza-silk-bride-look-saree,,,,,,,,,,,,,,,,,,,,,,,,,,,,,,,"",https://cdn.shopify.com/s/files/1/1020/9912/4593/files/96AFA4BB-586D-47C7-A0E9-2C2D0AAF0393.jpg?v=1782357599,4,"",,,,,,,,,,,,,,,,,,,,,,,
beautiful-wedding-function-special-organza-silk-bride-look-saree,,,,,,,,,,,,,,,,,,,,,,,,,,,,,,,"",https://cdn.shopify.com/s/files/1/1020/9912/4593/files/10DF198A-5375-4F88-BF17-A3292E00621A.jpg?v=1782357599,5,"",,,,,,,,,,,,,,,,,,,,,,,
beautiful-wedding-function-special-organza-silk-bride-look-saree,,,,,,,,,,,,,,,,,,,,,,,,,,,,,,,"",https://cdn.shopify.com/s/files/1/1020/9912/4593/files/1391C3EB-0E3F-4DBC-8A1B-307341E35465.jpg?v=1782357600,6,"",,,,,,,,,,,,,,,,,,,,,,,
embroidered-roman-silk-fabric-top-and-pant-with-dupatta-pair,EMBROIDERED ROMAN SILK FABRIC TOP AND PANT WITH DUPATTA PAIR,"<p><span>TOP DETAILS</span><span><br> </span><span>• Fabric : Roman Silk</span><span><br> </span><span>• Work : Embroidery Work</span><span><br> </span><span>• Inner : Micro</span><span><br> </span><span>• Length : 46 Inches</span><span><br> </span><span>• Size : M(38), L(40), XL(42), XXL(44) | Fully Stitched Ready To Wear</span></p>
<p><span>PANT DETAILS</span><span><br> </span><span>• Fabric : Roman Silk</span><span><br> </span><span>• Length : 38 Inches</span><span><br> </span><span>• Size : Free Size Up To XXL(44)</span></p>
<p><span>DUPATTA DETAILS</span><span><br> </span><span>• Fabric : Georgette</span><span><br> </span><span>• Length : 2.2 Meters</span></p>",Anjuclothing ,,"","",true,Colour,White-Red,,Size,M,,,,,,0.0,shopify,100,deny,manual,1499.00,,true,false,,,,,"",https://cdn.shopify.com/s/files/1/1020/9912/4593/files/IMG-1709.png?v=1788930845,1,"",false,,,,,,,,,,,,,,,,,,,kg,,,active
embroidered-roman-silk-fabric-top-and-pant-with-dupatta-pair,,,,,,,,,Black-Red,,,M,,,,,,0.0,shopify,100,deny,manual,1499.00,,true,false,,,,,"",https://cdn.shopify.com/s/files/1/1020/9912/4593/files/7123E9EB-D162-44DC-8421-297CCF4BC701.jpg?v=1782277481,2,"",,,,,,,,,,,,,,,,,,,,kg,,,
embroidered-roman-silk-fabric-top-and-pant-with-dupatta-pair,,,,,,,,,White-Black,,,M,,,,,,0.0,shopify,100,deny,manual,1499.00,,true,false,,,,,"",https://cdn.shopify.com/s/files/1/1020/9912/4593/files/B0156513-7D56-4FAC-B2FA-FEE3AE88D3F7.jpg?v=1782277481,3,"",,,,,,,,,,,,,,,,,,,,kg,,,
embroidered-roman-silk-fabric-top-and-pant-with-dupatta-pair,,,,,,,,,White-Red,,,L,,,,,,0.0,shopify,100,deny,manual,1499.00,,true,false,,,,,"",https://cdn.shopify.com/s/files/1/1020/9912/4593/files/CDE005D5-6C6D-4B04-9718-11A2E21EFA46.jpg?v=1782277481,4,"",,,,,,,,,,,,,,,,,,,,kg,,,
embroidered-roman-silk-fabric-top-and-pant-with-dupatta-pair,,,,,,,,,White-Red,,,Xl,,,,,,0.0,shopify,100,deny,manual,1499.00,,true,false,,,,,"",https://cdn.shopify.com/s/files/1/1020/9912/4593/files/87A2F365-C144-41F7-9F5C-FDD823D5900B.jpg?v=1782277481,5,"",,,,,,,,,,,,,,,,,,,,kg,,,
embroidered-roman-silk-fabric-top-and-pant-with-dupatta-pair,,,,,,,,,White-Red,,,2xl,,,,,,0.0,shopify,100,deny,manual,1499.00,,true,false,,,,,"",https://cdn.shopify.com/s/files/1/1020/9912/4593/files/D5378B91-F4C2-476B-901E-D0511A9B0588.jpg?v=1782277481,6,"",,,,,,,,,,,,,,,,,,,,kg,,,
embroidered-roman-silk-fabric-top-and-pant-with-dupatta-pair,,,,,,,,,Black-Red,,,L,,,,,,0.0,shopify,100,deny,manual,1499.00,,true,false,,,,,"",https://cdn.shopify.com/s/files/1/1020/9912/4593/files/5F7D8AE3-9D0A-449A-A025-E49374BEFF6E.jpg?v=1782277481,7,"",,,,,,,,,,,,,,,,,,,,kg,,,
embroidered-roman-silk-fabric-top-and-pant-with-dupatta-pair,,,,,,,,,Black-Red,,,Xl,,,,,,0.0,shopify,100,deny,manual,1499.00,,true,false,,,,,"",https://cdn.shopify.com/s/files/1/1020/9912/4593/files/29DF7502-3144-4D35-8CEE-E6145DC46109.jpg?v=1782277481,8,"",,,,,,,,,,,,,,,,,,,,kg,,,
embroidered-roman-silk-fabric-top-and-pant-with-dupatta-pair,,,,,,,,,Black-Red,,,2xl,,,,,,0.0,shopify,100,deny,manual,1499.00,,true,false,,,,,"",https://cdn.shopify.com/s/files/1/1020/9912/4593/files/534DB3BB-911E-4D77-A7F6-E5FDCECFEFB2.jpg?v=1782277481,9,"",,,,,,,,,,,,,,,,,,,,kg,,,
embroidered-roman-silk-fabric-top-and-pant-with-dupatta-pair,,,,,,,,,White-Black,,,L,,,,,,0.0,shopify,100,deny,manual,1499.00,,true,false,,,,,"",,,,,,,,,,,,,,,,,,,,,,,kg,,,
embroidered-roman-silk-fabric-top-and-pant-with-dupatta-pair,,,,,,,,,White-Black,,,Xl,,,,,,0.0,shopify,100,deny,manual,1499.00,,true,false,,,,,"",,,,,,,,,,,,,,,,,,,,,,,kg,,,
embroidered-roman-silk-fabric-top-and-pant-with-dupatta-pair,,,,,,,,,White-Black,,,2xl,,,,,,0.0,shopify,100,deny,manual,1499.00,,true,false,,,,,"",,,,,,,,,,,,,,,,,,,,,,,kg,,,
designer-heavy-faux-designer-lace-work-in-neck-anarkali-three-piece-set,Designer Heavy Faux Designer Lace Work in Neck Anarkali Three Piece Set,"<p><span>GOWN DETAILS</span><span><br> </span><span>• Fabric : Heavy Faux</span><span><br> </span><span>• Work : Designer Lace Work In Neck (Front &amp; Back Side)</span><span><br> </span><span>• Inner : Heavy Micro Cotton</span><span><br> </span><span>• Sleeves : Full Sleeves</span><span><br> </span><span>• Length : 48-49 Inches</span><span><br> </span><span>• Flair : 5 Meters</span><span><br> </span><span>• Size : M(38), L(40), XL(42), XXL(44) | Fully Stitched Ready To Wear</span></p>
<p><span>BOTTOM DETAILS</span><span><br> </span><span>• Fabric : Heavy Crape</span><span><br> </span><span>• Length : 39-40 Inches</span></p>
<p><span>DUPATTA DETAILS</span><span><br> </span><span>• Fabric : Heavy Kota Chex</span><span><br> </span><span>• Work : Four Sided Lace Border</span><span><br> </span><span>• Length : 2.10 Meters</span></p>",Anjuclothing ,Apparel & Accessories > Clothing > Traditional & Ceremonial Clothing,"","",true,Size,m,product.metafields.shopify.size,,,,,,,,0.0,shopify,100,deny,manual,1699.00,,true,false,,,,,"",https://cdn.shopify.com/s/files/1/1020/9912/4593/files/B2BCFF9C-6D63-469D-B951-5F5A4BA5F779.png?v=1788930574,1,"",false,,,,,adults,green,,,synthetic; cotton,round,,,m; l; xl; 2xl,,long,female,,,kg,,,active
designer-heavy-faux-designer-lace-work-in-neck-anarkali-three-piece-set,,,,,,,,,l,,,,,,,,,0.0,shopify,100,deny,manual,1699.00,,true,false,,,,,"",https://cdn.shopify.com/s/files/1/1020/9912/4593/files/7F0CEFAC-14EB-4E7B-9FA4-9EB49E2B0B97.jpg?v=1782276064,2,"",,,,,,,,,,,,,,,,,,,,kg,,,
designer-heavy-faux-designer-lace-work-in-neck-anarkali-three-piece-set,,,,,,,,,xl,,,,,,,,,0.0,shopify,100,deny,manual,1699.00,,true,false,,,,,"",https://cdn.shopify.com/s/files/1/1020/9912/4593/files/E484AE05-F5AE-47F5-A4EE-AC04FFD36DDC.jpg?v=1782276064,3,"",,,,,,,,,,,,,,,,,,,,kg,,,
designer-heavy-faux-designer-lace-work-in-neck-anarkali-three-piece-set,,,,,,,,,2xl,,,,,,,,,0.0,shopify,100,deny,manual,1699.00,,true,false,,,,,"",https://cdn.shopify.com/s/files/1/1020/9912/4593/files/B6ACD86A-EAF1-46A1-8105-4BAC1367CF8A.jpg?v=1782276064,4,"",,,,,,,,,,,,,,,,,,,,kg,,,
designer-heavy-faux-designer-lace-work-in-neck-anarkali-three-piece-set,,,,,,,,,,,,,,,,,,,,,,,,,,,,,,,"",https://cdn.shopify.com/s/files/1/1020/9912/4593/files/A11A50AB-8A32-48B8-B715-E2DB7BD99959.jpg?v=1782276064,5,"",,,,,,,,,,,,,,,,,,,,,,,
heavy-fendy-silk-top-plazzo-dupatta-set,Heavy Fendy Silk Top Plazzo & Dupatta Set,"<p><span>TOP DETAILS</span><span><br> </span><span>• Fabric : Pure Fendy Silk</span><span><br> </span><span>• Work : Heavy Embroidery Sequence Work With Sleeves</span><span><br> </span><span>• Inner : Heavy Micro Cotton</span><span><br> </span><span>• Length : 30-31 Inches</span><span><br> </span><span>• Size : M(38), L(40), XL(42), XXL(44) | Fully Stitched Ready To Wear</span></p>
<p><span>PLAZZO DETAILS</span><span><br> </span><span>• Fabric : Pure Fendy Silk</span><span><br> </span><span>• Inner : Micro Cotton</span><span><br> </span><span>• Length : 39-40 Inches</span></p>
<p><span>DUPATTA DETAILS</span><span><br> </span><span>• Fabric : Pure Fendy Silk</span><span><br> </span><span>• Work : Four Side Readymade Lace Border</span><span><br> </span><span>• Length : 2.20 Meters</span></p>",Anjuclothing ,,"","",true,Size,M,,,,,,,,,0.0,shopify,100,deny,manual,1699.00,2500.00,true,false,,,,,"",https://cdn.shopify.com/s/files/1/1020/9912/4593/files/EADE8057-B7B5-468D-9DE9-5EFDE8FD5AC9.png?v=1788930123,1,"",false,,,,,,,,,,,,,,,,,,,kg,,,active
heavy-fendy-silk-top-plazzo-dupatta-set,,,,,,,,,L,,,,,,,,,0.0,shopify,100,deny,manual,1699.00,2500.00,true,false,,,,,"",https://cdn.shopify.com/s/files/1/1020/9912/4593/files/1FF93E79-BD0D-493D-B089-02E6430E7895.jpg?v=1782275354,2,"",,,,,,,,,,,,,,,,,,,,kg,,,
heavy-fendy-silk-top-plazzo-dupatta-set,,,,,,,,,Xl,,,,,,,,,0.0,shopify,100,deny,manual,1699.00,2500.00,true,false,,,,,"",https://cdn.shopify.com/s/files/1/1020/9912/4593/files/3A62AA6B-17CF-46FF-9DF6-1FF75F987B37.jpg?v=1782275353,3,"",,,,,,,,,,,,,,,,,,,,kg,,,
heavy-fendy-silk-top-plazzo-dupatta-set,,,,,,,,,2xl,,,,,,,,,0.0,shopify,100,deny,manual,1699.00,2500.00,true,false,,,,,"",https://cdn.shopify.com/s/files/1/1020/9912/4593/files/1735DF4B-F60D-4FBE-A581-6B1D5D41FBA4.jpg?v=1782275354,4,"",,,,,,,,,,,,,,,,,,,,kg,,,
heavy-fendy-silk-top-plazzo-dupatta-set,,,,,,,,,,,,,,,,,,,,,,,,,,,,,,,"",https://cdn.shopify.com/s/files/1/1020/9912/4593/files/423D42F0-F0B5-497D-9E21-13E392F4A43E.jpg?v=1782275354,5,"",,,,,,,,,,,,,,,,,,,,,,,
olive-green-farshi-set,Glass Roman Silk Farshi Set,"<p><span>TOP DETAILS</span><span><br> </span><span>• Fabric : Glass Roman Silk</span><span><br> </span><span>• Work : Embroidery Sequence Dori &amp; Jari Work With Beautiful Bottom Work Pattern</span><span><br> </span><span>• Size : XS(34), S(36), M(38), L(40), XL(42), XXL(44) | Fully Stitched Ready To Wear</span></p>
<p><span>FARSHI SALWAR DETAILS</span><span><br> </span><span>• Fabric : Glass Roman Silk</span><span><br> </span><span>• Size : Free Size | Fully Stitched</span></p>
<p><span>DUPATTA DETAILS</span><span><br> </span><span>• Fabric : Glass Roman Silk</span><span><br> </span><span>• Work : Embroidery Sequence Dori &amp; Jari Work With Fancy Lace Border</span><span><br> </span><span>• Length : 2.20 Meters</span></p>",Anjuclothing ,Apparel & Accessories > Clothing > Traditional & Ceremonial Clothing,"","",true,Color,pink,product.metafields.shopify.color-pattern,Size,xs,product.metafields.shopify.size,,,,,0.0,shopify,10,deny,manual,1599.00,,true,true,,,,,"",https://cdn.shopify.com/s/files/1/1020/9912/4593/files/IMG-1703.png?v=1788929943,1,"",false,,,,,adults,pink; green,,,silk,round,,,xs; s; m; l; xl; 2xl,,3-4,female,,,kg,,,active
olive-green-farshi-set,,,,,,,,,pink,,,s,,,,,,0.0,shopify,10,deny,manual,1599.00,,true,true,,,,,"",https://cdn.shopify.com/s/files/1/1020/9912/4593/files/30968BF4-06CD-4C42-A0A3-5557339A72FA.jpg?v=1785581352,2,"",,,,,,,,,,,,,,,,,,,,kg,,,
olive-green-farshi-set,,,,,,,,,pink,,,m,,,,,,0.0,shopify,10,deny,manual,1599.00,,true,true,,,,,"",https://cdn.shopify.com/s/files/1/1020/9912/4593/files/7CEA2141-8FE3-4DB6-A788-EAFC977FFC6C.jpg?v=1785581352,3,"",,,,,,,,,,,,,,,,,,,,kg,,,
olive-green-farshi-set,,,,,,,,,pink,,,l,,,,,,0.0,shopify,10,deny,manual,1599.00,,true,true,,,,,"",https://cdn.shopify.com/s/files/1/1020/9912/4593/files/CF530DF5-8B90-4974-83A5-67EBCB1E81FB.jpg?v=1785581352,4,"",,,,,,,,,,,,,,,,,,,,kg,,,
olive-green-farshi-set,,,,,,,,,pink,,,xl,,,,,,0.0,shopify,10,deny,manual,1599.00,,true,true,,,,,"",https://cdn.shopify.com/s/files/1/1020/9912/4593/files/61BFE653-2E5D-4D10-9BA1-6C4170C63A12.jpg?v=1785581351,5,"",,,,,,,,,,,,,,,,,,,,kg,,,
olive-green-farshi-set,,,,,,,,,pink,,,2xl,,,,,,0.0,shopify,10,deny,manual,1599.00,,true,true,,,,,"",https://cdn.shopify.com/s/files/1/1020/9912/4593/files/0A9DB92C-7EEB-40FC-BC82-30977B6F50C8.jpg?v=1782194970,6,"",,,,,,,,,,,,,,,,,,,,kg,,,
olive-green-farshi-set,,,,,,,,,green,,,xs,,,,,,0.0,shopify,100,deny,manual,1599.00,,true,true,,,,,"",https://cdn.shopify.com/s/files/1/1020/9912/4593/files/024C7AEE-D622-4C55-8F76-C1EE7F9DE6CF.jpg?v=1782194970,7,"",,,,,,,,,,,,,,,,,,,,kg,,,
olive-green-farshi-set,,,,,,,,,green,,,s,,,,,,0.0,shopify,99,deny,manual,1599.00,,true,true,,,,,"",https://cdn.shopify.com/s/files/1/1020/9912/4593/files/25650A79-E949-4BB3-8442-3EA312E25300.jpg?v=1782194970,8,"",,,,,,,,,,,,,,,,,,,,kg,,,
olive-green-farshi-set,,,,,,,,,green,,,m,,,,,,0.0,shopify,100,deny,manual,1599.00,,true,true,,,,,"",https://cdn.shopify.com/s/files/1/1020/9912/4593/files/B5857B0E-7FC9-4AF7-85FE-26D60ACF1A0F.jpg?v=1782194971,9,"",,,,,,,,,,,,,,,,,,,,kg,,,
olive-green-farshi-set,,,,,,,,,green,,,l,,,,,,0.0,shopify,100,deny,manual,1599.00,,true,true,,,,,"",,,,,,,,,,,,,,,,,,,,,,,kg,,,
olive-green-farshi-set,,,,,,,,,green,,,xl,,,,,,0.0,shopify,100,deny,manual,1599.00,,true,true,,,,,"",,,,,,,,,,,,,,,,,,,,,,,kg,,,
olive-green-farshi-set,,,,,,,,,green,,,2xl,,,,,,0.0,shopify,100,deny,manual,1599.00,,true,true,,,,,"",,,,,,,,,,,,,,,,,,,,,,,kg,,,
new-designer-party-wear-look-top-sharara-plazzo-and-dupatta,"New Designer Party Wear Look Top , Sharara Plazzo and Dupatta","<p><span>TOP DETAILS</span><span><br> </span><span>• Fabric : Heavy Crunchy Georgette Silk</span><span><br> </span><span>• Work : Multi Embroidery &amp; Hand Beads Work</span><span><br> </span><span>• Inner : Micro Cotton</span><span><br> </span><span>• Sleeves : Full Sleeves</span><span><br> </span><span>• Length : 36-37 Inches</span><span><br> </span><span>• Size : M(38), L(40), XL(42), XXL(44) With Margin | Fully Stitched Ready To Wear</span></p>
<p><span>SHARARA PLAZZO DETAILS</span><span><br> </span><span>• Fabric : Heavy Crunchy Georgette Silk</span><span><br> </span><span>• Style : Kali Cut Sharara Plazzo</span><span><br> </span><span>• Inner : Micro Cotton</span><span><br> </span><span>• Length : 40-41 Inches</span><span><br> </span><span>• Size : Fully Stitched</span></p>
<p><span>DUPATTA DETAILS</span><span><br> </span><span>• Fabric : Heavy Crunchy Georgette</span><span><br> </span><span>• Work : Embroidery Work With Fancy Cutting Border</span><span><br> </span><span>• Length : 2.20 Meters</span></p>",Anjuclothing ,,"","",true,Size,M,,,,,,,,,0.0,shopify,100,deny,manual,1599.00,2500.00,true,false,,,,,"",https://cdn.shopify.com/s/files/1/1020/9912/4593/files/IMG-1701.png?v=1788929755,1,"",false,,,,,,,,,,,,,,,,,,,kg,,,active
new-designer-party-wear-look-top-sharara-plazzo-and-dupatta,,,,,,,,,L,,,,,,,,,0.0,shopify,100,deny,manual,1599.00,2500.00,true,false,,,,,"",https://cdn.shopify.com/s/files/1/1020/9912/4593/files/B8534433-A932-4175-9CD9-5390AAC361B1.jpg?v=1782103975,2,"",,,,,,,,,,,,,,,,,,,,kg,,,
new-designer-party-wear-look-top-sharara-plazzo-and-dupatta,,,,,,,,,Xl,,,,,,,,,0.0,shopify,100,deny,manual,1599.00,2500.00,true,false,,,,,"",https://cdn.shopify.com/s/files/1/1020/9912/4593/files/2094409D-6711-49D3-83C1-BD7A4FA0CE0D.jpg?v=1782103975,3,"",,,,,,,,,,,,,,,,,,,,kg,,,
new-designer-party-wear-look-top-sharara-plazzo-and-dupatta,,,,,,,,,Xxl,,,,,,,,,0.0,shopify,100,deny,manual,1599.00,2500.00,true,false,,,,,"",https://cdn.shopify.com/s/files/1/1020/9912/4593/files/02035D3C-73EC-4423-B464-41D005778ED7.jpg?v=1782103975,4,"",,,,,,,,,,,,,,,,,,,,kg,,,
new-designer-party-wear-look-top-sharara-plazzo-and-dupatta,,,,,,,,,Plus size,,,,,,,,,0.0,shopify,100,deny,manual,1599.00,2500.00,true,false,,,,,"",https://cdn.shopify.com/s/files/1/1020/9912/4593/files/DA28B249-26E9-4115-9144-96EA6071E60C.jpg?v=1782103975,5,"",,,,,,,,,,,,,,,,,,,,kg,,,
new-designer-party-wear-look-top-sharara-plazzo-and-dupatta,,,,,,,,,,,,,,,,,,,,,,,,,,,,,,,"",https://cdn.shopify.com/s/files/1/1020/9912/4593/files/B156FFE4-E44A-47A8-A11F-3D0BF09C7870.jpg?v=1782103975,6,"",,,,,,,,,,,,,,,,,,,,,,,
pure-cinon-silk-gown-pent-dupatta-set,Pure Cinon Silk Gown -Pent  Dupatta Set,"<p><span>GOWN DETAILS</span><span><br> </span><span>• Fabric : Pure Chinon Silk</span><span><br> </span><span>• Work : Heavy Embroidery 5mm Sequence Work With Full Sleeves &amp; Attached Pad</span><span><br> </span><span>• Inner : Heavy Micro Cotton</span><span><br> </span><span>• Length : 50-52 Inches</span><span><br> </span><span>• Flair : 3 Meters</span><span><br> </span><span>• Size : S(36), M(38), L(40), XL(42), XXL(44), XXXL(46) | Fully Stitched Ready To Wear</span></p>
<p><span>BOTTOM DETAILS</span><span><br> </span><span>• Fabric : Heavy Butter Silk</span><span><br> </span><span>• Pattern : Elastic Waist</span><span><br> </span><span>• Length : 40-41 Inches</span><span><br> </span><span>• Size : Fully Stitched</span></p>
<p><span>DUPATTA DETAILS</span><span><br> </span><span>• Fabric : Pure Chinon Silk</span><span><br> </span><span>• Work : Embroidery 5mm Sequence Work</span><span><br> </span><span>• Size : Full Stitch</span></p>",Anjuclothing ,Apparel & Accessories > Clothing > Traditional & Ceremonial Clothing,"","",true,Size,s,product.metafields.shopify.size,,,,,,,,0.0,shopify,99,deny,manual,1799.00,,true,false,,,,,"",https://cdn.shopify.com/s/files/1/1020/9912/4593/files/IMG-1699.png?v=1788929437,1,"",false,,,,,,,,,,,,,s; m; l; xl; 2xl,,,,,,kg,,,active
pure-cinon-silk-gown-pent-dupatta-set,,,,,,,,,m,,,,,,,,,0.0,shopify,99,deny,manual,1799.00,,true,false,,,,,"",https://cdn.shopify.com/s/files/1/1020/9912/4593/files/EE732524-8CFD-403E-A990-A44D8BD0C62E.jpg?v=1782060826,2,"",,,,,,,,,,,,,,,,,,,,kg,,,
pure-cinon-silk-gown-pent-dupatta-set,,,,,,,,,l,,,,,,,,,0.0,shopify,100,deny,manual,1799.00,,true,false,,,,,"",https://cdn.shopify.com/s/files/1/1020/9912/4593/files/6D443BFA-EE5C-4583-AE12-C3FC5D59ADA9.jpg?v=1782060825,3,"",,,,,,,,,,,,,,,,,,,,kg,,,
pure-cinon-silk-gown-pent-dupatta-set,,,,,,,,,xl,,,,,,,,,0.0,shopify,99,deny,manual,1799.00,,true,false,,,,,"",https://cdn.shopify.com/s/files/1/1020/9912/4593/files/E47D89D9-59A8-4333-AF89-EB82D5CC36F8.jpg?v=1782060826,4,"",,,,,,,,,,,,,,,,,,,,kg,,,
pure-cinon-silk-gown-pent-dupatta-set,,,,,,,,,2xl,,,,,,,,,0.0,shopify,100,deny,manual,1799.00,,true,false,,,,,"",https://cdn.shopify.com/s/files/1/1020/9912/4593/files/A016F806-3715-4E08-8121-335A4546487C.jpg?v=1782060825,5,"",,,,,,,,,,,,,,,,,,,,kg,,,
jimmy-organza-digital-printed-lehnga-8mtr-flair-lehenga,Jimmy Organza digital printed lehnga 8mtr flair lehenga,"<p><span>BLOUSE DETAILS</span><span><br> </span><span>• Fabric : Printed Jimmy Organza</span><span><br> </span><span>• Work : Embroidery Sequence Work</span><span><br> </span><span>• Style : Padded Blouse</span><span><br> </span><span>• Size : 38 With Margin | Fully Stitched Ready To Wear</span></p>
<p><span>LEHENGA DETAILS</span><span><br> </span><span>• Fabric : Jimmy Organza Digital Print</span><span><br> </span><span>• Flair : 8 Meters</span><span><br> </span><span>• Style : Canvas Patta With Adjustable Waist Dori</span><span><br> </span><span>• Size : Fully Stitched</span></p>
<p><span>DUPATTA DETAILS</span><span><br> </span><span>• Fabric : Jimmy Organza Digital Print</span><span><br> </span><span>• Work : Embroidery Sequence Work</span></p>
<p><span>BATWA DETAILS</span><span><br> </span><span>• Work : Embroidery Sequence &amp; Moti Work</span><span><br> </span><span>• Style : Designer Batwa Bag</span></p>",Anjuclothing ,,"","",true,Title,Default Title,,,,,,,,,0.0,shopify,100,deny,manual,2350.00,5500.00,true,false,,,,,"",https://cdn.shopify.com/s/files/1/1020/9912/4593/files/IMG-1697.png?v=1788929236,1,"",false,,,,,,,,,,,,,,,,,,,kg,,,active
jimmy-organza-digital-printed-lehnga-8mtr-flair-lehenga,,,,,,,,,,,,,,,,,,,,,,,,,,,,,,,"",https://cdn.shopify.com/s/files/1/1020/9912/4593/files/3658C185-F84E-4FB1-B42A-3147F3EF4BE0.jpg?v=1782060575,2,"",,,,,,,,,,,,,,,,,,,,,,,
jimmy-organza-digital-printed-lehnga-8mtr-flair-lehenga,,,,,,,,,,,,,,,,,,,,,,,,,,,,,,,"",https://cdn.shopify.com/s/files/1/1020/9912/4593/files/ECCB226A-A9EF-4FF9-BB8C-F4E8185AAB79.jpg?v=1782060575,3,"",,,,,,,,,,,,,,,,,,,,,,,
jimmy-organza-digital-printed-lehnga-8mtr-flair-lehenga,,,,,,,,,,,,,,,,,,,,,,,,,,,,,,,"",https://cdn.shopify.com/s/files/1/1020/9912/4593/files/C03B713D-607C-45BC-9C37-D34CC4F0DB11.jpg?v=1782060575,4,"",,,,,,,,,,,,,,,,,,,,,,,
jimmy-organza-digital-printed-lehnga-8mtr-flair-lehenga,,,,,,,,,,,,,,,,,,,,,,,,,,,,,,,"",https://cdn.shopify.com/s/files/1/1020/9912/4593/files/0C878555-8FC3-49C6-A60B-8C66B748DBE5.jpg?v=1782060575,5,"",,,,,,,,,,,,,,,,,,,,,,,
kalamkari-lehenga-design,kalamkari lehenga Design,"<p><span>BLOUSE DETAILS</span><span><br> </span><span>• Fabric : Printed Georgette</span><span><br> </span><span>• Work : Handcrafted Designer Lace Work</span><span><br> </span><span>• Style : Attached Dupatta Pattern Blouse</span><span><br> </span><span>• Size : 38 With Margin | Fully Stitched Ready To Wear</span></p>
<p><span>LEHENGA DETAILS</span><span><br> </span><span>• Fabric : Printed Georgette</span><span><br> </span><span>• Style : Canvas Patta With Waist Dori</span><span><br> </span><span>• Size : Fully Stitched</span></p>",Anjuclothing ,,"","",true,Colour,Blue,,,,,,,,,0.0,shopify,100,deny,manual,1950.00,4500.00,true,true,,,,,"",https://cdn.shopify.com/s/files/1/1020/9912/4593/files/IMG-1695.png?v=1788929049,1,"",false,,,,,,,,,,,,,,,,,,,kg,,,active
kalamkari-lehenga-design,,,,,,,,,Yellow,,,,,,,,,0.0,shopify,100,deny,manual,1950.00,4500.00,true,true,,,,,"",https://cdn.shopify.com/s/files/1/1020/9912/4593/files/F654F049-C997-4E02-8595-FFE3B8A524D4.jpg?v=1782060358,2,"",,,,,,,,,,,,,,,,,,,,kg,,,
kalamkari-lehenga-design,,,,,,,,,Red,,,,,,,,,0.0,shopify,100,deny,manual,1950.00,4500.00,true,true,,,,,"",https://cdn.shopify.com/s/files/1/1020/9912/4593/files/C1B85FD7-7E8D-4DDD-A971-9432DF7D6309.jpg?v=1782060357,3,"",,,,,,,,,,,,,,,,,,,,kg,,,
kalamkari-lehenga-design,,,,,,,,,White,,,,,,,,,0.0,shopify,100,deny,manual,1950.00,4500.00,true,true,,,,,"",https://cdn.shopify.com/s/files/1/1020/9912/4593/files/698F65F8-9CE8-486D-B5C1-484E8BDC26AE.jpg?v=1782060358,4,"",,,,,,,,,,,,,,,,,,,,kg,,,
kalamkari-lehenga-design,,,,,,,,,,,,,,,,,,,,,,,,,,,,,,,"",https://cdn.shopify.com/s/files/1/1020/9912/4593/files/6F59891D-B2E8-4995-91A1-D7EB9B02937A.jpg?v=1782060358,5,"",,,,,,,,,,,,,,,,,,,,,,,
kalamkari-lehenga-design,,,,,,,,,,,,,,,,,,,,,,,,,,,,,,,"",https://cdn.shopify.com/s/files/1/1020/9912/4593/files/AFABB685-2D80-4092-8582-9D7E7B6E8C0D.jpg?v=1782060358,6,"",,,,,,,,,,,,,,,,,,,,,,,
kalamkari-lehenga-design,,,,,,,,,,,,,,,,,,,,,,,,,,,,,,,"",https://cdn.shopify.com/s/files/1/1020/9912/4593/files/376334DF-E73A-42B2-9EBF-C2085D4E707B.jpg?v=1782060358,7,"",,,,,,,,,,,,,,,,,,,,,,,
kalamkari-lehenga-design,,,,,,,,,,,,,,,,,,,,,,,,,,,,,,,"",https://cdn.shopify.com/s/files/1/1020/9912/4593/files/2BF37C48-6C25-4E39-960D-0C323470908B.jpg?v=1782060358,8,"",,,,,,,,,,,,,,,,,,,,,,,
kalamkari-lehenga-design,,,,,,,,,,,,,,,,,,,,,,,,,,,,,,,"",https://cdn.shopify.com/s/files/1/1020/9912/4593/files/DD3F5D5C-8E7E-43FD-BEEB-1AF029C02410.jpg?v=1782060358,9,"",,,,,,,,,,,,,,,,,,,,,,,
kalamkari-lehenga-design,,,,,,,,,,,,,,,,,,,,,,,,,,,,,,,"",https://cdn.shopify.com/s/files/1/1020/9912/4593/files/03D183F8-3825-42EB-974F-C007CF19CEC9.jpg?v=1782060358,10,"",,,,,,,,,,,,,,,,,,,,,,,
kalamkari-lehenga-design,,,,,,,,,,,,,,,,,,,,,,,,,,,,,,,"",https://cdn.shopify.com/s/files/1/1020/9912/4593/files/872893A1-1C14-45BF-8446-16414471D97A.jpg?v=1782060358,11,"",,,,,,,,,,,,,,,,,,,,,,,
kalamkari-lehenga-design,,,,,,,,,,,,,,,,,,,,,,,,,,,,,,,"",https://cdn.shopify.com/s/files/1/1020/9912/4593/files/5E41829F-C892-475B-BE80-D12ACBB50E81.jpg?v=1782060358,12,"",,,,,,,,,,,,,,,,,,,,,,,
viral-fish-cut-fully-stitched-lehenga,Viral Fish cut Fully Stitched Lehenga,"<p><span>BLOUSE DETAILS</span><span><br> </span><span>• Fabric : Georgette</span><span><br> </span><span>• Work : Diamond Work</span><span><br> </span><span>• Style : Padded Blouse</span><span><br> </span><span>• Size : 34, 36, 38, 40, 42 | Fully Stitched Ready To Wear</span></p>
<p><span>SKIRT DETAILS</span><span><br> </span><span>• Fabric : Georgette</span><span><br> </span><span>• Style : Fish Cut Skirt</span><span><br> </span><span>• Waist : Adjustable Elastic With Zip</span></p>
<p><span>DUPATTA DETAILS</span><span><br> </span><span>• Fabric : Georgette</span></p>",Anjuclothing ,,"","",true,Size,Xs,,,,,,,,,0.0,shopify,100,deny,manual,1850.00,3500.00,true,false,,,,,"",https://cdn.shopify.com/s/files/1/1020/9912/4593/files/361EF0FA-7A22-4E9D-873B-11435B0C2617.jpg?v=1782060023,1,"",false,,,,,,,,,,,,,,,,,,,kg,,,active
viral-fish-cut-fully-stitched-lehenga,,,,,,,,,S,,,,,,,,,0.0,shopify,100,deny,manual,1850.00,3500.00,true,false,,,,,"",https://cdn.shopify.com/s/files/1/1020/9912/4593/files/BBE7F2B9-7ADD-4178-BAB3-18A8FABEA245.jpg?v=1782060023,2,"",,,,,,,,,,,,,,,,,,,,kg,,,
viral-fish-cut-fully-stitched-lehenga,,,,,,,,,M,,,,,,,,,0.0,shopify,100,deny,manual,1850.00,3500.00,true,false,,,,,"",https://cdn.shopify.com/s/files/1/1020/9912/4593/files/9BB47199-7970-48D7-AF04-E6C3097E8262.jpg?v=1782060022,3,"",,,,,,,,,,,,,,,,,,,,kg,,,
viral-fish-cut-fully-stitched-lehenga,,,,,,,,,L,,,,,,,,,0.0,shopify,100,deny,manual,1850.00,3500.00,true,false,,,,,"",https://cdn.shopify.com/s/files/1/1020/9912/4593/files/70264D1C-D46D-46F7-847F-A1997639D2EE.jpg?v=1782060023,4,"",,,,,,,,,,,,,,,,,,,,kg,,,
viral-fish-cut-fully-stitched-lehenga,,,,,,,,,Xl,,,,,,,,,0.0,shopify,100,deny,manual,1850.00,3500.00,true,false,,,,,"",https://cdn.shopify.com/s/files/1/1020/9912/4593/files/38B0E1F8-1457-4321-9E1B-A7D7A02801E2.jpg?v=1782060023,5,"",,,,,,,,,,,,,,,,,,,,kg,,,
viral-fish-cut-fully-stitched-lehenga,,,,,,,,,,,,,,,,,,,,,,,,,,,,,,,"",https://cdn.shopify.com/s/files/1/1020/9912/4593/files/9E9897BC-96C6-42B0-9455-A768C45F1C2D.jpg?v=1782060022,6,"",,,,,,,,,,,,,,,,,,,,,,,
viral-fish-cut-fully-stitched-lehenga,,,,,,,,,,,,,,,,,,,,,,,,,,,,,,,"",https://cdn.shopify.com/s/files/1/1020/9912/4593/files/66A39A56-56CE-42D7-84EB-72F3B5BA8DDD.jpg?v=1782060023,7,"",,,,,,,,,,,,,,,,,,,,,,,
viral-fish-cut-fully-stitched-lehenga,,,,,,,,,,,,,,,,,,,,,,,,,,,,,,,"",https://cdn.shopify.com/s/files/1/1020/9912/4593/files/DEFD904E-BF17-43FA-9127-BE87AC3CD303.jpg?v=1782060023,8,"",,,,,,,,,,,,,,,,,,,,,,,
viral-fish-cut-fully-stitched-lehenga,,,,,,,,,,,,,,,,,,,,,,,,,,,,,,,"",https://cdn.shopify.com/s/files/1/1020/9912/4593/files/A7CCB381-8CD3-45B3-8A5F-45C85310A874.jpg?v=1782060023,9,"",,,,,,,,,,,,,,,,,,,,,,,
trending-fox-georgette-top-sharara-dupatta,Trending Fox-Georgette Top& Sharara &Dupatta,"<p><span>TOP DETAILS</span><span><br> </span><span>• Fabric : Pure Fox Georgette</span><span><br> </span><span>• Work : Embroidery 5mm Sequence Work With Full Sleeves</span><span><br> </span><span>• Inner : Micro Cotton</span><span><br> </span><span>• Length : 38-40 Inches</span><span><br> </span><span>• Size : M(38), L(40), XL(42), XXL(44) | Fully Stitched Ready To Wear</span></p>
<p><span>SHARARA DETAILS</span><span><br> </span><span>• Fabric : Pure Fox Georgette</span><span><br> </span><span>• Work : Fancy Satin Lace Work</span><span><br> </span><span>• Inner : Micro Cotton</span><span><br> </span><span>• Length : 39-40 Inches</span><span><br> </span><span>• Size : Fully Stitched With Elastic Waist</span></p>
<p><span>DUPATTA DETAILS</span><span><br> </span><span>• Fabric : Pure Tebby Organza</span><span><br> </span><span>• Work : Digital Print With Four Side Satin Lace Work</span><span><br> </span><span>• Length : 2.10-2.15 Meters</span></p>",Anjuclothing ,,"","",true,Size,M,,,,,,,,,0.0,shopify,100,deny,manual,1499.00,,true,false,,,,,"",https://cdn.shopify.com/s/files/1/1020/9912/4593/files/IMG-1693.png?v=1788928932,1,"",false,,,,,,,,,,,,,,,,,,,kg,,,active
trending-fox-georgette-top-sharara-dupatta,,,,,,,,,L,,,,,,,,,0.0,shopify,100,deny,manual,1499.00,,true,false,,,,,"",https://cdn.shopify.com/s/files/1/1020/9912/4593/files/3EC92E12-AD8B-4B81-AB05-DA17C9E04F04.jpg?v=1782059360,2,"",,,,,,,,,,,,,,,,,,,,kg,,,
trending-fox-georgette-top-sharara-dupatta,,,,,,,,,Xl,,,,,,,,,0.0,shopify,100,deny,manual,1499.00,,true,false,,,,,"",https://cdn.shopify.com/s/files/1/1020/9912/4593/files/8D9E41A8-B214-425A-828D-82BEDEA45F6B.jpg?v=1782059358,3,"",,,,,,,,,,,,,,,,,,,,kg,,,
trending-fox-georgette-top-sharara-dupatta,,,,,,,,,2xl,,,,,,,,,0.0,shopify,100,deny,manual,1499.00,,true,false,,,,,"",https://cdn.shopify.com/s/files/1/1020/9912/4593/files/8CAF45FE-7778-437B-9C17-75FAC69951FF.jpg?v=1782059358,4,"",,,,,,,,,,,,,,,,,,,,kg,,,
3-pieces-kurti-sharara-dupatta,"3 PIECES KURTI, SHARARA & DUPATTA","<p><span>KURTI DETAILS</span><span><br> </span><span>• Fabric : Natural Silk</span><span><br> </span><span>• Work : Front &amp; Back Embroidery Work With Back Drawstring Pattern</span><span><br> </span><span>• Inner : Micron</span><span><br> </span><span>• Sleeve : 0.40 Mtr Extra Fabric Available</span><span><br> </span><span>• Length : 34 Inches</span><span><br> </span><span>• Size : M(38), L(40), XL(42), XXL(44) | Fully Stitched Ready To Wear</span></p>
<p><span>SHARARA DETAILS</span><span><br> </span><span>• Fabric : Natural Silk</span><span><br> </span><span>• Length : 40 Inches</span><span><br> </span><span>• Waist : Up To 42 (Elastic Waist)</span></p>
<p><span>DUPATTA DETAILS</span><span><br> </span><span>• Fabric : Faux Georgette</span><span><br> </span><span>• Work : Pearl Moti &amp; Fancy Lace Work</span><span><br> </span><span>• Length : 2.10 Meters</span></p>",Anjuclothing ,,"","",true,Size,M,,,,,,,,,0.0,shopify,0,deny,manual,1799.00,,true,false,,,,,"",https://cdn.shopify.com/s/files/1/1020/9912/4593/files/IMG-1688.png?v=1788928479,1,"",false,,,,,,,,,,,,,,,,,,,kg,,,active
3-pieces-kurti-sharara-dupatta,,,,,,,,,L,,,,,,,,,0.0,shopify,0,deny,manual,1799.00,,true,false,,,,,"",https://cdn.shopify.com/s/files/1/1020/9912/4593/files/36C5C8AD-7CF3-4659-B10F-180E2A92C8BE.jpg?v=1782059144,2,"",,,,,,,,,,,,,,,,,,,,kg,,,
3-pieces-kurti-sharara-dupatta,,,,,,,,,Xl,,,,,,,,,0.0,shopify,0,deny,manual,1799.00,,true,false,,,,,"",https://cdn.shopify.com/s/files/1/1020/9912/4593/files/B3F470DC-D77A-4F1F-B671-83F845667565.jpg?v=1782059144,3,"",,,,,,,,,,,,,,,,,,,,kg,,,
3-pieces-kurti-sharara-dupatta,,,,,,,,,2xl,,,,,,,,,0.0,shopify,0,deny,manual,1799.00,,true,false,,,,,"",https://cdn.shopify.com/s/files/1/1020/9912/4593/files/B3FAD359-D186-4F4E-8C81-7D9C0E3FB12F.jpg?v=1782059144,4,"",,,,,,,,,,,,,,,,,,,,kg,,,
3-pieces-kurti-sharara-dupatta,,,,,,,,,,,,,,,,,,,,,,,,,,,,,,,"",https://cdn.shopify.com/s/files/1/1020/9912/4593/files/CDA0F63C-73DC-4EF1-90C7-F4AEEA9DC920.jpg?v=1782059144,5,"",,,,,,,,,,,,,,,,,,,,,,,
indo-western-real-moti-work-set,Indo western real moti work set,"<p><span>TOP DETAILS</span><span><br> </span><span>• Fabric : Heavy Fendy Silk</span><span><br> </span><span>• Work : Heavy Beads Hand Work &amp; Moti Work</span><span><br> </span><span>• Inner : Heavy Micro Cotton</span><span><br> </span><span>• Length : 31-32 Inches</span><span><br> </span><span>• Size : S(36), M(38), L(40), XL(42), XXL(44) With Margin | Fully Stitched Ready To Wear</span></p>
<p><span>SHARARA PLAZZO DETAILS</span><span><br> </span><span>• Fabric : Heavy Fendy Silk</span><span><br> </span><span>• Inner : Heavy Micro Cotton</span><span><br> </span><span>• Length : 41-42 Inches</span><span><br> </span><span>• Size : Fully Stitched</span></p>",Anjuclothing ,,"","",true,Colour,Pink,,Size,S,,,,,,0.0,shopify,99,deny,manual,1799.00,2500.00,true,false,,,,,"",https://cdn.shopify.com/s/files/1/1020/9912/4593/files/IMG-1686.png?v=1788928367,1,"",false,,,,,,,,,,,,,,,,,,,kg,,,active
indo-western-real-moti-work-set,,,,,,,,,Teal,,,S,,,,,,0.0,shopify,100,deny,manual,1799.00,2500.00,true,false,,,,,"",https://cdn.shopify.com/s/files/1/1020/9912/4593/files/CEF16269-1C80-40D8-BBC7-1B7C7346A04E.jpg?v=1782051994,2,"",,,,,,,,,,,,,,,,,,,https://cdn.shopify.com/s/files/1/1020/9912/4593/files/2D9A5A86-EBBD-4120-862F-3DAB560DCC1B.jpg?v=1782051994,kg,,,
indo-western-real-moti-work-set,,,,,,,,,Pink,,,M,,,,,,0.0,shopify,100,deny,manual,1799.00,2500.00,true,false,,,,,"",https://cdn.shopify.com/s/files/1/1020/9912/4593/files/2D9A5A86-EBBD-4120-862F-3DAB560DCC1B.jpg?v=1782051994,3,"",,,,,,,,,,,,,,,,,,,,kg,,,
indo-western-real-moti-work-set,,,,,,,,,Pink,,,L,,,,,,0.0,shopify,100,deny,manual,1799.00,2500.00,true,false,,,,,"",https://cdn.shopify.com/s/files/1/1020/9912/4593/files/D5AE202E-56EC-4817-942D-69EE17FDFF55.jpg?v=1782051994,4,"",,,,,,,,,,,,,,,,,,,,kg,,,
indo-western-real-moti-work-set,,,,,,,,,Pink,,,Xl,,,,,,0.0,shopify,100,deny,manual,1799.00,2500.00,true,false,,,,,"",https://cdn.shopify.com/s/files/1/1020/9912/4593/files/40FC8B86-6497-48F6-8576-25CD083E864E.jpg?v=1782051994,5,"",,,,,,,,,,,,,,,,,,,,kg,,,
indo-western-real-moti-work-set,,,,,,,,,Pink,,,2xl,,,,,,0.0,shopify,100,deny,manual,1799.00,2500.00,true,false,,,,,"",https://cdn.shopify.com/s/files/1/1020/9912/4593/files/0E3D29BB-F696-4092-BDC2-28086CC21443.jpg?v=1782051994,6,"",,,,,,,,,,,,,,,,,,,,kg,,,
indo-western-real-moti-work-set,,,,,,,,,Teal,,,M,,,,,,0.0,shopify,100,deny,manual,1799.00,2500.00,true,false,,,,,"",https://cdn.shopify.com/s/files/1/1020/9912/4593/files/CF2033B0-C445-45F6-8398-00D120CDC529.jpg?v=1782051994,7,"",,,,,,,,,,,,,,,,,,,https://cdn.shopify.com/s/files/1/1020/9912/4593/files/2D9A5A86-EBBD-4120-862F-3DAB560DCC1B.jpg?v=1782051994,kg,,,
indo-western-real-moti-work-set,,,,,,,,,Teal,,,L,,,,,,0.0,shopify,100,deny,manual,1799.00,2500.00,true,false,,,,,"",https://cdn.shopify.com/s/files/1/1020/9912/4593/files/15C13D33-77EC-4B5D-B54E-7076C73A04AE.jpg?v=1782051994,8,"",,,,,,,,,,,,,,,,,,,https://cdn.shopify.com/s/files/1/1020/9912/4593/files/2D9A5A86-EBBD-4120-862F-3DAB560DCC1B.jpg?v=1782051994,kg,,,
indo-western-real-moti-work-set,,,,,,,,,Teal,,,Xl,,,,,,0.0,shopify,100,deny,manual,1799.00,2500.00,true,false,,,,,"",,,,,,,,,,,,,,,,,,,,,,https://cdn.shopify.com/s/files/1/1020/9912/4593/files/2D9A5A86-EBBD-4120-862F-3DAB560DCC1B.jpg?v=1782051994,kg,,,
indo-western-real-moti-work-set,,,,,,,,,Teal,,,2xl,,,,,,0.0,shopify,100,deny,manual,1799.00,2500.00,true,false,,,,,"",,,,,,,,,,,,,,,,,,,,,,https://cdn.shopify.com/s/files/1/1020/9912/4593/files/2D9A5A86-EBBD-4120-862F-3DAB560DCC1B.jpg?v=1782051994,kg,,,
tibby-organza-silk-brush-print-set,Tibby Organza Silk Brush Print Set,"<p><span>TOP DETAILS</span><span><br> </span><span>• Fabric : Tibby Organza Silk</span><span><br> </span><span>• Work : Brush Print With Intricate Sequence Work</span><span><br> </span><span>• Inner : Soft Micro Inner</span><span><br> </span><span>• Length : 46 Inches</span><span><br> </span><span>• Size : M(38), L(40), XL(42), XXL(44) With 3XL(46) Margin | Fully Stitched Ready To Wear</span></p>
<p><span>PLAZZO DETAILS</span><span><br> </span><span>• Fabric : Tibby Organza Silk</span><span><br> </span><span>• Inner : Comfortable Micro</span><span><br> </span><span>• Work : Canvas Patto</span><span><br> </span><span>• Size : Fully Stitched | Fits Up To Size 44 (Elastic Waistband)</span></p>
<p><span>DUPATTA DETAILS</span><span><br> </span><span>• Fabric : Tibby Organza Silk</span><span><br> </span><span>• Work : Brush Print With Intricate Sequence Work</span><span><br> </span><span>• Length : 2.10 Meters</span></p>",Anjuclothing ,,"","",true,Style,Sleeveless,,Size,M,,,,,,0.0,shopify,100,deny,manual,1799.00,,true,false,,,,,"",https://cdn.shopify.com/s/files/1/1020/9912/4593/files/44118716-3372-479D-BB63-05D5B2F68485.jpg?v=1782021594,1,"",false,,,,,,,,,,,,,,,,,,,kg,,,active
tibby-organza-silk-brush-print-set,,,,,,,,,With sleeves,,,M,,,,,,0.0,shopify,100,deny,manual,1799.00,,true,false,,,,,"",https://cdn.shopify.com/s/files/1/1020/9912/4593/files/0F46E0B4-8BB1-41DA-BE1B-0EEC6320D9AC.jpg?v=1782021594,2,"",,,,,,,,,,,,,,,,,,,https://cdn.shopify.com/s/files/1/1020/9912/4593/files/44118716-3372-479D-BB63-05D5B2F68485.jpg?v=1782021594,kg,,,
tibby-organza-silk-brush-print-set,,,,,,,,,Sleeveless,,,L,,,,,,0.0,shopify,100,deny,manual,1799.00,,true,false,,,,,"",https://cdn.shopify.com/s/files/1/1020/9912/4593/files/FA2E68D4-0CB6-40F5-B287-409D1180E772.jpg?v=1782021594,3,"",,,,,,,,,,,,,,,,,,,,kg,,,
tibby-organza-silk-brush-print-set,,,,,,,,,Sleeveless,,,Xl,,,,,,0.0,shopify,100,deny,manual,1799.00,,true,false,,,,,"",https://cdn.shopify.com/s/files/1/1020/9912/4593/files/5F3F70F6-714B-4B2A-9C87-E5F18B682E69.jpg?v=1782021594,4,"",,,,,,,,,,,,,,,,,,,,kg,,,
tibby-organza-silk-brush-print-set,,,,,,,,,Sleeveless,,,2xl,,,,,,0.0,shopify,100,deny,manual,1799.00,,true,false,,,,,"",https://cdn.shopify.com/s/files/1/1020/9912/4593/files/4ED77CD9-9B89-4B5F-A557-1E71EE558905.jpg?v=1782021594,5,"",,,,,,,,,,,,,,,,,,,,kg,,,
tibby-organza-silk-brush-print-set,,,,,,,,,With sleeves,,,L,,,,,,0.0,shopify,100,deny,manual,1799.00,,true,false,,,,,"",https://cdn.shopify.com/s/files/1/1020/9912/4593/files/720C8B30-001E-4470-8E52-BB55BBBD1884.jpg?v=1782021595,6,"",,,,,,,,,,,,,,,,,,,https://cdn.shopify.com/s/files/1/1020/9912/4593/files/44118716-3372-479D-BB63-05D5B2F68485.jpg?v=1782021594,kg,,,
tibby-organza-silk-brush-print-set,,,,,,,,,With sleeves,,,Xl,,,,,,0.0,shopify,100,deny,manual,1799.00,,true,false,,,,,"",https://cdn.shopify.com/s/files/1/1020/9912/4593/files/577034C1-1AD3-49E4-924B-C503BED5397E.jpg?v=1782021594,7,"",,,,,,,,,,,,,,,,,,,https://cdn.shopify.com/s/files/1/1020/9912/4593/files/44118716-3372-479D-BB63-05D5B2F68485.jpg?v=1782021594,kg,,,
tibby-organza-silk-brush-print-set,,,,,,,,,With sleeves,,,2xl,,,,,,0.0,shopify,100,deny,manual,1799.00,,true,false,,,,,"",https://cdn.shopify.com/s/files/1/1020/9912/4593/files/13B5966C-1B9E-42B3-9074-8A48C5424A63.jpg?v=1782021594,8,"",,,,,,,,,,,,,,,,,,,https://cdn.shopify.com/s/files/1/1020/9912/4593/files/44118716-3372-479D-BB63-05D5B2F68485.jpg?v=1782021594,kg,,,
tibby-organza-silk-brush-print-set,,,,,,,,,,,,,,,,,,,,,,,,,,,,,,,"",https://cdn.shopify.com/s/files/1/1020/9912/4593/files/B935841F-F93A-4C65-9F96-591C7AA4C300.jpg?v=1782021594,9,"",,,,,,,,,,,,,,,,,,,,,,,
tibby-organza-silk-brush-print-set,,,,,,,,,,,,,,,,,,,,,,,,,,,,,,,"",https://cdn.shopify.com/s/files/1/1020/9912/4593/files/14D2D09F-C6C8-489E-A0F1-4D46FD1A88F9.jpg?v=1782021594,10,"",,,,,,,,,,,,,,,,,,,,,,,
soft-mull-chanderi-thread-work-farshi-set,Soft Mull Chanderi Thread work Farshi Set,"<p><span>TOP DETAILS</span><span><br> </span><span>• Fabric : Mull Chanderi</span><span><br> </span><span>• Work : Thread Work</span><span><br> </span><span>• Inner : Soft Micro Cotton</span><span><br> </span><span>• Length : 33 Inches</span><span><br> </span><span>• Size : M(38), L(40), XL(42), XXL(44) With 3XL Margin | Fully Stitched Ready To Wear</span></p>
<p><span>FARSHI SALWAR DETAILS</span><span><br> </span><span>• Fabric : Mull Chanderi</span><span><br> </span><span>• Work : Thread Work</span><span><br> </span><span>• Length : 38 Inches</span><span><br> </span><span>• Size : Fully Stitched Up To Size 44 With Stretchable Elastic Waist</span></p>
<p><span>DUPATTA DETAILS</span><span><br> </span><span>• Fabric : Mull Chanderi</span><span><br> </span><span>• Work : Thread Work</span><span><br> </span><span>• Length : 2.2 Meters</span></p>",Anjuclothing ,,"","",true,Size,M,,,,,,,,,0.0,shopify,0,deny,manual,1599.00,,true,false,,,,,"",https://cdn.shopify.com/s/files/1/1020/9912/4593/files/IMG-1690.png?v=1788928739,1,"",false,,,,,,,,,,,,,,,,,,,kg,,,active
soft-mull-chanderi-thread-work-farshi-set,,,,,,,,,L,,,,,,,,,0.0,shopify,0,deny,manual,1599.00,,true,false,,,,,"",https://cdn.shopify.com/s/files/1/1020/9912/4593/files/14107EBE-5570-48DE-884A-191101BD22C0.jpg?v=1782014292,2,"",,,,,,,,,,,,,,,,,,,,kg,,,
soft-mull-chanderi-thread-work-farshi-set,,,,,,,,,Xl,,,,,,,,,0.0,shopify,0,deny,manual,1599.00,,true,false,,,,,"",https://cdn.shopify.com/s/files/1/1020/9912/4593/files/084FD772-D7C8-4A8C-8EE3-9563F6F85B08.jpg?v=1782014292,3,"",,,,,,,,,,,,,,,,,,,,kg,,,
soft-mull-chanderi-thread-work-farshi-set,,,,,,,,,2xl,,,,,,,,,0.0,shopify,0,deny,manual,1599.00,,true,false,,,,,"",https://cdn.shopify.com/s/files/1/1020/9912/4593/files/350A3BBE-C20A-4904-A7A0-0489A60ADF8A.jpg?v=1782014292,4,"",,,,,,,,,,,,,,,,,,,,kg,,,
soft-mull-chanderi-thread-work-farshi-set,,,,,,,,,,,,,,,,,,,,,,,,,,,,,,,"",https://cdn.shopify.com/s/files/1/1020/9912/4593/files/EBDCE8E1-0B1C-405E-94C2-F45811D593C0.jpg?v=1782014292,5,"",,,,,,,,,,,,,,,,,,,,,,,
soft-mull-chanderi-thread-work-farshi-set,,,,,,,,,,,,,,,,,,,,,,,,,,,,,,,"",https://cdn.shopify.com/s/files/1/1020/9912/4593/files/379D2797-5585-41E8-8B37-C051D8629638.jpg?v=1782014292,6,"",,,,,,,,,,,,,,,,,,,,,,,
soft-mull-chanderi-thread-work-farshi-set,,,,,,,,,,,,,,,,,,,,,,,,,,,,,,,"",https://cdn.shopify.com/s/files/1/1020/9912/4593/files/8B27B1BC-381E-4A16-972E-B129F2151A29.jpg?v=1782014292,7,"",,,,,,,,,,,,,,,,,,,,,,,
wedding-wear-beautiful-stunning-faux-georgette-sequnce-work-saree,Wedding Wear Beautiful Stunning Faux Georgette Sequnce Work Saree,<p><span>SAREE DETAILS</span><span><br> </span><span>• Fabric : Faux Georgette</span><span><br> </span><span>• Work : Intricate Thread &amp; Sequence With Moti Work</span><span><br> </span><span>• Length : 5.5 Meters</span><span><br> </span><span>BLOUSE DETAILS</span><span><br> </span><span>• Fabric : Mono Banglori</span><span><br> </span><span>• Work : Intricate Thread &amp; Sequence With Moti Work</span><span><br> </span><span>• Cut : 0.80 Meter | Unstitched</span></p>,Anjuclothing ,Apparel & Accessories > Clothing > Traditional & Ceremonial Clothing > Saris & Lehengas,"","",true,Title,Default Title,,,,,,,,,0.0,shopify,100,deny,manual,1499.00,,true,false,,,,,"",https://cdn.shopify.com/s/files/1/1020/9912/4593/files/IMG-1681.png?v=1788927831,1,"",false,,,,,adults,yellow; floral,,,synthetic,,,,,,,female,,,kg,,,active
wedding-wear-beautiful-stunning-faux-georgette-sequnce-work-saree,,,,,,,,,,,,,,,,,,,,,,,,,,,,,,,"",https://cdn.shopify.com/s/files/1/1020/9912/4593/files/27CEDFA6-DEEC-4A5D-8AE5-FD249440FF36.jpg?v=1782010409,2,"",,,,,,,,,,,,,,,,,,,,,,,
wedding-wear-beautiful-stunning-faux-georgette-sequnce-work-saree,,,,,,,,,,,,,,,,,,,,,,,,,,,,,,,"",https://cdn.shopify.com/s/files/1/1020/9912/4593/files/62AAA5C5-45F3-4F82-9BBB-B0FF1E5B0D6A.jpg?v=1782010409,3,"",,,,,,,,,,,,,,,,,,,,,,,
wedding-wear-beautiful-stunning-faux-georgette-sequnce-work-saree,,,,,,,,,,,,,,,,,,,,,,,,,,,,,,,"",https://cdn.shopify.com/s/files/1/1020/9912/4593/files/6714979A-C46F-479B-AB5F-34B0B73688C4.jpg?v=1782010409,4,"",,,,,,,,,,,,,,,,,,,,,,,
wedding-wear-beautiful-stunning-faux-georgette-sequnce-work-saree,,,,,,,,,,,,,,,,,,,,,,,,,,,,,,,"",https://cdn.shopify.com/s/files/1/1020/9912/4593/files/3EBBC3E8-BF06-47E8-B4E0-2934AEBED5A8.jpg?v=1782010409,5,"",,,,,,,,,,,,,,,,,,,,,,,
wedding-wear-beautiful-stunning-faux-georgette-sequnce-work-saree,,,,,,,,,,,,,,,,,,,,,,,,,,,,,,,"",https://cdn.shopify.com/s/files/1/1020/9912/4593/files/C9D616CD-47AC-4FB2-B0AF-9FFBC9011482.jpg?v=1782010409,6,"",,,,,,,,,,,,,,,,,,,,,,,
real-modling-of-gown-pant-pair,REAL MODLING OF GOWN PANT PAIR,"<p><span>KURTI DETAILS</span><span><br> </span><span>• Fabric : Fox Georgette</span><span><br> </span><span>• Work : Sequence Embroidery Work</span><span><br> </span><span>• Length : 40 Inches</span><span><br> </span><span>• Size : M(38), L(40), XL(42), XXL(44) | Fully Stitched Ready To Wear</span><span><br> </span><span>PLAZZO DETAILS</span><span><br> </span><span>• Fabric : Fox Georgette</span><span><br> </span><span>• Work : Plain</span><span><br> </span><span>DUPATTA DETAILS</span><span><br> </span><span>• Fabric : Fox Georgette</span><span><br> </span><span>• Work : Sequence Embroidery Work</span></p>",Anjuclothing ,,"","",true,Size,M,,,,,,,,,0.0,shopify,100,deny,manual,1799.00,,true,false,,,,,"",https://cdn.shopify.com/s/files/1/1020/9912/4593/files/IMG-1683.png?v=1788928053,1,"",false,,,,,,,,,,,,,,,,,,,kg,,,active
real-modling-of-gown-pant-pair,,,,,,,,,L,,,,,,,,,0.0,shopify,100,deny,manual,1799.00,,true,false,,,,,"",https://cdn.shopify.com/s/files/1/1020/9912/4593/files/7CBD4AE3-8C19-44CD-BD1A-C73C9E4C0FBE.jpg?v=1782010243,2,"",,,,,,,,,,,,,,,,,,,,kg,,,
real-modling-of-gown-pant-pair,,,,,,,,,Xl,,,,,,,,,0.0,shopify,100,deny,manual,1799.00,,true,false,,,,,"",https://cdn.shopify.com/s/files/1/1020/9912/4593/files/171D6DFC-A027-43BB-8B60-6989BE4F4158.jpg?v=1782010243,3,"",,,,,,,,,,,,,,,,,,,,kg,,,
real-modling-of-gown-pant-pair,,,,,,,,,2xl,,,,,,,,,0.0,shopify,100,deny,manual,1799.00,,true,false,,,,,"",https://cdn.shopify.com/s/files/1/1020/9912/4593/files/45397BA2-AA7E-4CC2-AF46-F5921A0A92DB.jpg?v=1782010243,4,"",,,,,,,,,,,,,,,,,,,,kg,,,
banarasi-jackquard-dola-silk-fabric-anarkali-suit-set,Banarasi jackquard dola silk fabric Anarkali suit set,"<p><span>ANARKALI DETAILS</span><span><br> </span><span>• Fabric : Fancy Banarasi Jacquard Dola Silk</span><span><br> </span><span>• Work : Fancy Backless Dori Pattern, Attached Sleeve Fabric, Padded &amp; Zipper Attached</span><span><br> </span><span>• Inner : Pure Micro Cotton With Canvas Patta</span><span><br> </span><span>• Length : 48-49 Inches Approx</span><span><br> </span><span>• Flair : 4 Meters Approx With Kali Cut &amp; Canvas Patta Attached</span><span><br> </span><span>• Size : XS(34), S(36), M(38), L(40), XL(42), XXL(44) | Fully Stitched Ready To Wear</span><span><br> </span><span>PANT DETAILS</span><span><br> </span><span>• Fabric : Micro Cotton Silk</span><span><br> </span><span>• Size : Free Size | Fully Stitched</span><span><br> </span><span>DUPATTA DETAILS</span><span><br> </span><span>• Fabric : Fancy Banarasi Jacquard Dola Silk</span><span><br> </span><span>• Length : 2.2 Meters</span></p>",Anjuclothing ,Apparel & Accessories > Clothing > Traditional & Ceremonial Clothing,"","",true,Size,xs,product.metafields.shopify.size,,,,,,,,0.0,shopify,100,deny,manual,1699.00,2500.00,true,false,,,,,"",https://cdn.shopify.com/s/files/1/1020/9912/4593/files/IMG-1684.png?v=1788928184,1,"",false,,,,,,,,,,,,,xs; s; m; l; xl; 2xl,,,,,,kg,,,active
banarasi-jackquard-dola-silk-fabric-anarkali-suit-set,,,,,,,,,s,,,,,,,,,0.0,shopify,100,deny,manual,1699.00,2500.00,true,false,,,,,"",https://cdn.shopify.com/s/files/1/1020/9912/4593/files/9BB9538F-55F1-4531-BBA3-2DC1AE3E0344.jpg?v=1782008801,2,"",,,,,,,,,,,,,,,,,,,,kg,,,
banarasi-jackquard-dola-silk-fabric-anarkali-suit-set,,,,,,,,,m,,,,,,,,,0.0,shopify,100,deny,manual,1699.00,2500.00,true,false,,,,,"",https://cdn.shopify.com/s/files/1/1020/9912/4593/files/4ED12B03-7B19-4A4A-A58C-29315699CC0B.jpg?v=1782008801,3,"",,,,,,,,,,,,,,,,,,,,kg,,,
banarasi-jackquard-dola-silk-fabric-anarkali-suit-set,,,,,,,,,l,,,,,,,,,0.0,shopify,100,deny,manual,1699.00,2500.00,true,false,,,,,"",https://cdn.shopify.com/s/files/1/1020/9912/4593/files/5C991566-5BA4-45F9-92AB-6648211D2B69.jpg?v=1782008801,4,"",,,,,,,,,,,,,,,,,,,,kg,,,
banarasi-jackquard-dola-silk-fabric-anarkali-suit-set,,,,,,,,,xl,,,,,,,,,0.0,shopify,100,deny,manual,1699.00,2500.00,true,false,,,,,"",https://cdn.shopify.com/s/files/1/1020/9912/4593/files/2DEE2A76-3FB1-4E1A-B776-63058F993928.jpg?v=1782008801,5,"",,,,,,,,,,,,,,,,,,,,kg,,,
banarasi-jackquard-dola-silk-fabric-anarkali-suit-set,,,,,,,,,2xl,,,,,,,,,0.0,shopify,100,deny,manual,1699.00,2500.00,true,false,,,,,"",,,,,,,,,,,,,,,,,,,,,,,kg,,,
pure-heavy-georgette-embroidery-set,Pure Heavy Georgette Embroidery Set,"<p><span>TOP DETAILS</span><span><br> </span><span>• Fabric : Pure Heavy Georgette</span><span><br> </span><span>• Work : Embroidery Thread Work</span><span><br> </span><span>• Inner : Heavy Micro Cotton</span><span><br> </span><span>• Sleeves : Full Sleeves</span><span><br> </span><span>• Length : 39-40 Inches</span><span><br> </span><span>• Size : M(38), L(40), XL(42), XXL(44) | Fully Stitched Ready To Wear</span><span><br> </span><span>BOTTOM DETAILS</span><span><br> </span><span>• Fabric : Pure Heavy Georgette</span><span><br> </span><span>• Length : 39-40 Inches</span><span><br> </span><span>DUPATTA DETAILS</span><span><br> </span><span>• Fabric : Pure Heavy Georgette</span><span><br> </span><span>• Work : Embroidery Thread Work</span></p>",Anjuclothing ,Apparel & Accessories > Clothing > Traditional & Ceremonial Clothing,"","",true,Color,white,product.metafields.shopify.color-pattern,Size,m,product.metafields.shopify.size,,,,,0.0,shopify,100,deny,manual,1799.00,2500.00,true,false,,,,,"",https://cdn.shopify.com/s/files/1/1020/9912/4593/files/4F4554B9-9A9A-4971-B0CA-076440ABB563.jpg?v=1782008283,1,"",false,,,,,adults,white; yellow; pink,,,polyester,round,,,m; l; xl; 2xl,,long,female,,,kg,,,active
pure-heavy-georgette-embroidery-set,,,,,,,,,yellow,,,m,,,,,,0.0,shopify,100,deny,manual,1799.00,2500.00,true,false,,,,,"",https://cdn.shopify.com/s/files/1/1020/9912/4593/files/4F1DA1B1-26D4-4B12-BF17-1E0A9A5A44F8.jpg?v=1782008260,2,"",,,,,,,,,,,,,,,,,,,,kg,,,
pure-heavy-georgette-embroidery-set,,,,,,,,,white,,,l,,,,,,0.0,shopify,100,deny,manual,1799.00,2500.00,true,false,,,,,"",https://cdn.shopify.com/s/files/1/1020/9912/4593/files/2931789D-B6C2-475E-BD05-934EEBE1FECC.jpg?v=1782008261,3,"",,,,,,,,,,,,,,,,,,,,kg,,,
pure-heavy-georgette-embroidery-set,,,,,,,,,white,,,xl,,,,,,0.0,shopify,100,deny,manual,1799.00,2500.00,true,false,,,,,"",https://cdn.shopify.com/s/files/1/1020/9912/4593/files/56E3206C-62A0-422D-A5D6-55D61A2D5516.jpg?v=1782008261,4,"",,,,,,,,,,,,,,,,,,,,kg,,,
pure-heavy-georgette-embroidery-set,,,,,,,,,white,,,2xl,,,,,,0.0,shopify,100,deny,manual,1799.00,2500.00,true,false,,,,,"",https://cdn.shopify.com/s/files/1/1020/9912/4593/files/423D035B-0963-4CA8-9C2E-4813CCD90424.jpg?v=1782008261,5,"",,,,,,,,,,,,,,,,,,,,kg,,,
pure-heavy-georgette-embroidery-set,,,,,,,,,yellow,,,l,,,,,,0.0,shopify,100,deny,manual,1799.00,2500.00,true,false,,,,,"",https://cdn.shopify.com/s/files/1/1020/9912/4593/files/43C38D3E-57D8-47D6-94A7-6117288115CB.jpg?v=1782008260,6,"",,,,,,,,,,,,,,,,,,,,kg,,,
pure-heavy-georgette-embroidery-set,,,,,,,,,yellow,,,xl,,,,,,0.0,shopify,100,deny,manual,1799.00,2500.00,true,false,,,,,"",https://cdn.shopify.com/s/files/1/1020/9912/4593/files/520DF110-1839-4E87-9B96-C676389BA1F0.jpg?v=1782008261,7,"",,,,,,,,,,,,,,,,,,,,kg,,,
pure-heavy-georgette-embroidery-set,,,,,,,,,yellow,,,2xl,,,,,,0.0,shopify,100,deny,manual,1799.00,2500.00,true,false,,,,,"",https://cdn.shopify.com/s/files/1/1020/9912/4593/files/12914466-F689-4696-A091-1819E4EC3E20.jpg?v=1782008261,8,"",,,,,,,,,,,,,,,,,,,,kg,,,
pure-heavy-georgette-embroidery-set,,,,,,,,,pink,,,m,,,,,,0.0,shopify,100,deny,manual,1799.00,2500.00,true,false,,,,,"",https://cdn.shopify.com/s/files/1/1020/9912/4593/files/93A0DA45-F6A7-46C7-84EF-8F32C2D89C54.jpg?v=1782309237,9,"",,,,,,,,,,,,,,,,,,,,kg,,,
pure-heavy-georgette-embroidery-set,,,,,,,,,pink,,,l,,,,,,0.0,shopify,100,deny,manual,1799.00,2500.00,true,false,,,,,"",https://cdn.shopify.com/s/files/1/1020/9912/4593/files/D0DE0BC0-B592-4F8B-95E6-722E4EEE2708.jpg?v=1782309237,10,"",,,,,,,,,,,,,,,,,,,,kg,,,
pure-heavy-georgette-embroidery-set,,,,,,,,,pink,,,xl,,,,,,0.0,shopify,100,deny,manual,1799.00,2500.00,true,false,,,,,"",,,,,,,,,,,,,,,,,,,,,,,kg,,,
pure-heavy-georgette-embroidery-set,,,,,,,,,pink,,,2xl,,,,,,0.0,shopify,100,deny,manual,1799.00,2500.00,true,false,,,,,"",,,,,,,,,,,,,,,,,,,,,,,kg,,,
wedding-wear-half-half-tissue-silk-rich-handcrafted-border-saree,WEDDING WEAR HALF-HALF TISSUE SILK RICH HANDCRAFTED BORDER SAREE,"<p><span>SAREE DETAILS</span><span><br> </span><span>• Fabric : HALF-HALF TISSUE SILK</span><span><br> </span><span>• Work : RICH HANDCRAFTED BORDER ENHANCING SAREE BEAUTY</span><span><br> </span><span>• Size : 5.5 MTR</span></p>
<p><span>BLOUSE DETAILS</span><span><br> </span><span>• Fabric : HALF-HALF TISSUE SILK</span><span><br> </span><span>• Work : PLAIN</span><span><br> </span><span>• Size : 0.80 MTR (UN-STITCH)</span></p>",Anjuclothing ,,"","",true,Title,Default Title,,,,,,,,,0.0,shopify,100,deny,manual,2200.00,4500.00,true,false,,,,,"",https://cdn.shopify.com/s/files/1/1020/9912/4593/files/IMG-1677.png?v=1788927152,1,"",false,,,,,,,,,,,,,,,,,,,kg,,,active
wedding-wear-half-half-tissue-silk-rich-handcrafted-border-saree,,,,,,,,,,,,,,,,,,,,,,,,,,,,,,,"",https://cdn.shopify.com/s/files/1/1020/9912/4593/files/0700DEF7-4887-4AB5-9866-BD6361136E15.jpg?v=1781974648,2,"",,,,,,,,,,,,,,,,,,,,,,,
wedding-wear-half-half-tissue-silk-rich-handcrafted-border-saree,,,,,,,,,,,,,,,,,,,,,,,,,,,,,,,"",https://cdn.shopify.com/s/files/1/1020/9912/4593/files/EDE41B15-639D-4A5E-9F82-39FA276978FF.jpg?v=1781974648,3,"",,,,,,,,,,,,,,,,,,,,,,,
wedding-wear-half-half-tissue-silk-rich-handcrafted-border-saree,,,,,,,,,,,,,,,,,,,,,,,,,,,,,,,"",https://cdn.shopify.com/s/files/1/1020/9912/4593/files/CBE6F434-92BE-43FD-BBD0-1CA940744818.jpg?v=1781974648,4,"",,,,,,,,,,,,,,,,,,,,,,,
wedding-wear-half-half-tissue-silk-rich-handcrafted-border-saree,,,,,,,,,,,,,,,,,,,,,,,,,,,,,,,"",https://cdn.shopify.com/s/files/1/1020/9912/4593/files/AA64ADBA-3497-4C19-813C-898199452592.jpg?v=1781974649,5,"",,,,,,,,,,,,,,,,,,,,,,,
wedding-wear-half-half-tissue-silk-rich-handcrafted-border-saree,,,,,,,,,,,,,,,,,,,,,,,,,,,,,,,"",https://cdn.shopify.com/s/files/1/1020/9912/4593/files/F481D986-D705-40B1-B34D-7B028A610E6E.jpg?v=1781974648,6,"",,,,,,,,,,,,,,,,,,,,,,,
wedding-wear-half-half-tissue-silk-rich-handcrafted-border-saree,,,,,,,,,,,,,,,,,,,,,,,,,,,,,,,"",https://cdn.shopify.com/s/files/1/1020/9912/4593/files/613D8872-1DF1-40CC-9533-4C5978D3F3F8.jpg?v=1781974648,7,"",,,,,,,,,,,,,,,,,,,,,,,
wedding-wear-half-half-tissue-silk-rich-handcrafted-border-saree,,,,,,,,,,,,,,,,,,,,,,,,,,,,,,,"",https://cdn.shopify.com/s/files/1/1020/9912/4593/files/2654331F-46E6-4AD9-8397-57A10AAA0C31.jpg?v=1781974649,8,"",,,,,,,,,,,,,,,,,,,,,,,
wedding-wear-heavy-faux-georgette-thread-with-sequence-anarkali-set,WEDDING WEAR HEAVY FAUX GEORGETTE THREAD WITH SEQUENCE ANARKALI SET,"<p><span>ANARKALI DETAILS</span><span><br> </span><span>• Fabric : HEAVY FAUX GEORGETTE</span><span><br> </span><span>• Work : THREAD WITH SEQUENCE</span><span><br> </span><span>• Inner : SOFT MICRO COTTON</span><span><br> </span><span>• Size : S(36), M(38), L(40), XL(42), XXL(44) WITH 3XL MARGIN FOR CUSTOM FIT</span><span><br> </span><span>• Height : 52 INCH</span><span><br> </span><span>• Flair : 3.30 MTR</span></p>
<p><span>PANT DETAILS</span><span><br> </span><span>• Fabric : MICRO COTTON</span><span><br> </span><span>• Size : FULLY STITCHED UP TO SIZE 44 WITH STRETCHABLE ELASTIC WAIST</span><span><br> </span><span>• Height : 38 INCHES</span></p>
<p><span>DUPATTA DETAILS</span><span><br> </span><span>• Fabric : HEAVY FAUX GEORGETTE</span><span><br> </span><span>• Work : READYMADE FANCY LACE BORDER</span><span><br> </span><span>• Width : 2.20 METERS</span></p>",Anjuclothing ,,"","",true,Size,S,,,,,,,,,0.0,shopify,100,deny,manual,1699.00,,true,false,,,,,"",https://cdn.shopify.com/s/files/1/1020/9912/4593/files/IMG-1675.png?v=1788926990,1,"",false,,,,,,,,,,,,,,,,,,,kg,,,active
wedding-wear-heavy-faux-georgette-thread-with-sequence-anarkali-set,,,,,,,,,M,,,,,,,,,0.0,shopify,100,deny,manual,1699.00,,true,false,,,,,"",https://cdn.shopify.com/s/files/1/1020/9912/4593/files/FF38F260-C830-4122-BDA1-FBD28AD6800E.jpg?v=1781974465,2,"",,,,,,,,,,,,,,,,,,,,kg,,,
wedding-wear-heavy-faux-georgette-thread-with-sequence-anarkali-set,,,,,,,,,L,,,,,,,,,0.0,shopify,100,deny,manual,1699.00,,true,false,,,,,"",https://cdn.shopify.com/s/files/1/1020/9912/4593/files/37768DD5-0363-4BBA-BF4A-F1A30E50C943.jpg?v=1781974465,3,"",,,,,,,,,,,,,,,,,,,,kg,,,
wedding-wear-heavy-faux-georgette-thread-with-sequence-anarkali-set,,,,,,,,,Xl,,,,,,,,,0.0,shopify,100,deny,manual,1699.00,,true,false,,,,,"",https://cdn.shopify.com/s/files/1/1020/9912/4593/files/A4223E2F-B6A9-4E26-89C4-D9FF70C99313.jpg?v=1781974465,4,"",,,,,,,,,,,,,,,,,,,,kg,,,
wedding-wear-heavy-faux-georgette-thread-with-sequence-anarkali-set,,,,,,,,,2xl,,,,,,,,,0.0,shopify,100,deny,manual,1699.00,,true,false,,,,,"",https://cdn.shopify.com/s/files/1/1020/9912/4593/files/B9502B60-AB0A-4C5C-BB2C-9E7BB6BED7E8.jpg?v=1781974465,5,"",,,,,,,,,,,,,,,,,,,,kg,,,
wedding-wear-heavy-faux-georgette-thread-with-sequence-anarkali-set,,,,,,,,,,,,,,,,,,,,,,,,,,,,,,,"",https://cdn.shopify.com/s/files/1/1020/9912/4593/files/0D413E21-CBCB-4826-B671-3404B15103DD.jpg?v=1781974465,6,"",,,,,,,,,,,,,,,,,,,,,,,
wedding-wear-heavy-faux-georgette-thread-with-sequence-anarkali-set,,,,,,,,,,,,,,,,,,,,,,,,,,,,,,,"",https://cdn.shopify.com/s/files/1/1020/9912/4593/files/B0F3C434-869C-4174-A686-D961DAC681C1.jpg?v=1781974466,7,"",,,,,,,,,,,,,,,,,,,,,,,
printed-roman-sequence-embroidered-top-plazzo-dupatta-set,"PRINTED ROMAN SEQUENCE EMBROIDERED TOP, PLAZZO & DUPATTA SET","<p><span>TOP DETAILS</span><span><br> </span><span>• Fabric : PRINTED ROMAN</span><span><br> </span><span>• Work : SEQUENCE EMBROIDERED</span><span><br> </span><span>• Inner : MICRO</span><span><br> </span><span>• Height : 37 INCH</span><span><br> </span><span>• Size : M(38), L(40), XL(42), XXL(44)</span></p>
<p><span>PLAZZO DETAILS</span><span><br> </span><span>• Fabric : ROMAN</span><span><br> </span><span>• Stitch : FREE SIZE (FULLY STITCHED)</span><span><br> </span><span>• Height : 39 INCH</span></p>
<p><span>DUPATTA DETAILS</span><span><br> </span><span>• Fabric : ROMAN</span></p>",Anjuclothing ,,"","",true,Size,M,,,,,,,,,0.0,shopify,100,deny,manual,1499.00,,true,false,,,,,"",https://cdn.shopify.com/s/files/1/1020/9912/4593/files/8555D473-B856-4344-8F6D-39924F0E7947.jpg?v=1782007556,1,"",false,,,,,,,,,,,,,,,,,,,kg,,,active
printed-roman-sequence-embroidered-top-plazzo-dupatta-set,,,,,,,,,L,,,,,,,,,0.0,shopify,100,deny,manual,1499.00,,true,false,,,,,"",https://cdn.shopify.com/s/files/1/1020/9912/4593/files/B9BE21C2-DB1B-4256-96AF-9E464F225C78.jpg?v=1782007571,2,"",,,,,,,,,,,,,,,,,,,,kg,,,
printed-roman-sequence-embroidered-top-plazzo-dupatta-set,,,,,,,,,Xl,,,,,,,,,0.0,shopify,100,deny,manual,1499.00,,true,false,,,,,"",https://cdn.shopify.com/s/files/1/1020/9912/4593/files/BB32B535-EFFA-42D1-B9C6-84B47762ADCF.jpg?v=1781973835,3,"",,,,,,,,,,,,,,,,,,,,kg,,,
printed-roman-sequence-embroidered-top-plazzo-dupatta-set,,,,,,,,,2xl,,,,,,,,,0.0,shopify,100,deny,manual,1499.00,,true,false,,,,,"",https://cdn.shopify.com/s/files/1/1020/9912/4593/files/B2B64D5D-31FC-4B42-A023-6A35D27CF88A.jpg?v=1781973835,4,"",,,,,,,,,,,,,,,,,,,,kg,,,
printed-roman-sequence-embroidered-top-plazzo-dupatta-set,,,,,,,,,,,,,,,,,,,,,,,,,,,,,,,"",https://cdn.shopify.com/s/files/1/1020/9912/4593/files/63792062-0D13-4181-8527-6109AACF16BA.jpg?v=1781973834,5,"",,,,,,,,,,,,,,,,,,,,,,,
printed-roman-sequence-embroidered-top-plazzo-dupatta-set,,,,,,,,,,,,,,,,,,,,,,,,,,,,,,,"",https://cdn.shopify.com/s/files/1/1020/9912/4593/files/2537A223-F3B9-4C4D-9122-F621610BB6A0.jpg?v=1781973835,6,"",,,,,,,,,,,,,,,,,,,,,,,
party-wear-georgette-ready-made-lace-border-saree,PARTY WEAR GEORGETTE READY MADE LACE BORDER SAREE,"<p><span>SAREE DETAILS</span><span><br> </span><span>• Fabric : GEORGETTE</span><span><br> </span><span>• Work : READY MADE LACE ON BORDERS, MIRROR LACE ON PALLU HANGING, READY TO WEAR PALLU USABLE FOR 2 STYLE WEARING</span><span><br> </span><span>• Inner : MICRO COTTON</span><span><br> </span><span>• Cut : 5.5 MTR</span></p>
<p><span>BLOUSE DETAILS</span><span><br> </span><span>• Fabric : GEORGETTE</span><span><br> </span><span>• Work : FRONT SIDE V SHAPE NECK WITH READYMADE LACE, BACK SIDE WITH DORI</span><span><br> </span><span>• Inner : MICRO COTTON</span><span><br> </span><span>• Height : 16 INCH</span><span><br> </span><span>• Size : S(36), M(38), L(40), XL(42), XXL(44)</span></p>",Anjuclothing ,,"","",true,Blouse Size,S,,,,,,,,,0.0,shopify,100,deny,manual,1499.00,,true,false,,,,,"",https://cdn.shopify.com/s/files/1/1020/9912/4593/files/IMG-1671.png?v=1788926541,1,"",false,,,,,,,,,,,,,,,,,,,kg,,,active
party-wear-georgette-ready-made-lace-border-saree,,,,,,,,,M,,,,,,,,,0.0,shopify,100,deny,manual,1499.00,,true,false,,,,,"",https://cdn.shopify.com/s/files/1/1020/9912/4593/files/1D56A7D6-84F5-42AD-BF5B-CE37C432C35A.jpg?v=1781973377,2,"",,,,,,,,,,,,,,,,,,,,kg,,,
party-wear-georgette-ready-made-lace-border-saree,,,,,,,,,L,,,,,,,,,0.0,shopify,100,deny,manual,1499.00,,true,false,,,,,"",https://cdn.shopify.com/s/files/1/1020/9912/4593/files/668F215F-01F7-414C-A012-41B86E6520FA.jpg?v=1781973377,3,"",,,,,,,,,,,,,,,,,,,,kg,,,
party-wear-georgette-ready-made-lace-border-saree,,,,,,,,,Xl,,,,,,,,,0.0,shopify,100,deny,manual,1499.00,,true,false,,,,,"",https://cdn.shopify.com/s/files/1/1020/9912/4593/files/8E6EF703-6A96-4582-BACD-544821D585CF.jpg?v=1781973377,4,"",,,,,,,,,,,,,,,,,,,,kg,,,
party-wear-georgette-ready-made-lace-border-saree,,,,,,,,,2xl,,,,,,,,,0.0,shopify,100,deny,manual,1499.00,,true,false,,,,,"",https://cdn.shopify.com/s/files/1/1020/9912/4593/files/C9FABA43-8E5B-4D04-A2F3-76FD9DD75562.jpg?v=1781973377,5,"",,,,,,,,,,,,,,,,,,,,kg,,,
party-wear-georgette-ready-made-lace-border-saree,,,,,,,,,,,,,,,,,,,,,,,,,,,,,,,"",https://cdn.shopify.com/s/files/1/1020/9912/4593/files/E1021B16-D8D6-4E04-9D90-FC23C63F8CEC.jpg?v=1781973377,6,"",,,,,,,,,,,,,,,,,,,,,,,
party-wear-georgette-ready-made-lace-border-saree,,,,,,,,,,,,,,,,,,,,,,,,,,,,,,,"",https://cdn.shopify.com/s/files/1/1020/9912/4593/files/9D30946D-E6C9-458D-A472-A0DC4F5F3747.jpg?v=1781973377,7,"",,,,,,,,,,,,,,,,,,,,,,,
new-designer-party-wear-gown-and-plazzo,New Designer Party Wear Gown And Plazzo,"<p><span>GOWN DETAILS</span></p>
<p><span>• Fabric : Heavy Cosmos Silk</span></p>
<p><span>• Inner : Micro Cotton</span></p>
<p><span>• Length : 47-48 Inches</span></p>
<p><span>• Flair : 4 Meters (Fully Stitched)</span></p>
<p><span>• Size : M(38), L(40), XL(42), XXL(44) | Fully Stitched Ready To Wear</span></p>
<p>BOTTOM DETAILS<br><span></span></p>
<p><span>• Fabric : Heavy Cosmos Silk With Micro Cotton &amp; Elastic</span></p>
<p><span>• Length : 41 Inches</span></p>
<p><span>• Size : Free Size | Fully Stitched</span></p>
<p>DUPATTA DETAILS<br><span></span></p>
<p><span>• Fabric : Gold Crush</span></p>
<p><span>• Work : Heavy Sequins &amp; Thread Embroidered Work With Designer Lace Border</span></p>
<p><span>• Length : 2.25 Meters</span></p>
<p> </p>",Anjuclothing ,,"","",true,Size,M,,,,,,,,,0.0,shopify,100,deny,manual,1799.00,3500.00,true,false,,,,,"",https://cdn.shopify.com/s/files/1/1020/9912/4593/files/IMG-1668.png?v=1788926302,1,"",false,,,,,,,,,,,,,,,,,,,kg,,,active
new-designer-party-wear-gown-and-plazzo,,,,,,,,,L,,,,,,,,,0.0,shopify,100,deny,manual,1799.00,3500.00,true,false,,,,,"",https://cdn.shopify.com/s/files/1/1020/9912/4593/files/4D412A5F-5188-49F9-9943-FE1748D7F0D3.jpg?v=1781972183,2,"",,,,,,,,,,,,,,,,,,,,kg,,,
new-designer-party-wear-gown-and-plazzo,,,,,,,,,Xl,,,,,,,,,0.0,shopify,100,deny,manual,1799.00,3500.00,true,false,,,,,"",https://cdn.shopify.com/s/files/1/1020/9912/4593/files/F7ADEBCD-757F-429F-AE49-B0BD4D1E8C18.jpg?v=1781972183,3,"",,,,,,,,,,,,,,,,,,,,kg,,,
new-designer-party-wear-gown-and-plazzo,,,,,,,,,2xl,,,,,,,,,0.0,shopify,100,deny,manual,1799.00,3500.00,true,false,,,,,"",https://cdn.shopify.com/s/files/1/1020/9912/4593/files/4840A671-8604-4853-A12B-FB54A296D7F3.jpg?v=1781972183,4,"",,,,,,,,,,,,,,,,,,,,kg,,,
new-designer-party-wear-gown-and-plazzo,,,,,,,,,,,,,,,,,,,,,,,,,,,,,,,"",https://cdn.shopify.com/s/files/1/1020/9912/4593/files/E6F0C2D4-7F55-4215-A343-59635FBAD9C8.jpg?v=1781972183,5,"",,,,,,,,,,,,,,,,,,,,,,,
cosmos-gold-with-embroidery-work-gown,Cosmos Gold With Embroidery Work Gown,"<p><span>GOWN DETAILS</span><span><br> </span><span>• Fabric : Cosmos Gold</span><span><br> </span><span>• Work : Embroidery Work</span><span><br> </span><span>• Inner : Heavy Micro Cotton</span><span><br> </span><span>• Length : 48-49 Inches</span><span><br> </span><span>• Flair : 3.5 Meters</span><span><br> </span><span>• Size : M(38), L(40), XL(42), XXL(44) | Fully Stitched Ready To Wear</span><span><br> </span><span>PANT DETAILS</span><span><br> </span><span>• Fabric : Heavy Micro Cotton With Elastic</span><span><br> </span><span>• Length : 39-40 Inches</span><span><br> </span><span>• Size : Free Size | Fully Stitched</span><span><br> </span><span>DUPATTA DETAILS</span><span><br> </span><span>• Fabric : Cosmos Gold</span><span><br> </span><span>• Work : Jarkan Work With Beautiful Lace Border</span><span><br> </span><span>RATE</span><span><br> </span><span>• ₹1200 + Shipping</span></p>",Anjuclothing ,,"","",true,Size,M,,,,,,,,,0.0,shopify,98,deny,manual,1699.00,2500.00,true,false,,,,,"",https://cdn.shopify.com/s/files/1/1020/9912/4593/files/DC572A52-0576-4D71-B320-1AD097821C8E.jpg?v=1788880481,1,"",false,,,,,,,,,,,,,,,,,,,kg,,,active
cosmos-gold-with-embroidery-work-gown,,,,,,,,,L,,,,,,,,,0.0,shopify,100,deny,manual,1699.00,2500.00,true,false,,,,,"",https://cdn.shopify.com/s/files/1/1020/9912/4593/files/CFDA31B4-1A99-4F32-8E9D-B224CF5A3EAE.jpg?v=1781972034,2,"",,,,,,,,,,,,,,,,,,,,kg,,,
cosmos-gold-with-embroidery-work-gown,,,,,,,,,Xl,,,,,,,,,0.0,shopify,100,deny,manual,1699.00,2500.00,true,false,,,,,"",https://cdn.shopify.com/s/files/1/1020/9912/4593/files/57481C6C-A0F7-4D0B-8B5D-E6309B2293F0.jpg?v=1781972034,3,"",,,,,,,,,,,,,,,,,,,,kg,,,
cosmos-gold-with-embroidery-work-gown,,,,,,,,,2xl,,,,,,,,,0.0,shopify,100,deny,manual,1699.00,2500.00,true,false,,,,,"",https://cdn.shopify.com/s/files/1/1020/9912/4593/files/33B01F05-9FB5-499B-B20E-001A65FC070E.jpg?v=1781972035,4,"",,,,,,,,,,,,,,,,,,,,kg,,,
cosmos-gold-with-embroidery-work-gown,,,,,,,,,,,,,,,,,,,,,,,,,,,,,,,"",https://cdn.shopify.com/s/files/1/1020/9912/4593/files/4FB22252-BB21-4900-9D4D-398F4FFFE717.jpg?v=1781972034,5,"",,,,,,,,,,,,,,,,,,,,,,,
cosmos-gold-with-embroidery-work-gown,,,,,,,,,,,,,,,,,,,,,,,,,,,,,,,"",https://cdn.shopify.com/s/files/1/1020/9912/4593/files/085407C9-C986-4FA2-8E08-44EF06BA89E4.jpg?v=1781972035,6,"",,,,,,,,,,,,,,,,,,,,,,,
chanderi-jacquard-butti-real-mirror-anarkali-set,Chanderi Jacquard Butti Real Mirror Anarkali Set,"<p><span>GOWN DETAILS</span><span><br> </span><span>• Fabric : Chanderi Jacquard Butti</span><span><br> </span><span>• Work : Real Mirror With Fancy Lace</span><span><br> </span><span>• Inner : Soft Micro Cotton</span><span><br> </span><span>• Length : 50 Inches</span><span><br> </span><span>• Flair : 3 Meters</span><span><br> </span><span>• Size : M(38), L(40), XL(42), XXL(44) With 3XL Margin | Fully Stitched Ready To Wear</span><span><br> </span><span>PANT DETAILS</span><span><br> </span><span>• Fabric : Micro Cotton</span><span><br> </span><span>• Length : 38 Inches</span><span><br> </span><span>• Size : Fully Stitched Up To Size 44 With Stretchable Elastic Waist</span><span><br> </span><span>DUPATTA DETAILS</span><span><br> </span><span>• Fabric : Soft Net</span><span><br> </span><span>• Work : Fancy Lace With Pearl Work</span><span><br> </span><span>• Length : 2.2 Meters</span></p>",Anjuclothing ,,"","",true,Size,M,,,,,,,,,0.0,shopify,99,deny,manual,1750.00,2500.00,true,false,,,,,"",https://cdn.shopify.com/s/files/1/1020/9912/4593/files/IMG-1666.png?v=1788926183,1,"",false,,,,,,,,,,,,,,,,,,,kg,,,active
chanderi-jacquard-butti-real-mirror-anarkali-set,,,,,,,,,L,,,,,,,,,0.0,shopify,100,deny,manual,1750.00,2500.00,true,false,,,,,"",https://cdn.shopify.com/s/files/1/1020/9912/4593/files/B8039723-3755-458C-AEDE-3301E0F0B03A.jpg?v=1781966875,2,"",,,,,,,,,,,,,,,,,,,,kg,,,
chanderi-jacquard-butti-real-mirror-anarkali-set,,,,,,,,,Xl,,,,,,,,,0.0,shopify,100,deny,manual,1750.00,2500.00,true,false,,,,,"",https://cdn.shopify.com/s/files/1/1020/9912/4593/files/6D2C5942-009F-4BC7-B2CF-A66894DE9CEA.jpg?v=1781966875,3,"",,,,,,,,,,,,,,,,,,,,kg,,,
chanderi-jacquard-butti-real-mirror-anarkali-set,,,,,,,,,2xl,,,,,,,,,0.0,shopify,100,deny,manual,1750.00,2500.00,true,false,,,,,"",https://cdn.shopify.com/s/files/1/1020/9912/4593/files/4777A4E7-1BB2-4060-8A26-E727C5807CCD.jpg?v=1781966875,4,"",,,,,,,,,,,,,,,,,,,,kg,,,
chanderi-jacquard-butti-real-mirror-anarkali-set,,,,,,,,,,,,,,,,,,,,,,,,,,,,,,,"",https://cdn.shopify.com/s/files/1/1020/9912/4593/files/1949F3F9-A648-4CA3-9591-C16FC2F6B38C.jpg?v=1781966875,5,"",,,,,,,,,,,,,,,,,,,,,,,
chanderi-jacquard-butti-real-mirror-anarkali-set,,,,,,,,,,,,,,,,,,,,,,,,,,,,,,,"",https://cdn.shopify.com/s/files/1/1020/9912/4593/files/D1E49218-663D-4F49-AB85-52C8B969CB85.jpg?v=1781966875,6,"",,,,,,,,,,,,,,,,,,,,,,,
chanderi-jacquard-butti-real-mirror-anarkali-set,,,,,,,,,,,,,,,,,,,,,,,,,,,,,,,"",https://cdn.shopify.com/s/files/1/1020/9912/4593/files/BCFDC8CC-D811-4F08-9CCA-28E19815F598.jpg?v=1781966875,7,"",,,,,,,,,,,,,,,,,,,,,,,
party-wear-heavy-roman-glass-set,Party Wear Heavy Roman Glass Set,"<p><span>TOP DETAILS</span><span><br> </span><span>▪️Fabric : Heavy Roman Glass</span><span><br> </span><span>▪️Work : Heavy Embroidery Work &amp; Moti Work</span><span><br> </span><span>▪️Inner : Micro Cotton</span><span><br> </span><span>▪️Length : 35-36 Inches</span><span><br> </span><span>▪️Size : M(38), L(40), XL(42), XXL(44) | Fully Stitched Ready To Wear</span><span><br> </span><span>PANT DETAILS</span><span><br> </span><span>▪️Fabric : Heavy Roman Glass</span><span><br> </span><span>▪️Inner : Micro Cotton</span><span><br> </span><span>▪️Pattern : Elastic Waist</span><span><br> </span><span>▪️Length : 41 Inches</span><span><br> </span><span>DUPATTA DETAILS</span><span><br> </span><span>▪️Fabric : Heavy Fox Georgette</span><span><br> </span><span>▪️Work : Heavy Embroidery Work</span><span><br> </span><span>▪️Length : 2.2 Meters</span></p>",Anjuclothing ,,"","",true,Size,M,,,,,,,,,0.0,shopify,100,deny,manual,1899.00,2800.00,true,false,,,,,"",https://cdn.shopify.com/s/files/1/1020/9912/4593/files/IMG-1664.png?v=1788926146,1,"",false,,,,,,,,,,,,,,,,,,,kg,,,active
party-wear-heavy-roman-glass-set,,,,,,,,,L,,,,,,,,,0.0,shopify,100,deny,manual,1899.00,2800.00,true,false,,,,,"",https://cdn.shopify.com/s/files/1/1020/9912/4593/files/8CB91982-3076-4635-B8C9-9A2DDFD79768.jpg?v=1781966276,2,"",,,,,,,,,,,,,,,,,,,,kg,,,
party-wear-heavy-roman-glass-set,,,,,,,,,Xl,,,,,,,,,0.0,shopify,100,deny,manual,1899.00,2800.00,true,false,,,,,"",https://cdn.shopify.com/s/files/1/1020/9912/4593/files/B2111852-2F4F-4B12-B93B-983B57E0F769.jpg?v=1781966276,3,"",,,,,,,,,,,,,,,,,,,,kg,,,
party-wear-heavy-roman-glass-set,,,,,,,,,2xl,,,,,,,,,0.0,shopify,100,deny,manual,1899.00,2800.00,true,false,,,,,"",https://cdn.shopify.com/s/files/1/1020/9912/4593/files/55B921F2-AE8D-49F5-BF7B-F7DF431FD445.jpg?v=1781966277,4,"",,,,,,,,,,,,,,,,,,,,kg,,,
party-wear-heavy-roman-glass-set,,,,,,,,,,,,,,,,,,,,,,,,,,,,,,,"",https://cdn.shopify.com/s/files/1/1020/9912/4593/files/00A8E0FD-2D89-443B-AB11-0BD7493840D6.jpg?v=1781966276,5,"",,,,,,,,,,,,,,,,,,,,,,,
cosmos-bustier-set,Cosmos Bustier Set,"<p><span>TOP DETAILS</span><span><br> </span><span>▪️Fabric : Cosmos</span><span><br> </span><span>▪️Work : Real Mirror With Embroidery Work</span><span><br> </span><span>▪️Inner : Micro</span><span><br> </span><span>▪️Length : 37 Inches</span><span><br> </span><span>▪️Size : M(38), L(40), XL(42), XXL(44) | Fully Stitched Ready To Wear</span><span><br> </span><span>PLAZZO DETAILS</span><span><br> </span><span>▪️Fabric : Cosmos</span><span><br> </span><span>▪️Length : 39 Inches</span><span><br> </span><span>▪️Size : Free Size | Fully Stitched</span><span><br> </span><span>DUPATTA DETAILS</span><span><br> </span><span>▪️Fabric : Cosmos</span><span><br> </span><span>▪️Work : Lace On Border</span><span><br> </span><span>BLOUSE DETAILS</span><span><br> </span><span>▪️Fabric : Cosmos</span><span><br> </span><span>▪️Work : Real Mirror With Embroidery Work</span></p>",Anjuclothing ,,"","",true,Colour,Blue,,Size,M,,,,,,0.0,shopify,99,deny,manual,1799.00,2500.00,true,false,,,,,"",https://cdn.shopify.com/s/files/1/1020/9912/4593/files/IMG-1641.png?v=1788924212,1,"",false,,,,,,,,,,,,,,,,,,https://cdn.shopify.com/s/files/1/1020/9912/4593/files/F8163CBE-FDCD-4B0C-A45E-DFC5827DCE93.jpg?v=1781938627,kg,,,active
cosmos-bustier-set,,,,,,,,,Blue,,,L,,,,,,0.0,shopify,100,deny,manual,1799.00,2500.00,true,false,,,,,"",https://cdn.shopify.com/s/files/1/1020/9912/4593/files/A75E75EF-AB36-495B-8C65-BABF46D1EE8F.jpg?v=1781938627,2,"",,,,,,,,,,,,,,,,,,,https://cdn.shopify.com/s/files/1/1020/9912/4593/files/F8163CBE-FDCD-4B0C-A45E-DFC5827DCE93.jpg?v=1781938627,kg,,,
cosmos-bustier-set,,,,,,,,,Blue,,,Xl,,,,,,0.0,shopify,100,deny,manual,1799.00,2500.00,true,false,,,,,"",https://cdn.shopify.com/s/files/1/1020/9912/4593/files/F0F258F9-E820-42FA-9F72-E01526DE8361.jpg?v=1781938627,3,"",,,,,,,,,,,,,,,,,,,https://cdn.shopify.com/s/files/1/1020/9912/4593/files/F8163CBE-FDCD-4B0C-A45E-DFC5827DCE93.jpg?v=1781938627,kg,,,
cosmos-bustier-set,,,,,,,,,Blue,,,2xl,,,,,,0.0,shopify,100,deny,manual,1799.00,2500.00,true,false,,,,,"",https://cdn.shopify.com/s/files/1/1020/9912/4593/files/DB705786-8134-4839-84D2-468B74DE8FD3.jpg?v=1781938627,4,"",,,,,,,,,,,,,,,,,,,https://cdn.shopify.com/s/files/1/1020/9912/4593/files/F8163CBE-FDCD-4B0C-A45E-DFC5827DCE93.jpg?v=1781938627,kg,,,
cosmos-bustier-set,,,,,,,,,Ivory,,,M,,,,,,0.0,shopify,100,deny,manual,1799.00,2500.00,true,false,,,,,"",https://cdn.shopify.com/s/files/1/1020/9912/4593/files/790F96FB-5969-4307-8088-932265EA6242.jpg?v=1781938627,5,"",,,,,,,,,,,,,,,,,,,https://cdn.shopify.com/s/files/1/1020/9912/4593/files/DB705786-8134-4839-84D2-468B74DE8FD3.jpg?v=1781938627,kg,,,
cosmos-bustier-set,,,,,,,,,Ivory,,,L,,,,,,0.0,shopify,100,deny,manual,1799.00,2500.00,true,false,,,,,"",https://cdn.shopify.com/s/files/1/1020/9912/4593/files/F8163CBE-FDCD-4B0C-A45E-DFC5827DCE93.jpg?v=1781938627,6,"",,,,,,,,,,,,,,,,,,,https://cdn.shopify.com/s/files/1/1020/9912/4593/files/DB705786-8134-4839-84D2-468B74DE8FD3.jpg?v=1781938627,kg,,,
cosmos-bustier-set,,,,,,,,,Ivory,,,Xl,,,,,,0.0,shopify,100,deny,manual,1799.00,2500.00,true,false,,,,,"",https://cdn.shopify.com/s/files/1/1020/9912/4593/files/CE6935BA-7F0B-4215-B134-55785EC125FD.jpg?v=1781938627,7,"",,,,,,,,,,,,,,,,,,,https://cdn.shopify.com/s/files/1/1020/9912/4593/files/DB705786-8134-4839-84D2-468B74DE8FD3.jpg?v=1781938627,kg,,,
cosmos-bustier-set,,,,,,,,,Ivory,,,2xl,,,,,,0.0,shopify,100,deny,manual,1799.00,2500.00,true,false,,,,,"",https://cdn.shopify.com/s/files/1/1020/9912/4593/files/E022EB16-3F84-4DCC-92BD-E95F4B42E6EF.jpg?v=1781938627,8,"",,,,,,,,,,,,,,,,,,,https://cdn.shopify.com/s/files/1/1020/9912/4593/files/DB705786-8134-4839-84D2-468B74DE8FD3.jpg?v=1781938627,kg,,,
cosmos-bustier-set,,,,,,,,,Peach,,,M,,,,,,0.0,shopify,100,deny,manual,1799.00,2500.00,true,false,,,,,"",https://cdn.shopify.com/s/files/1/1020/9912/4593/files/5021E7F0-126E-4A0B-8BB1-46E3C1284FFF.jpg?v=1781938627,9,"",,,,,,,,,,,,,,,,,,,https://cdn.shopify.com/s/files/1/1020/9912/4593/files/790F96FB-5969-4307-8088-932265EA6242.jpg?v=1781938627,kg,,,
cosmos-bustier-set,,,,,,,,,Peach,,,L,,,,,,0.0,shopify,100,deny,manual,1799.00,2500.00,true,false,,,,,"",https://cdn.shopify.com/s/files/1/1020/9912/4593/files/813435F8-2E96-4E79-885F-413B29BF838D.jpg?v=1781938627,10,"",,,,,,,,,,,,,,,,,,,https://cdn.shopify.com/s/files/1/1020/9912/4593/files/790F96FB-5969-4307-8088-932265EA6242.jpg?v=1781938627,kg,,,
cosmos-bustier-set,,,,,,,,,Peach,,,Xl,,,,,,0.0,shopify,100,deny,manual,1799.00,2500.00,true,false,,,,,"",https://cdn.shopify.com/s/files/1/1020/9912/4593/files/1F1A93F8-A286-4699-97D2-FF9D07E7092D.jpg?v=1781938627,11,"",,,,,,,,,,,,,,,,,,,https://cdn.shopify.com/s/files/1/1020/9912/4593/files/790F96FB-5969-4307-8088-932265EA6242.jpg?v=1781938627,kg,,,
cosmos-bustier-set,,,,,,,,,Peach,,,2xl,,,,,,0.0,shopify,100,deny,manual,1799.00,2500.00,true,false,,,,,"",https://cdn.shopify.com/s/files/1/1020/9912/4593/files/A3913A1A-35B4-4B39-A581-74B945EB3D9B.jpg?v=1781938627,12,"",,,,,,,,,,,,,,,,,,,https://cdn.shopify.com/s/files/1/1020/9912/4593/files/790F96FB-5969-4307-8088-932265EA6242.jpg?v=1781938627,kg,,,
cosmos-bustier-set,,,,,,,,,Pink,,,M,,,,,,0.0,shopify,100,deny,manual,1799.00,2500.00,true,false,,,,,"",https://cdn.shopify.com/s/files/1/1020/9912/4593/files/22182CD4-BDBF-4A38-98B1-4217099DA097.jpg?v=1781938627,13,"",,,,,,,,,,,,,,,,,,,https://cdn.shopify.com/s/files/1/1020/9912/4593/files/CE6935BA-7F0B-4215-B134-55785EC125FD.jpg?v=1781938627,kg,,,
cosmos-bustier-set,,,,,,,,,Pink,,,L,,,,,,0.0,shopify,100,deny,manual,1799.00,2500.00,true,false,,,,,"",https://cdn.shopify.com/s/files/1/1020/9912/4593/files/EC5B8CF2-6856-4BBA-870E-B8B0B560F06C.jpg?v=1781938627,14,"",,,,,,,,,,,,,,,,,,,https://cdn.shopify.com/s/files/1/1020/9912/4593/files/CE6935BA-7F0B-4215-B134-55785EC125FD.jpg?v=1781938627,kg,,,
cosmos-bustier-set,,,,,,,,,Pink,,,Xl,,,,,,0.0,shopify,100,deny,manual,1799.00,2500.00,true,false,,,,,"",https://cdn.shopify.com/s/files/1/1020/9912/4593/files/628C05E6-AE8E-42AA-B95B-3F9C81BF897F.jpg?v=1781938627,15,"",,,,,,,,,,,,,,,,,,,https://cdn.shopify.com/s/files/1/1020/9912/4593/files/CE6935BA-7F0B-4215-B134-55785EC125FD.jpg?v=1781938627,kg,,,
cosmos-bustier-set,,,,,,,,,Pink,,,2xl,,,,,,0.0,shopify,100,deny,manual,1799.00,2500.00,true,false,,,,,"",https://cdn.shopify.com/s/files/1/1020/9912/4593/files/730715CF-301A-4604-82AC-089EB951C38E.jpg?v=1781938627,16,"",,,,,,,,,,,,,,,,,,,https://cdn.shopify.com/s/files/1/1020/9912/4593/files/CE6935BA-7F0B-4215-B134-55785EC125FD.jpg?v=1781938627,kg,,,
cosmos-bustier-set,,,,,,,,,Orange,,,M,,,,,,0.0,shopify,100,deny,manual,1799.00,2500.00,true,false,,,,,"",https://cdn.shopify.com/s/files/1/1020/9912/4593/files/144B1353-9529-4B48-ABD8-53D2DA0E61A3.jpg?v=1781938627,17,"",,,,,,,,,,,,,,,,,,,https://cdn.shopify.com/s/files/1/1020/9912/4593/files/E022EB16-3F84-4DCC-92BD-E95F4B42E6EF.jpg?v=1781938627,kg,,,
cosmos-bustier-set,,,,,,,,,Orange,,,L,,,,,,0.0,shopify,100,deny,manual,1799.00,2500.00,true,false,,,,,"",https://cdn.shopify.com/s/files/1/1020/9912/4593/files/8F520C9F-C754-424A-B403-EBCF843971F9.jpg?v=1781938627,18,"",,,,,,,,,,,,,,,,,,,https://cdn.shopify.com/s/files/1/1020/9912/4593/files/E022EB16-3F84-4DCC-92BD-E95F4B42E6EF.jpg?v=1781938627,kg,,,
cosmos-bustier-set,,,,,,,,,Orange,,,Xl,,,,,,0.0,shopify,100,deny,manual,1799.00,2500.00,true,false,,,,,"",,,,,,,,,,,,,,,,,,,,,,https://cdn.shopify.com/s/files/1/1020/9912/4593/files/E022EB16-3F84-4DCC-92BD-E95F4B42E6EF.jpg?v=1781938627,kg,,,
cosmos-bustier-set,,,,,,,,,Orange,,,2xl,,,,,,0.0,shopify,100,deny,manual,1799.00,2500.00,true,false,,,,,"",,,,,,,,,,,,,,,,,,,,,,https://cdn.shopify.com/s/files/1/1020/9912/4593/files/E022EB16-3F84-4DCC-92BD-E95F4B42E6EF.jpg?v=1781938627,kg,,,
roman-glass-silk-bustier-set,Roman Glass Silk Bustier Set,"<p><span>TOP DETAILS</span><span><br> </span><span>▪️Fabric : Roman Glass Silk</span><span><br> </span><span>▪️Work : Heavy Mirror Work With Handcrafted Detailing</span><span><br> </span><span>▪️Inner : Soft Micro Inner</span><span><br> </span><span>▪️Length : 39-40 Inches</span><span><br> </span><span>▪️Size : M(38), L(40), XL(42), XXL(44) | Fully Stitched Ready To Wear</span><span><br> </span><span>BLOUSE DETAILS</span><span><br> </span><span>▪️Fabric : Roman Glass Silk</span><span><br> </span><span>▪️Work : Elegant Heavy Pearl Work</span><span><br> </span><span>▪️Inner : Soft Micro Inner</span><span><br> </span><span>PLAZZO DETAILS</span><span><br> </span><span>▪️Fabric : Roman Glass Silk</span><span><br> </span><span>▪️Work : Plain</span><span><br> </span><span>▪️Length : 39-40 Inches</span><span><br> </span><span>▪️Size : Fully Stitched | Fits Up To Size 44 (Elastic Waistband)</span><span><br> </span><span>DUPATTA DETAILS</span><span><br> </span><span>▪️Fabric : Heavy Fendy Silk</span><span><br> </span><span>▪️Work : Pearl &amp; Mirror Detailing With Designer Fancy Lace Border</span><span><br> </span><span>▪️Length : 2.25 Meters</span><span><br></span></p>",Anjuclothing ,,"","",true,Colour,Ivory,,Size,M,,,,,,0.0,shopify,99,deny,manual,1599.00,2500.00,true,true,,,,,"",https://cdn.shopify.com/s/files/1/1020/9912/4593/files/7EC4DB95-D0DA-4BC0-A1E2-BCD747365D67.png?v=1788925013,1,"",false,,,,,,,,,,,,,,,,,,,kg,,,active
roman-glass-silk-bustier-set,,,,,,,,,Ivory,,,L,,,,,,0.0,shopify,100,deny,manual,1599.00,2500.00,true,true,,,,,"",https://cdn.shopify.com/s/files/1/1020/9912/4593/files/D08E9697-B83D-4F1D-86C5-5631168AE635.jpg?v=1781925541,2,"",,,,,,,,,,,,,,,,,,,,kg,,,
roman-glass-silk-bustier-set,,,,,,,,,Ivory,,,Xl,,,,,,0.0,shopify,100,deny,manual,1599.00,2500.00,true,true,,,,,"",https://cdn.shopify.com/s/files/1/1020/9912/4593/files/3DFFFB9F-BB11-414B-808A-3A0FEED32F56.jpg?v=1781925541,3,"",,,,,,,,,,,,,,,,,,,,kg,,,
roman-glass-silk-bustier-set,,,,,,,,,Ivory,,,2xl,,,,,,0.0,shopify,100,deny,manual,1599.00,2500.00,true,true,,,,,"",https://cdn.shopify.com/s/files/1/1020/9912/4593/files/A33230B0-BF43-4720-B557-E86C023AEA4D.jpg?v=1781925541,4,"",,,,,,,,,,,,,,,,,,,,kg,,,
roman-glass-silk-bustier-set,,,,,,,,,Blue,,,M,,,,,,0.0,shopify,10,deny,manual,1599.00,2500.00,true,true,,,,,"",https://cdn.shopify.com/s/files/1/1020/9912/4593/files/B0C9207F-DAAD-4179-BE4C-D44781944166.jpg?v=1781925541,5,"",,,,,,,,,,,,,,,,,,,,kg,,,
roman-glass-silk-bustier-set,,,,,,,,,Blue,,,L,,,,,,0.0,shopify,10,deny,manual,1599.00,2500.00,true,true,,,,,"",https://cdn.shopify.com/s/files/1/1020/9912/4593/files/5D780ED7-4C10-414B-9BDC-FEBD98700F40.png?v=1788925013,6,"",,,,,,,,,,,,,,,,,,,,kg,,,
roman-glass-silk-bustier-set,,,,,,,,,Blue,,,Xl,,,,,,0.0,shopify,10,deny,manual,1599.00,2500.00,true,true,,,,,"",https://cdn.shopify.com/s/files/1/1020/9912/4593/files/68147209-D434-4ECF-BEE8-E68BE594FD27.jpg?v=1788924769,7,"",,,,,,,,,,,,,,,,,,,,kg,,,
roman-glass-silk-bustier-set,,,,,,,,,Blue,,,2xl,,,,,,0.0,shopify,10,deny,manual,1599.00,2500.00,true,true,,,,,"",https://cdn.shopify.com/s/files/1/1020/9912/4593/files/EBBE43D7-B849-4E60-8A20-DEDF19F9D3C1.jpg?v=1788924768,8,"",,,,,,,,,,,,,,,,,,,,kg,,,
roman-glass-silk-bustier-set,,,,,,,,,,,,,,,,,,,,,,,,,,,,,,,"",https://cdn.shopify.com/s/files/1/1020/9912/4593/files/D4C3C0F4-C012-4ADB-AEB2-91F1439DB98C.jpg?v=1788924768,9,"",,,,,,,,,,,,,,,,,,,,,,,
fendy-silk-anarkali-set,Fendy Silk Anarkali Set,"<p><span>ANARKALI DETAILS</span><span><br> </span><span>▪️Fabric : Fendy Silk</span><span><br> </span><span>▪️Work : Thread With Sequence Work</span><span><br> </span><span>▪️Inner : Soft Micro Cotton</span><span><br> </span><span>▪️Length : 52 Inches</span><span><br> </span><span>▪️Flair : 3.5 Meters</span><span><br> </span><span>▪️Size : M(38), L(40), XL(42), XXL(44) With 3XL Margin | Fully Stitched Ready To Wear</span><span><br> </span><span>PANT DETAILS</span><span><br> </span><span>▪️Fabric : Micro Cotton</span><span><br> </span><span>▪️Length : 38 Inches</span><span><br> </span><span>▪️Size : Fully Stitched Up To Size 44 With Stretchable Elastic Waist</span><span><br> </span><span>DUPATTA DETAILS</span><span><br> </span><span>▪️Fabric : Fendy Silk</span><span><br> </span><span>▪️Work : Thread With Sequence Work With 4-Side Lace Border</span><span><br> </span><span>▪️Length : 2.2 Meters</span></p>",Anjuclothing ,,"","",true,Colour,Pink,,Size,M,,,,,,0.0,shopify,100,deny,manual,1750.00,2500.00,true,false,,,,,"",https://cdn.shopify.com/s/files/1/1020/9912/4593/files/IMG-1639.png?v=1788924043,1,"",false,,,,,,,,,,,,,,,,,,https://cdn.shopify.com/s/files/1/1020/9912/4593/files/IMG-1639.png?v=1788924043,kg,,,active
fendy-silk-anarkali-set,,,,,,,,,Yellow,,,M,,,,,,0.0,shopify,100,deny,manual,1750.00,2500.00,true,false,,,,,"",https://cdn.shopify.com/s/files/1/1020/9912/4593/files/9DF11AFF-C60B-42C5-BF4B-17A2CDE767C5.jpg?v=1781925097,2,"",,,,,,,,,,,,,,,,,,,https://cdn.shopify.com/s/files/1/1020/9912/4593/files/808F3F91-1FC2-4582-9A71-5066CC83274E.jpg?v=1781925097,kg,,,
fendy-silk-anarkali-set,,,,,,,,,Magenta pink,,,M,,,,,,0.0,shopify,100,deny,manual,1750.00,2500.00,true,false,,,,,"",https://cdn.shopify.com/s/files/1/1020/9912/4593/files/808F3F91-1FC2-4582-9A71-5066CC83274E.jpg?v=1781925097,3,"",,,,,,,,,,,,,,,,,,,https://cdn.shopify.com/s/files/1/1020/9912/4593/files/2B7B38F5-A874-4860-8861-82803FC16C99.jpg?v=1781925097,kg,,,
fendy-silk-anarkali-set,,,,,,,,,Green,,,M,,,,,,0.0,shopify,100,deny,manual,1750.00,2500.00,true,false,,,,,"",https://cdn.shopify.com/s/files/1/1020/9912/4593/files/2B7B38F5-A874-4860-8861-82803FC16C99.jpg?v=1781925097,4,"",,,,,,,,,,,,,,,,,,,https://cdn.shopify.com/s/files/1/1020/9912/4593/files/28584934-1DCC-4F95-B08B-F8CD16BE67A3.jpg?v=1781925097,kg,,,
fendy-silk-anarkali-set,,,,,,,,,Teal,,,M,,,,,,0.0,shopify,99,deny,manual,1750.00,2500.00,true,false,,,,,"",https://cdn.shopify.com/s/files/1/1020/9912/4593/files/28584934-1DCC-4F95-B08B-F8CD16BE67A3.jpg?v=1781925097,5,"",,,,,,,,,,,,,,,,,,,https://cdn.shopify.com/s/files/1/1020/9912/4593/files/7B56C1B9-B83C-4559-8E78-4C23EDF24324.jpg?v=1781925097,kg,,,
fendy-silk-anarkali-set,,,,,,,,,Orange,,,M,,,,,,0.0,shopify,100,deny,manual,1750.00,2500.00,true,false,,,,,"",https://cdn.shopify.com/s/files/1/1020/9912/4593/files/7B56C1B9-B83C-4559-8E78-4C23EDF24324.jpg?v=1781925097,6,"",,,,,,,,,,,,,,,,,,,https://cdn.shopify.com/s/files/1/1020/9912/4593/files/B3EABE60-15F5-4F67-B78B-6A46CA6D495B.png?v=1781925097,kg,,,
fendy-silk-anarkali-set,,,,,,,,,Blue,,,M,,,,,,0.0,shopify,100,deny,manual,1750.00,2500.00,true,false,,,,,"",https://cdn.shopify.com/s/files/1/1020/9912/4593/files/B3EABE60-15F5-4F67-B78B-6A46CA6D495B.png?v=1781925097,7,"",,,,,,,,,,,,,,,,,,,https://cdn.shopify.com/s/files/1/1020/9912/4593/files/EBB4C0C4-8ACF-441D-B948-8AA442BCA455.png?v=1781925097,kg,,,
fendy-silk-anarkali-set,,,,,,,,,Purple,,,M,,,,,,0.0,shopify,100,deny,manual,1750.00,2500.00,true,false,,,,,"",https://cdn.shopify.com/s/files/1/1020/9912/4593/files/EBB4C0C4-8ACF-441D-B948-8AA442BCA455.png?v=1781925097,8,"",,,,,,,,,,,,,,,,,,,https://cdn.shopify.com/s/files/1/1020/9912/4593/files/59D60273-3CC9-4260-A638-92FA2B231995.png?v=1781925105,kg,,,
fendy-silk-anarkali-set,,,,,,,,,Red,,,M,,,,,,0.0,shopify,100,deny,manual,1750.00,2500.00,true,false,,,,,"",https://cdn.shopify.com/s/files/1/1020/9912/4593/files/59D60273-3CC9-4260-A638-92FA2B231995.png?v=1781925105,9,"",,,,,,,,,,,,,,,,,,,https://cdn.shopify.com/s/files/1/1020/9912/4593/files/57805739-917F-48F0-BF96-BC4E0B7BC5B4.jpg?v=1781925097,kg,,,
fendy-silk-anarkali-set,,,,,,,,,Pink,,,L,,,,,,0.0,shopify,100,deny,manual,1750.00,2500.00,true,false,,,,,"",https://cdn.shopify.com/s/files/1/1020/9912/4593/files/57805739-917F-48F0-BF96-BC4E0B7BC5B4.jpg?v=1781925097,10,"",,,,,,,,,,,,,,,,,,,https://cdn.shopify.com/s/files/1/1020/9912/4593/files/IMG-1639.png?v=1788924043,kg,,,
fendy-silk-anarkali-set,,,,,,,,,Pink,,,Xl,,,,,,0.0,shopify,100,deny,manual,1750.00,2500.00,true,false,,,,,"",https://cdn.shopify.com/s/files/1/1020/9912/4593/files/08B79F37-FA58-4B93-9D99-D7E59A354BF4.jpg?v=1781925097,11,"",,,,,,,,,,,,,,,,,,,https://cdn.shopify.com/s/files/1/1020/9912/4593/files/IMG-1639.png?v=1788924043,kg,,,
fendy-silk-anarkali-set,,,,,,,,,Pink,,,2xl,,,,,,0.0,shopify,99,deny,manual,1750.00,2500.00,true,false,,,,,"",https://cdn.shopify.com/s/files/1/1020/9912/4593/files/B951D2CE-FBAB-49B0-AD8A-EEBAE8A4C3FB.jpg?v=1781925097,12,"",,,,,,,,,,,,,,,,,,,https://cdn.shopify.com/s/files/1/1020/9912/4593/files/IMG-1639.png?v=1788924043,kg,,,
fendy-silk-anarkali-set,,,,,,,,,Yellow,,,L,,,,,,0.0,shopify,100,deny,manual,1750.00,2500.00,true,false,,,,,"",https://cdn.shopify.com/s/files/1/1020/9912/4593/files/90454939-4B67-4B72-966D-A3E25BE72ADA.jpg?v=1781925097,13,"",,,,,,,,,,,,,,,,,,,https://cdn.shopify.com/s/files/1/1020/9912/4593/files/808F3F91-1FC2-4582-9A71-5066CC83274E.jpg?v=1781925097,kg,,,
fendy-silk-anarkali-set,,,,,,,,,Yellow,,,Xl,,,,,,0.0,shopify,100,deny,manual,1750.00,2500.00,true,false,,,,,"",https://cdn.shopify.com/s/files/1/1020/9912/4593/files/4D7A4744-BCFA-461F-90EB-991F8AFA7F9B.jpg?v=1781925097,14,"",,,,,,,,,,,,,,,,,,,https://cdn.shopify.com/s/files/1/1020/9912/4593/files/808F3F91-1FC2-4582-9A71-5066CC83274E.jpg?v=1781925097,kg,,,
fendy-silk-anarkali-set,,,,,,,,,Yellow,,,2xl,,,,,,0.0,shopify,100,deny,manual,1750.00,2500.00,true,false,,,,,"",https://cdn.shopify.com/s/files/1/1020/9912/4593/files/8D799510-5A24-4573-AE6C-DBCBDE0B1890.jpg?v=1781925097,15,"",,,,,,,,,,,,,,,,,,,https://cdn.shopify.com/s/files/1/1020/9912/4593/files/808F3F91-1FC2-4582-9A71-5066CC83274E.jpg?v=1781925097,kg,,,
fendy-silk-anarkali-set,,,,,,,,,Magenta pink,,,L,,,,,,0.0,shopify,100,deny,manual,1750.00,2500.00,true,false,,,,,"",https://cdn.shopify.com/s/files/1/1020/9912/4593/files/7ECA3316-D2CA-4AD8-BDB1-23C13B555B80.jpg?v=1781925097,16,"",,,,,,,,,,,,,,,,,,,https://cdn.shopify.com/s/files/1/1020/9912/4593/files/2B7B38F5-A874-4860-8861-82803FC16C99.jpg?v=1781925097,kg,,,
fendy-silk-anarkali-set,,,,,,,,,Magenta pink,,,Xl,,,,,,0.0,shopify,100,deny,manual,1750.00,2500.00,true,false,,,,,"",https://cdn.shopify.com/s/files/1/1020/9912/4593/files/FE417FD9-B7B9-48F5-BDCE-ECD3AB6D752D.jpg?v=1781925097,17,"",,,,,,,,,,,,,,,,,,,https://cdn.shopify.com/s/files/1/1020/9912/4593/files/2B7B38F5-A874-4860-8861-82803FC16C99.jpg?v=1781925097,kg,,,
fendy-silk-anarkali-set,,,,,,,,,Magenta pink,,,2xl,,,,,,0.0,shopify,100,deny,manual,1750.00,2500.00,true,false,,,,,"",https://cdn.shopify.com/s/files/1/1020/9912/4593/files/E78A2868-6356-4C46-9E5B-EE8A6B707733.jpg?v=1781925097,18,"",,,,,,,,,,,,,,,,,,,https://cdn.shopify.com/s/files/1/1020/9912/4593/files/2B7B38F5-A874-4860-8861-82803FC16C99.jpg?v=1781925097,kg,,,
fendy-silk-anarkali-set,,,,,,,,,Green,,,L,,,,,,0.0,shopify,100,deny,manual,1750.00,2500.00,true,false,,,,,"",,,,,,,,,,,,,,,,,,,,,,https://cdn.shopify.com/s/files/1/1020/9912/4593/files/28584934-1DCC-4F95-B08B-F8CD16BE67A3.jpg?v=1781925097,kg,,,
fendy-silk-anarkali-set,,,,,,,,,Green,,,Xl,,,,,,0.0,shopify,100,deny,manual,1750.00,2500.00,true,false,,,,,"",,,,,,,,,,,,,,,,,,,,,,https://cdn.shopify.com/s/files/1/1020/9912/4593/files/28584934-1DCC-4F95-B08B-F8CD16BE67A3.jpg?v=1781925097,kg,,,
fendy-silk-anarkali-set,,,,,,,,,Green,,,2xl,,,,,,0.0,shopify,100,deny,manual,1750.00,2500.00,true,false,,,,,"",,,,,,,,,,,,,,,,,,,,,,https://cdn.shopify.com/s/files/1/1020/9912/4593/files/28584934-1DCC-4F95-B08B-F8CD16BE67A3.jpg?v=1781925097,kg,,,
fendy-silk-anarkali-set,,,,,,,,,Teal,,,L,,,,,,0.0,shopify,100,deny,manual,1750.00,2500.00,true,false,,,,,"",,,,,,,,,,,,,,,,,,,,,,https://cdn.shopify.com/s/files/1/1020/9912/4593/files/7B56C1B9-B83C-4559-8E78-4C23EDF24324.jpg?v=1781925097,kg,,,
fendy-silk-anarkali-set,,,,,,,,,Teal,,,Xl,,,,,,0.0,shopify,100,deny,manual,1750.00,2500.00,true,false,,,,,"",,,,,,,,,,,,,,,,,,,,,,https://cdn.shopify.com/s/files/1/1020/9912/4593/files/7B56C1B9-B83C-4559-8E78-4C23EDF24324.jpg?v=1781925097,kg,,,
fendy-silk-anarkali-set,,,,,,,,,Teal,,,2xl,,,,,,0.0,shopify,100,deny,manual,1750.00,2500.00,true,false,,,,,"",,,,,,,,,,,,,,,,,,,,,,https://cdn.shopify.com/s/files/1/1020/9912/4593/files/7B56C1B9-B83C-4559-8E78-4C23EDF24324.jpg?v=1781925097,kg,,,
fendy-silk-anarkali-set,,,,,,,,,Orange,,,L,,,,,,0.0,shopify,100,deny,manual,1750.00,2500.00,true,false,,,,,"",,,,,,,,,,,,,,,,,,,,,,https://cdn.shopify.com/s/files/1/1020/9912/4593/files/B3EABE60-15F5-4F67-B78B-6A46CA6D495B.png?v=1781925097,kg,,,
fendy-silk-anarkali-set,,,,,,,,,Orange,,,Xl,,,,,,0.0,shopify,100,deny,manual,1750.00,2500.00,true,false,,,,,"",,,,,,,,,,,,,,,,,,,,,,https://cdn.shopify.com/s/files/1/1020/9912/4593/files/B3EABE60-15F5-4F67-B78B-6A46CA6D495B.png?v=1781925097,kg,,,
fendy-silk-anarkali-set,,,,,,,,,Orange,,,2xl,,,,,,0.0,shopify,99,deny,manual,1750.00,2500.00,true,false,,,,,"",,,,,,,,,,,,,,,,,,,,,,https://cdn.shopify.com/s/files/1/1020/9912/4593/files/B3EABE60-15F5-4F67-B78B-6A46CA6D495B.png?v=1781925097,kg,,,
fendy-silk-anarkali-set,,,,,,,,,Blue,,,L,,,,,,0.0,shopify,100,deny,manual,1750.00,2500.00,true,false,,,,,"",,,,,,,,,,,,,,,,,,,,,,https://cdn.shopify.com/s/files/1/1020/9912/4593/files/EBB4C0C4-8ACF-441D-B948-8AA442BCA455.png?v=1781925097,kg,,,
fendy-silk-anarkali-set,,,,,,,,,Blue,,,Xl,,,,,,0.0,shopify,100,deny,manual,1750.00,2500.00,true,false,,,,,"",,,,,,,,,,,,,,,,,,,,,,https://cdn.shopify.com/s/files/1/1020/9912/4593/files/EBB4C0C4-8ACF-441D-B948-8AA442BCA455.png?v=1781925097,kg,,,
fendy-silk-anarkali-set,,,,,,,,,Blue,,,2xl,,,,,,0.0,shopify,100,deny,manual,1750.00,2500.00,true,false,,,,,"",,,,,,,,,,,,,,,,,,,,,,https://cdn.shopify.com/s/files/1/1020/9912/4593/files/EBB4C0C4-8ACF-441D-B948-8AA442BCA455.png?v=1781925097,kg,,,
fendy-silk-anarkali-set,,,,,,,,,Purple,,,L,,,,,,0.0,shopify,100,deny,manual,1750.00,2500.00,true,false,,,,,"",,,,,,,,,,,,,,,,,,,,,,https://cdn.shopify.com/s/files/1/1020/9912/4593/files/59D60273-3CC9-4260-A638-92FA2B231995.png?v=1781925105,kg,,,
fendy-silk-anarkali-set,,,,,,,,,Purple,,,Xl,,,,,,0.0,shopify,100,deny,manual,1750.00,2500.00,true,false,,,,,"",,,,,,,,,,,,,,,,,,,,,,https://cdn.shopify.com/s/files/1/1020/9912/4593/files/59D60273-3CC9-4260-A638-92FA2B231995.png?v=1781925105,kg,,,
fendy-silk-anarkali-set,,,,,,,,,Purple,,,2xl,,,,,,0.0,shopify,100,deny,manual,1750.00,2500.00,true,false,,,,,"",,,,,,,,,,,,,,,,,,,,,,https://cdn.shopify.com/s/files/1/1020/9912/4593/files/59D60273-3CC9-4260-A638-92FA2B231995.png?v=1781925105,kg,,,
fendy-silk-anarkali-set,,,,,,,,,Red,,,L,,,,,,0.0,shopify,100,deny,manual,1750.00,2500.00,true,false,,,,,"",,,,,,,,,,,,,,,,,,,,,,https://cdn.shopify.com/s/files/1/1020/9912/4593/files/57805739-917F-48F0-BF96-BC4E0B7BC5B4.jpg?v=1781925097,kg,,,
fendy-silk-anarkali-set,,,,,,,,,Red,,,Xl,,,,,,0.0,shopify,100,deny,manual,1750.00,2500.00,true,false,,,,,"",,,,,,,,,,,,,,,,,,,,,,https://cdn.shopify.com/s/files/1/1020/9912/4593/files/57805739-917F-48F0-BF96-BC4E0B7BC5B4.jpg?v=1781925097,kg,,,
fendy-silk-anarkali-set,,,,,,,,,Red,,,2xl,,,,,,0.0,shopify,100,deny,manual,1750.00,2500.00,true,false,,,,,"",,,,,,,,,,,,,,,,,,,,,,https://cdn.shopify.com/s/files/1/1020/9912/4593/files/57805739-917F-48F0-BF96-BC4E0B7BC5B4.jpg?v=1781925097,kg,,,
pure-romansilk-chanderi-fabric-fully-flare-anarkali,PURE ROMANSILK CHANDERI FABRIC FULLY FLARE ANARKALI,"<p><span>ANARKALI DETAILS</span><span><br> </span><span>▪️Fabric : Premium Quality Heavy Pure Roman Silk Chanderi</span><span><br> </span><span>▪️Style : Sleeveless With Side Zipper</span><span><br> </span><span>▪️Yoke : Fancy Lace Border</span><span><br> </span><span>▪️Inner : Pure Microscrape Half Inner</span><span><br> </span><span>▪️Length : 48 Inches Approx</span><span><br> </span><span>▪️Flair : 3 Meters Full Flare With Embroidery Thread Work &amp; Bottom Lace Work</span><span><br> </span><span>▪️Size : XS(34), S(36), M(38), L(40), XL(42), XXL(44) | Fully Stitched Ready To Wear</span><span><br> </span><span>PANT DETAILS</span><span><br> </span><span>▪️Fabric : Pure Roman Silk Chanderi</span><span><br> </span><span>▪️Size : Free Size | Fully Stitched</span><span><br> </span><span>DUPATTA DETAILS</span><span><br> </span><span>▪️Fabric : Pure Roman Silk</span><span><br> </span><span>▪️Work : Fancy Lace Border</span><span><br> </span><span>▪️Length : 2.20 Meters</span><span><br> </span><span>▪️Width : 26 Inches (Shawl Type Dupatta)</span></p>",Anjuclothing ,,"","",true,Size,Xs,,,,,,,,,0.0,shopify,100,deny,manual,1699.00,2500.00,true,false,,,,,"",https://cdn.shopify.com/s/files/1/1020/9912/4593/files/IMG-1636.png?v=1788923879,1,"",false,,,,,,,,,,,,,,,,,,,kg,,,active
pure-romansilk-chanderi-fabric-fully-flare-anarkali,,,,,,,,,S,,,,,,,,,0.0,shopify,100,deny,manual,1699.00,2500.00,true,false,,,,,"",https://cdn.shopify.com/s/files/1/1020/9912/4593/files/B20A0F46-2995-4D5F-BCFE-8BF7262754DD.jpg?v=1781873288,2,"",,,,,,,,,,,,,,,,,,,,kg,,,
pure-romansilk-chanderi-fabric-fully-flare-anarkali,,,,,,,,,M,,,,,,,,,0.0,shopify,100,deny,manual,1699.00,2500.00,true,false,,,,,"",https://cdn.shopify.com/s/files/1/1020/9912/4593/files/C06F8673-DD4B-4B47-85B6-D96EE5001F5D.jpg?v=1781873288,3,"",,,,,,,,,,,,,,,,,,,,kg,,,
pure-romansilk-chanderi-fabric-fully-flare-anarkali,,,,,,,,,L,,,,,,,,,0.0,shopify,100,deny,manual,1699.00,2500.00,true,false,,,,,"",https://cdn.shopify.com/s/files/1/1020/9912/4593/files/CD037B72-9CAE-4224-8628-4873C84231E8.jpg?v=1781873289,4,"",,,,,,,,,,,,,,,,,,,,kg,,,
pure-romansilk-chanderi-fabric-fully-flare-anarkali,,,,,,,,,Xl,,,,,,,,,0.0,shopify,100,deny,manual,1699.00,2500.00,true,false,,,,,"",https://cdn.shopify.com/s/files/1/1020/9912/4593/files/10CAFD24-6B69-4A91-B9C1-0F696E64ED32.jpg?v=1781873288,5,"",,,,,,,,,,,,,,,,,,,,kg,,,
pure-romansilk-chanderi-fabric-fully-flare-anarkali,,,,,,,,,2xl,,,,,,,,,0.0,shopify,100,deny,manual,1699.00,2500.00,true,false,,,,,"",,,,,,,,,,,,,,,,,,,,,,,kg,,,
simar-silk-gown-set,Simar Silk Gown Set,"<p><strong>GOWN DETAILS</strong><br>▪️Fabric : Simar Silk<br>▪️Work : Plain<br>▪️Inner : Micro Cotton<br>▪️Flair : 8 Meters<br>▪️Size : M(38), L(40), XL(42), XXL(44) | Fully Stitched Ready To Wear<br><strong>PLAZZO DETAILS</strong><br>▪️Fabric : Simar Silk<br>▪️Work : Plain<br>▪️Flair : Full Heavy Flair Plazzo<br>▪️Inner : Micro<br>▪️Size : Full Stitch Up To 44 With Elastic Waist<br><strong>DUPATTA DETAILS</strong><br>▪️Fabric : Organza Silk<br>▪️Work : Embroidery Sequence Work &amp; Fancy Lace Work<br>▪️Length : 2.20 Meters</p>",Anjuclothing ,Apparel & Accessories > Clothing > Traditional & Ceremonial Clothing,"","",true,Color,navy,product.metafields.shopify.color-pattern,Size,m,product.metafields.shopify.size,,,,,0.0,shopify,100,deny,manual,2050.00,3500.00,true,false,,,,,"",https://cdn.shopify.com/s/files/1/1020/9912/4593/files/IMG-1631.png?v=1788886701,1,"",false,,,,,adults,navy; green,,,silk,square,,,m; l; xl; 2xl,,long,female,,,kg,,,active
simar-silk-gown-set,,,,,,,,,navy,,,l,,,,,,0.0,shopify,100,deny,manual,2050.00,3500.00,true,false,,,,,"",https://cdn.shopify.com/s/files/1/1020/9912/4593/files/ProductCImage_131203.jpg?v=1781863458,2,"",,,,,,,,,,,,,,,,,,,,kg,,,
simar-silk-gown-set,,,,,,,,,navy,,,xl,,,,,,0.0,shopify,100,deny,manual,2050.00,3500.00,true,false,,,,,"",https://cdn.shopify.com/s/files/1/1020/9912/4593/files/ProductCImage_133857.jpg?v=1781863458,3,"",,,,,,,,,,,,,,,,,,,,kg,,,
simar-silk-gown-set,,,,,,,,,navy,,,2xl,,,,,,0.0,shopify,100,deny,manual,2050.00,3500.00,true,false,,,,,"",https://cdn.shopify.com/s/files/1/1020/9912/4593/files/ProductCImage_131202.jpg?v=1781863457,4,"",,,,,,,,,,,,,,,,,,,,kg,,,
simar-silk-gown-set,,,,,,,,,green,,,m,,,,,,0.0,shopify,100,deny,manual,2050.00,3500.00,true,false,,,,,"",https://cdn.shopify.com/s/files/1/1020/9912/4593/files/ProductCImage_131201.jpg?v=1781863457,5,"",,,,,,,,,,,,,,,,,,,https://cdn.shopify.com/s/files/1/1020/9912/4593/files/ProductCImage_133857.jpg?v=1781863458,kg,,,
simar-silk-gown-set,,,,,,,,,green,,,l,,,,,,0.0,shopify,100,deny,manual,2050.00,3500.00,true,false,,,,,"",https://cdn.shopify.com/s/files/1/1020/9912/4593/files/ProductCImage_133855.jpg?v=1781863458,6,"",,,,,,,,,,,,,,,,,,,https://cdn.shopify.com/s/files/1/1020/9912/4593/files/ProductCImage_133857.jpg?v=1781863458,kg,,,
simar-silk-gown-set,,,,,,,,,green,,,xl,,,,,,0.0,shopify,100,deny,manual,2050.00,3500.00,true,false,,,,,"",,,,,,,,,,,,,,,,,,,,,,https://cdn.shopify.com/s/files/1/1020/9912/4593/files/ProductCImage_133857.jpg?v=1781863458,kg,,,
simar-silk-gown-set,,,,,,,,,green,,,2xl,,,,,,0.0,shopify,100,deny,manual,2050.00,3500.00,true,false,,,,,"",,,,,,,,,,,,,,,,,,,,,,https://cdn.shopify.com/s/files/1/1020/9912/4593/files/ProductCImage_133857.jpg?v=1781863458,kg,,,
floral-anarkali-set,Floral Anarkali Set,"<p><strong>GOWN DETAILS</strong><br>▪️Fabric : Heavy Soft Organza Silk<br>▪️Work : Fancy Badla Jari Work With Flower Position Outing Work<br>▪️Inner : Pure Micro Cotton With Canvas Patta<br>▪️Length : 48-49 Inches<br>▪️Flair : 4 Meters<br>▪️Size : XS(34), S(36), M(38), L(40), XL(42), XXL(44) | Fully Stitched Ready To Wear<br><strong>BOTTOM DETAILS</strong><br>▪️Fabric : Micro Cotton Silk<br>▪️Size : Fully Stitched<br><strong>DUPATTA DETAILS</strong><br>▪️Fabric : Pure Soft Organza Silk<br>▪️Work : Border Gota Patti Lace Work<br>▪️Length : 2.3 Meters</p>",Anjuclothing ,Uncategorized,"","",true,Colour,white,,Size,XS,,,,,,0.0,shopify,100,deny,manual,1699.00,,true,false,,,,,"",https://cdn.shopify.com/s/files/1/1020/9912/4593/files/IMG-1629.png?v=1788886586,1,"",false,,,,,,,,,,,,,,,,,,,kg,,,active
floral-anarkali-set,,,,,,,,,white,,,S,,,,,,0.0,shopify,100,deny,manual,1699.00,,true,false,,,,,"",https://cdn.shopify.com/s/files/1/1020/9912/4593/files/ProductCImage_93609.jpg?v=1781862406,2,"",,,,,,,,,,,,,,,,,,,,kg,,,
floral-anarkali-set,,,,,,,,,white,,,M,,,,,,0.0,shopify,100,deny,manual,1699.00,,true,false,,,,,"",https://cdn.shopify.com/s/files/1/1020/9912/4593/files/ProductCImage_109051.jpg?v=1781862406,3,"",,,,,,,,,,,,,,,,,,,,kg,,,
floral-anarkali-set,,,,,,,,,white,,,L,,,,,,0.0,shopify,100,deny,manual,1699.00,,true,false,,,,,"",https://cdn.shopify.com/s/files/1/1020/9912/4593/files/ProductCImage_121466.jpg?v=1781862406,4,"",,,,,,,,,,,,,,,,,,,,kg,,,
floral-anarkali-set,,,,,,,,,white,,,XL,,,,,,0.0,shopify,100,deny,manual,1699.00,,true,false,,,,,"",https://cdn.shopify.com/s/files/1/1020/9912/4593/files/ProductCImage_122172.jpg?v=1781862406,5,"",,,,,,,,,,,,,,,,,,,,kg,,,
floral-anarkali-set,,,,,,,,,white,,,2XL,,,,,,0.0,shopify,100,deny,manual,1699.00,,true,false,,,,,"",https://cdn.shopify.com/s/files/1/1020/9912/4593/files/ProductCImage_138394.jpg?v=1781862406,6,"",,,,,,,,,,,,,,,,,,,,kg,,,
floral-anarkali-set,,,,,,,,,green,,,XS,,,,,,0.0,shopify,100,deny,manual,1699.00,,true,false,,,,,"",https://cdn.shopify.com/s/files/1/1020/9912/4593/files/ProductCImage_93388.jpg?v=1781862450,7,"",,,,,,,,,,,,,,,,,,,https://cdn.shopify.com/s/files/1/1020/9912/4593/files/ProductCImage_109051.jpg?v=1781862406,kg,,,
floral-anarkali-set,,,,,,,,,green,,,S,,,,,,0.0,shopify,100,deny,manual,1699.00,,true,false,,,,,"",https://cdn.shopify.com/s/files/1/1020/9912/4593/files/ProductCImage_113596.jpg?v=1781863103,8,"",,,,,,,,,,,,,,,,,,,https://cdn.shopify.com/s/files/1/1020/9912/4593/files/ProductCImage_109051.jpg?v=1781862406,kg,,,
floral-anarkali-set,,,,,,,,,green,,,M,,,,,,0.0,shopify,100,deny,manual,1699.00,,true,false,,,,,"",https://cdn.shopify.com/s/files/1/1020/9912/4593/files/ProductCImage_93608.jpg?v=1781862406,9,"",,,,,,,,,,,,,,,,,,,https://cdn.shopify.com/s/files/1/1020/9912/4593/files/ProductCImage_109051.jpg?v=1781862406,kg,,,
floral-anarkali-set,,,,,,,,,green,,,L,,,,,,0.0,shopify,100,deny,manual,1699.00,,true,false,,,,,"",https://cdn.shopify.com/s/files/1/1020/9912/4593/files/ProductCImage_93607.jpg?v=1781862406,10,"",,,,,,,,,,,,,,,,,,,https://cdn.shopify.com/s/files/1/1020/9912/4593/files/ProductCImage_109051.jpg?v=1781862406,kg,,,
floral-anarkali-set,,,,,,,,,green,,,XL,,,,,,0.0,shopify,100,deny,manual,1699.00,,true,false,,,,,"",https://cdn.shopify.com/s/files/1/1020/9912/4593/files/ProductCImage_109050.jpg?v=1781862406,11,"",,,,,,,,,,,,,,,,,,,https://cdn.shopify.com/s/files/1/1020/9912/4593/files/ProductCImage_109051.jpg?v=1781862406,kg,,,
floral-anarkali-set,,,,,,,,,green,,,2XL,,,,,,0.0,shopify,100,deny,manual,1699.00,,true,false,,,,,"",https://cdn.shopify.com/s/files/1/1020/9912/4593/files/ProductCImage_109052.jpg?v=1781862406,12,"",,,,,,,,,,,,,,,,,,,https://cdn.shopify.com/s/files/1/1020/9912/4593/files/ProductCImage_109051.jpg?v=1781862406,kg,,,
floral-anarkali-set,,,,,,,,,Blue,,,XS,,,,,,0.0,shopify,100,deny,manual,1699.00,,true,false,,,,,"",https://cdn.shopify.com/s/files/1/1020/9912/4593/files/ProductCImage_121469.jpg?v=1781862406,13,"",,,,,,,,,,,,,,,,,,,https://cdn.shopify.com/s/files/1/1020/9912/4593/files/ProductCImage_121466.jpg?v=1781862406,kg,,,
floral-anarkali-set,,,,,,,,,Blue,,,S,,,,,,0.0,shopify,100,deny,manual,1699.00,,true,false,,,,,"",https://cdn.shopify.com/s/files/1/1020/9912/4593/files/ProductCImage_121468.jpg?v=1781862406,14,"",,,,,,,,,,,,,,,,,,,https://cdn.shopify.com/s/files/1/1020/9912/4593/files/ProductCImage_121466.jpg?v=1781862406,kg,,,
floral-anarkali-set,,,,,,,,,Blue,,,M,,,,,,0.0,shopify,100,deny,manual,1699.00,,true,false,,,,,"",https://cdn.shopify.com/s/files/1/1020/9912/4593/files/ProductCImage_121465.jpg?v=1781862406,15,"",,,,,,,,,,,,,,,,,,,https://cdn.shopify.com/s/files/1/1020/9912/4593/files/ProductCImage_121466.jpg?v=1781862406,kg,,,
floral-anarkali-set,,,,,,,,,Blue,,,L,,,,,,0.0,shopify,100,deny,manual,1699.00,,true,false,,,,,"",https://cdn.shopify.com/s/files/1/1020/9912/4593/files/ProductCImage_121467.jpg?v=1781862406,16,"",,,,,,,,,,,,,,,,,,,https://cdn.shopify.com/s/files/1/1020/9912/4593/files/ProductCImage_121466.jpg?v=1781862406,kg,,,
floral-anarkali-set,,,,,,,,,Blue,,,XL,,,,,,0.0,shopify,100,deny,manual,1699.00,,true,false,,,,,"",https://cdn.shopify.com/s/files/1/1020/9912/4593/files/ProductCImage_122173.jpg?v=1781862406,17,"",,,,,,,,,,,,,,,,,,,https://cdn.shopify.com/s/files/1/1020/9912/4593/files/ProductCImage_121466.jpg?v=1781862406,kg,,,
floral-anarkali-set,,,,,,,,,Blue,,,2XL,,,,,,0.0,shopify,100,deny,manual,1699.00,,true,false,,,,,"",https://cdn.shopify.com/s/files/1/1020/9912/4593/files/ProductCImage_138391.jpg?v=1781862406,18,"",,,,,,,,,,,,,,,,,,,https://cdn.shopify.com/s/files/1/1020/9912/4593/files/ProductCImage_121466.jpg?v=1781862406,kg,,,
floral-anarkali-set,,,,,,,,,Orange,,,XS,,,,,,0.0,shopify,100,deny,manual,1699.00,,true,false,,,,,"",https://cdn.shopify.com/s/files/1/1020/9912/4593/files/ProductCImage_93381.jpg?v=1781862479,19,"",,,,,,,,,,,,,,,,,,,https://cdn.shopify.com/s/files/1/1020/9912/4593/files/ProductCImage_122172.jpg?v=1781862406,kg,,,
floral-anarkali-set,,,,,,,,,Orange,,,S,,,,,,0.0,shopify,100,deny,manual,1699.00,,true,false,,,,,"",https://cdn.shopify.com/s/files/1/1020/9912/4593/files/ProductCImage_113595.jpg?v=1781863122,20,"",,,,,,,,,,,,,,,,,,,https://cdn.shopify.com/s/files/1/1020/9912/4593/files/ProductCImage_122172.jpg?v=1781862406,kg,,,
floral-anarkali-set,,,,,,,,,Orange,,,M,,,,,,0.0,shopify,100,deny,manual,1699.00,,true,false,,,,,"",,,,,,,,,,,,,,,,,,,,,,https://cdn.shopify.com/s/files/1/1020/9912/4593/files/ProductCImage_122172.jpg?v=1781862406,kg,,,
floral-anarkali-set,,,,,,,,,Orange,,,L,,,,,,0.0,shopify,100,deny,manual,1699.00,,true,false,,,,,"",,,,,,,,,,,,,,,,,,,,,,https://cdn.shopify.com/s/files/1/1020/9912/4593/files/ProductCImage_122172.jpg?v=1781862406,kg,,,
floral-anarkali-set,,,,,,,,,Orange,,,XL,,,,,,0.0,shopify,100,deny,manual,1699.00,,true,false,,,,,"",,,,,,,,,,,,,,,,,,,,,,https://cdn.shopify.com/s/files/1/1020/9912/4593/files/ProductCImage_122172.jpg?v=1781862406,kg,,,
floral-anarkali-set,,,,,,,,,Orange,,,2XL,,,,,,0.0,shopify,100,deny,manual,1699.00,,true,false,,,,,"",,,,,,,,,,,,,,,,,,,,,,https://cdn.shopify.com/s/files/1/1020/9912/4593/files/ProductCImage_122172.jpg?v=1781862406,kg,,,
floral-anarkali-set,,,,,,,,,Red,,,XS,,,,,,0.0,shopify,100,deny,manual,1699.00,,true,false,,,,,"",,,,,,,,,,,,,,,,,,,,,,https://cdn.shopify.com/s/files/1/1020/9912/4593/files/ProductCImage_138394.jpg?v=1781862406,kg,,,
floral-anarkali-set,,,,,,,,,Red,,,S,,,,,,0.0,shopify,100,deny,manual,1699.00,,true,false,,,,,"",,,,,,,,,,,,,,,,,,,,,,https://cdn.shopify.com/s/files/1/1020/9912/4593/files/ProductCImage_138394.jpg?v=1781862406,kg,,,
floral-anarkali-set,,,,,,,,,Red,,,M,,,,,,0.0,shopify,100,deny,manual,1699.00,,true,false,,,,,"",,,,,,,,,,,,,,,,,,,,,,https://cdn.shopify.com/s/files/1/1020/9912/4593/files/ProductCImage_138394.jpg?v=1781862406,kg,,,
floral-anarkali-set,,,,,,,,,Red,,,L,,,,,,0.0,shopify,100,deny,manual,1699.00,,true,false,,,,,"",,,,,,,,,,,,,,,,,,,,,,https://cdn.shopify.com/s/files/1/1020/9912/4593/files/ProductCImage_138394.jpg?v=1781862406,kg,,,
floral-anarkali-set,,,,,,,,,Red,,,XL,,,,,,0.0,shopify,100,deny,manual,1699.00,,true,false,,,,,"",,,,,,,,,,,,,,,,,,,,,,https://cdn.shopify.com/s/files/1/1020/9912/4593/files/ProductCImage_138394.jpg?v=1781862406,kg,,,
floral-anarkali-set,,,,,,,,,Red,,,2XL,,,,,,0.0,shopify,100,deny,manual,1699.00,,true,false,,,,,"",,,,,,,,,,,,,,,,,,,,,,https://cdn.shopify.com/s/files/1/1020/9912/4593/files/ProductCImage_138394.jpg?v=1781862406,kg,,,
floral-anarkali-set,,,,,,,,,Black,,,XS,,,,,,0.0,shopify,100,deny,manual,1699.00,,true,false,,,,,"",,,,,,,,,,,,,,,,,,,,,,https://cdn.shopify.com/s/files/1/1020/9912/4593/files/ProductCImage_93388.jpg?v=1781862450,kg,,,
floral-anarkali-set,,,,,,,,,Black,,,S,,,,,,0.0,shopify,100,deny,manual,1699.00,,true,false,,,,,"",,,,,,,,,,,,,,,,,,,,,,https://cdn.shopify.com/s/files/1/1020/9912/4593/files/ProductCImage_93388.jpg?v=1781862450,kg,,,
floral-anarkali-set,,,,,,,,,Black,,,M,,,,,,0.0,shopify,100,deny,manual,1699.00,,true,false,,,,,"",,,,,,,,,,,,,,,,,,,,,,https://cdn.shopify.com/s/files/1/1020/9912/4593/files/ProductCImage_93388.jpg?v=1781862450,kg,,,
floral-anarkali-set,,,,,,,,,Black,,,L,,,,,,0.0,shopify,100,deny,manual,1699.00,,true,false,,,,,"",,,,,,,,,,,,,,,,,,,,,,https://cdn.shopify.com/s/files/1/1020/9912/4593/files/ProductCImage_93388.jpg?v=1781862450,kg,,,
floral-anarkali-set,,,,,,,,,Black,,,XL,,,,,,0.0,shopify,100,deny,manual,1699.00,,true,false,,,,,"",,,,,,,,,,,,,,,,,,,,,,https://cdn.shopify.com/s/files/1/1020/9912/4593/files/ProductCImage_93388.jpg?v=1781862450,kg,,,
floral-anarkali-set,,,,,,,,,Black,,,2XL,,,,,,0.0,shopify,100,deny,manual,1699.00,,true,false,,,,,"",,,,,,,,,,,,,,,,,,,,,,https://cdn.shopify.com/s/files/1/1020/9912/4593/files/ProductCImage_93388.jpg?v=1781862450,kg,,,
floral-anarkali-set,,,,,,,,,Mustard,,,XS,,,,,,0.0,shopify,100,deny,manual,1699.00,,true,false,,,,,"",,,,,,,,,,,,,,,,,,,,,,https://cdn.shopify.com/s/files/1/1020/9912/4593/files/ProductCImage_113596.jpg?v=1781863103,kg,,,
floral-anarkali-set,,,,,,,,,Mustard,,,S,,,,,,0.0,shopify,100,deny,manual,1699.00,,true,false,,,,,"",,,,,,,,,,,,,,,,,,,,,,https://cdn.shopify.com/s/files/1/1020/9912/4593/files/ProductCImage_113596.jpg?v=1781863103,kg,,,
floral-anarkali-set,,,,,,,,,Mustard,,,M,,,,,,0.0,shopify,100,deny,manual,1699.00,,true,false,,,,,"",,,,,,,,,,,,,,,,,,,,,,https://cdn.shopify.com/s/files/1/1020/9912/4593/files/ProductCImage_113596.jpg?v=1781863103,kg,,,
floral-anarkali-set,,,,,,,,,Mustard,,,L,,,,,,0.0,shopify,100,deny,manual,1699.00,,true,false,,,,,"",,,,,,,,,,,,,,,,,,,,,,https://cdn.shopify.com/s/files/1/1020/9912/4593/files/ProductCImage_113596.jpg?v=1781863103,kg,,,
floral-anarkali-set,,,,,,,,,Mustard,,,XL,,,,,,0.0,shopify,100,deny,manual,1699.00,,true,false,,,,,"",,,,,,,,,,,,,,,,,,,,,,https://cdn.shopify.com/s/files/1/1020/9912/4593/files/ProductCImage_113596.jpg?v=1781863103,kg,,,
floral-anarkali-set,,,,,,,,,Mustard,,,2XL,,,,,,0.0,shopify,100,deny,manual,1699.00,,true,false,,,,,"",,,,,,,,,,,,,,,,,,,,,,https://cdn.shopify.com/s/files/1/1020/9912/4593/files/ProductCImage_113596.jpg?v=1781863103,kg,,,
chinon-silk-anarkali-set,Chinon Silk Anarkali Set,"<p><strong>ANARKALI DETAILS</strong><br>▪️Fabric : Chinon Silk<br>▪️Work : Heavy Coding Embroidery Work &amp; Gotta Patti 3mm Sequence Work<br>▪️Inner : American Heavy Butter Cotton<br>▪️Length : 52-54 Inches<br>▪️Size : S(36), M(38), L(40), XL(42), XXL(44) + Margin | Fully Stitched Ready To Wear<br><strong>BOTTOM DETAILS</strong><br>▪️Fabric : American Crepe<br>▪️Length : 39 Inches<br>▪️Size : Free Size<br><strong>DUPATTA DETAILS</strong><br>▪️Fabric : Chinon Silk<br>▪️Work : Coding Embroidery With Gotta Patti Pallu &amp; Heavy Rich Lace Border<br>▪️Length : 2.10 Meters</p>",Anjuclothing ,Uncategorized,"","",true,colour,beidge,,size,S,,,,,,0.0,shopify,99,deny,manual,1999.00,3500.00,true,false,,,,,"",https://cdn.shopify.com/s/files/1/1020/9912/4593/files/4003EB69-88BD-4E6B-8E41-8FF030B07A98.png?v=1789224741,1,"",false,,,,,,,,,,,,,,,,,,,kg,,,active
chinon-silk-anarkali-set,,,,,,,,,beidge,,,M,,,,,,0.0,shopify,100,deny,manual,1999.00,3500.00,true,false,,,,,"",https://cdn.shopify.com/s/files/1/1020/9912/4593/files/ProductCImage_143281.jpg?v=1781861702,2,"",,,,,,,,,,,,,,,,,,,,kg,,,
chinon-silk-anarkali-set,,,,,,,,,beidge,,,L,,,,,,0.0,shopify,100,deny,manual,1999.00,3500.00,true,false,,,,,"",https://cdn.shopify.com/s/files/1/1020/9912/4593/files/ProductCImage_142779.jpg?v=1781861702,3,"",,,,,,,,,,,,,,,,,,,,kg,,,
chinon-silk-anarkali-set,,,,,,,,,beidge,,,XL,,,,,,0.0,shopify,100,deny,manual,1999.00,3500.00,true,false,,,,,"",https://cdn.shopify.com/s/files/1/1020/9912/4593/files/ProductCImage_143380.jpg?v=1781861702,4,"",,,,,,,,,,,,,,,,,,,,kg,,,
chinon-silk-anarkali-set,,,,,,,,,beidge,,,2XL,,,,,,0.0,shopify,100,deny,manual,1999.00,3500.00,true,false,,,,,"",https://cdn.shopify.com/s/files/1/1020/9912/4593/files/ProductCImage_143676.jpg?v=1781861702,5,"",,,,,,,,,,,,,,,,,,,,kg,,,
chinon-silk-anarkali-set,,,,,,,,,red,,,S,,,,,,0.0,shopify,100,deny,manual,1999.00,3500.00,true,false,,,,,"",https://cdn.shopify.com/s/files/1/1020/9912/4593/files/ProductCImage_143735_1.jpg?v=1781861721,6,"",,,,,,,,,,,,,,,,,,,https://cdn.shopify.com/s/files/1/1020/9912/4593/files/ProductCImage_142779.jpg?v=1781861702,kg,,,
chinon-silk-anarkali-set,,,,,,,,,red,,,M,,,,,,0.0,shopify,100,deny,manual,1999.00,3500.00,true,false,,,,,"",https://cdn.shopify.com/s/files/1/1020/9912/4593/files/ProductCImage_143282.jpg?v=1781861702,7,"",,,,,,,,,,,,,,,,,,,https://cdn.shopify.com/s/files/1/1020/9912/4593/files/ProductCImage_142779.jpg?v=1781861702,kg,,,
chinon-silk-anarkali-set,,,,,,,,,red,,,L,,,,,,0.0,shopify,100,deny,manual,1999.00,3500.00,true,false,,,,,"",https://cdn.shopify.com/s/files/1/1020/9912/4593/files/ProductCImage_143283.jpg?v=1781861702,8,"",,,,,,,,,,,,,,,,,,,https://cdn.shopify.com/s/files/1/1020/9912/4593/files/ProductCImage_142779.jpg?v=1781861702,kg,,,
chinon-silk-anarkali-set,,,,,,,,,red,,,XL,,,,,,0.0,shopify,100,deny,manual,1999.00,3500.00,true,false,,,,,"",https://cdn.shopify.com/s/files/1/1020/9912/4593/files/ProductCImage_142776.jpg?v=1781861702,9,"",,,,,,,,,,,,,,,,,,,https://cdn.shopify.com/s/files/1/1020/9912/4593/files/ProductCImage_142779.jpg?v=1781861702,kg,,,
chinon-silk-anarkali-set,,,,,,,,,red,,,2XL,,,,,,0.0,shopify,100,deny,manual,1999.00,3500.00,true,false,,,,,"",https://cdn.shopify.com/s/files/1/1020/9912/4593/files/ProductCImage_142778.jpg?v=1781861702,10,"",,,,,,,,,,,,,,,,,,,https://cdn.shopify.com/s/files/1/1020/9912/4593/files/ProductCImage_142779.jpg?v=1781861702,kg,,,
chinon-silk-anarkali-set,,,,,,,,,orange,,,S,,,,,,0.0,shopify,100,deny,manual,1999.00,3500.00,true,false,,,,,"",https://cdn.shopify.com/s/files/1/1020/9912/4593/files/ProductCImage_143381.jpg?v=1781861702,11,"",,,,,,,,,,,,,,,,,,,https://cdn.shopify.com/s/files/1/1020/9912/4593/files/ProductCImage_143380.jpg?v=1781861702,kg,,,
chinon-silk-anarkali-set,,,,,,,,,orange,,,M,,,,,,0.0,shopify,100,deny,manual,1999.00,3500.00,true,false,,,,,"",https://cdn.shopify.com/s/files/1/1020/9912/4593/files/ProductCImage_143379.jpg?v=1781861702,12,"",,,,,,,,,,,,,,,,,,,https://cdn.shopify.com/s/files/1/1020/9912/4593/files/ProductCImage_143380.jpg?v=1781861702,kg,,,
chinon-silk-anarkali-set,,,,,,,,,orange,,,L,,,,,,0.0,shopify,100,deny,manual,1999.00,3500.00,true,false,,,,,"",https://cdn.shopify.com/s/files/1/1020/9912/4593/files/ProductCImage_143675.jpg?v=1781861702,13,"",,,,,,,,,,,,,,,,,,,https://cdn.shopify.com/s/files/1/1020/9912/4593/files/ProductCImage_143380.jpg?v=1781861702,kg,,,
chinon-silk-anarkali-set,,,,,,,,,orange,,,XL,,,,,,0.0,shopify,100,deny,manual,1999.00,3500.00,true,false,,,,,"",https://cdn.shopify.com/s/files/1/1020/9912/4593/files/ProductCImage_143732.jpg?v=1781861722,14,"",,,,,,,,,,,,,,,,,,,https://cdn.shopify.com/s/files/1/1020/9912/4593/files/ProductCImage_143380.jpg?v=1781861702,kg,,,
chinon-silk-anarkali-set,,,,,,,,,orange,,,2XL,,,,,,0.0,shopify,100,deny,manual,1999.00,3500.00,true,false,,,,,"",,,,,,,,,,,,,,,,,,,,,,https://cdn.shopify.com/s/files/1/1020/9912/4593/files/ProductCImage_143380.jpg?v=1781861702,kg,,,
chinon-silk-anarkali-set,,,,,,,,,green,,,S,,,,,,0.0,shopify,100,deny,manual,1999.00,3500.00,true,false,,,,,"",,,,,,,,,,,,,,,,,,,,,,https://cdn.shopify.com/s/files/1/1020/9912/4593/files/ProductCImage_143676.jpg?v=1781861702,kg,,,
chinon-silk-anarkali-set,,,,,,,,,green,,,M,,,,,,0.0,shopify,100,deny,manual,1999.00,3500.00,true,false,,,,,"",,,,,,,,,,,,,,,,,,,,,,https://cdn.shopify.com/s/files/1/1020/9912/4593/files/ProductCImage_143676.jpg?v=1781861702,kg,,,
chinon-silk-anarkali-set,,,,,,,,,green,,,L,,,,,,0.0,shopify,100,deny,manual,1999.00,3500.00,true,false,,,,,"",,,,,,,,,,,,,,,,,,,,,,https://cdn.shopify.com/s/files/1/1020/9912/4593/files/ProductCImage_143676.jpg?v=1781861702,kg,,,
chinon-silk-anarkali-set,,,,,,,,,green,,,XL,,,,,,0.0,shopify,100,deny,manual,1999.00,3500.00,true,false,,,,,"",,,,,,,,,,,,,,,,,,,,,,https://cdn.shopify.com/s/files/1/1020/9912/4593/files/ProductCImage_143676.jpg?v=1781861702,kg,,,
chinon-silk-anarkali-set,,,,,,,,,green,,,2XL,,,,,,0.0,shopify,100,deny,manual,1999.00,3500.00,true,false,,,,,"",,,,,,,,,,,,,,,,,,,,,,https://cdn.shopify.com/s/files/1/1020/9912/4593/files/ProductCImage_143676.jpg?v=1781861702,kg,,,
chinon-silk-anarkali-set,,,,,,,,,black,,,S,,,,,,0.0,shopify,100,deny,manual,1999.00,3500.00,true,false,,,,,"",,,,,,,,,,,,,,,,,,,,,,https://cdn.shopify.com/s/files/1/1020/9912/4593/files/ProductCImage_143735_1.jpg?v=1781861721,kg,,,
chinon-silk-anarkali-set,,,,,,,,,black,,,M,,,,,,0.0,shopify,100,deny,manual,1999.00,3500.00,true,false,,,,,"",,,,,,,,,,,,,,,,,,,,,,https://cdn.shopify.com/s/files/1/1020/9912/4593/files/ProductCImage_143735_1.jpg?v=1781861721,kg,,,
chinon-silk-anarkali-set,,,,,,,,,black,,,L,,,,,,0.0,shopify,100,deny,manual,1999.00,3500.00,true,false,,,,,"",,,,,,,,,,,,,,,,,,,,,,https://cdn.shopify.com/s/files/1/1020/9912/4593/files/ProductCImage_143735_1.jpg?v=1781861721,kg,,,
chinon-silk-anarkali-set,,,,,,,,,black,,,XL,,,,,,0.0,shopify,100,deny,manual,1999.00,3500.00,true,false,,,,,"",,,,,,,,,,,,,,,,,,,,,,https://cdn.shopify.com/s/files/1/1020/9912/4593/files/ProductCImage_143735_1.jpg?v=1781861721,kg,,,
chinon-silk-anarkali-set,,,,,,,,,black,,,2XL,,,,,,0.0,shopify,100,deny,manual,1999.00,3500.00,true,false,,,,,"",,,,,,,,,,,,,,,,,,,,,,https://cdn.shopify.com/s/files/1/1020/9912/4593/files/ProductCImage_143735_1.jpg?v=1781861721,kg,,,
viral-black-gown-set,Viral Black Gown Set,"<p><strong>GOWN DETAILS</strong><br>▪️Fabric : Fox Georgette<br>▪️Work : Heavy Embroidery &amp; Sequence Work<br>▪️Inner : Micro Cotton<br>▪️Length : 55-56 Inches<br>▪️Size : M Up To L Margin, XL Up To 2XL Margin | Fully Stitched Ready To Wear<br><strong>DUPATTA DETAILS</strong><br>▪️Fabric : Fox Georgette<br>▪️Work : Embroidered<br>▪️Length : 2.30 Meters</p>",Anjuclothing ,Apparel & Accessories > Clothing > Traditional & Ceremonial Clothing,"","",true,Size,m,product.metafields.shopify.size,,,,,,,,0.0,shopify,100,deny,manual,1699.00,,true,true,,,,,"",https://cdn.shopify.com/s/files/1/1020/9912/4593/files/10E31B14-4267-4713-8BC9-08D446EF2FE7.png?v=1789224741,1,"",false,,,,,adults,black; dots,,,mesh,round,,,m; l; xl; 2xl,,long,female,,,kg,,,active
viral-black-gown-set,,,,,,,,,l,,,,,,,,,0.0,shopify,100,deny,manual,1699.00,,true,true,,,,,"",https://cdn.shopify.com/s/files/1/1020/9912/4593/files/ProductCImage_120321.jpg?v=1781861284,2,"",,,,,,,,,,,,,,,,,,,,kg,,,
viral-black-gown-set,,,,,,,,,xl,,,,,,,,,0.0,shopify,100,deny,manual,1699.00,,true,true,,,,,"",https://cdn.shopify.com/s/files/1/1020/9912/4593/files/ProductCImage_120320.jpg?v=1781861284,3,"",,,,,,,,,,,,,,,,,,,,kg,,,
viral-black-gown-set,,,,,,,,,2xl,,,,,,,,,0.0,shopify,100,deny,manual,1699.00,,true,true,,,,,"",https://cdn.shopify.com/s/files/1/1020/9912/4593/files/ProductCImage_120319.jpg?v=1781861284,4,"",,,,,,,,,,,,,,,,,,,,kg,,,
chinnon-silk-flared-gown-set,Chinnon Silk Flared Gown Set,"<p><strong>TOP DETAILS</strong><br>▪️Fabric : Chinon<br>▪️Work : Thread With Sequence Work With Lace Border &amp; Dori Latkan<br>▪️Inner : Micro<br>▪️Size : M(38), XL(42), XXL(44) With 3XL Margin | Fully Stitched Ready To Wear<br><strong>PANT DETAILS</strong><br>▪️Fabric : Micro Cotton<br>▪️Stitching : Full Stitch Up To Size 44 With Elastic Waist<br><strong>DUPATTA DETAILS</strong><br>▪️Fabric : Chinon<br>▪️Work : Thread With Sequence Work With Four Side Lace Border<br>▪️Length : 2.2 Meters</p>",Anjuclothing ,Uncategorized,"","",true,colour,white,,size,M,,,,,,0.0,shopify,100,deny,manual,1799.00,3500.00,true,false,,,,,"",https://cdn.shopify.com/s/files/1/1020/9912/4593/files/866F6E22-E870-42DD-B8EA-6622F8C846A4.png?v=1789224741,1,"",false,,,,,,,,,,,,,,,,,,,kg,,,active
chinnon-silk-flared-gown-set,,,,,,,,,white,,,XL,,,,,,0.0,shopify,100,deny,manual,1799.00,3500.00,true,false,,,,,"",https://cdn.shopify.com/s/files/1/1020/9912/4593/files/ProductCImage_116744.jpg?v=1781860137,2,"",,,,,,,,,,,,,,,,,,,,kg,,,
chinnon-silk-flared-gown-set,,,,,,,,,white,,,2XL,,,,,,0.0,shopify,100,deny,manual,1799.00,3500.00,true,false,,,,,"",https://cdn.shopify.com/s/files/1/1020/9912/4593/files/ProductCImage_125236.jpg?v=1781860137,3,"",,,,,,,,,,,,,,,,,,,,kg,,,
chinnon-silk-flared-gown-set,,,,,,,,,pink,,,M,,,,,,0.0,shopify,100,deny,manual,1799.00,3500.00,true,false,,,,,"",https://cdn.shopify.com/s/files/1/1020/9912/4593/files/ProductCImage_116745.jpg?v=1781860137,4,"",,,,,,,,,,,,,,,,,,,https://cdn.shopify.com/s/files/1/1020/9912/4593/files/ProductCImage_125236.jpg?v=1781860137,kg,,,
chinnon-silk-flared-gown-set,,,,,,,,,pink,,,XL,,,,,,0.0,shopify,100,deny,manual,1799.00,3500.00,true,false,,,,,"",https://cdn.shopify.com/s/files/1/1020/9912/4593/files/ProductCImage_116742.jpg?v=1781860137,5,"",,,,,,,,,,,,,,,,,,,https://cdn.shopify.com/s/files/1/1020/9912/4593/files/ProductCImage_125236.jpg?v=1781860137,kg,,,
chinnon-silk-flared-gown-set,,,,,,,,,pink,,,2XL,,,,,,0.0,shopify,100,deny,manual,1799.00,3500.00,true,false,,,,,"",https://cdn.shopify.com/s/files/1/1020/9912/4593/files/ProductCImage_116740.jpg?v=1781860137,6,"",,,,,,,,,,,,,,,,,,,https://cdn.shopify.com/s/files/1/1020/9912/4593/files/ProductCImage_125236.jpg?v=1781860137,kg,,,
chinnon-silk-flared-gown-set,,,,,,,,,Black,,,M,,,,,,0.0,shopify,10,deny,manual,1799.00,3500.00,true,false,,,,,"",https://cdn.shopify.com/s/files/1/1020/9912/4593/files/ProductCImage_125232.jpg?v=1781860137,7,"",,,,,,,,,,,,,,,,,,,,kg,,,
chinnon-silk-flared-gown-set,,,,,,,,,Black,,,XL,,,,,,0.0,shopify,10,deny,manual,1799.00,3500.00,true,false,,,,,"",https://cdn.shopify.com/s/files/1/1020/9912/4593/files/ProductCImage_125229.jpg?v=1781860137,8,"",,,,,,,,,,,,,,,,,,,,kg,,,
chinnon-silk-flared-gown-set,,,,,,,,,Black,,,2XL,,,,,,0.0,shopify,10,deny,manual,1799.00,3500.00,true,false,,,,,"",https://cdn.shopify.com/s/files/1/1020/9912/4593/files/ProductCImage_125228.jpg?v=1781860137,9,"",,,,,,,,,,,,,,,,,,,,kg,,,
chinnon-silk-flared-gown-set,,,,,,,,,Mahroon,,,M,,,,,,0.0,shopify,10,deny,manual,1799.00,3500.00,true,false,,,,,"",https://cdn.shopify.com/s/files/1/1020/9912/4593/files/7CF54D6C-3A51-4873-AC11-4098CC6D0191.jpg?v=1783830037,10,"",,,,,,,,,,,,,,,,,,,,kg,,,
chinnon-silk-flared-gown-set,,,,,,,,,Mahroon,,,XL,,,,,,0.0,shopify,10,deny,manual,1799.00,3500.00,true,false,,,,,"",https://cdn.shopify.com/s/files/1/1020/9912/4593/files/57EDF7C5-6ECF-446A-B0F7-2DD91184ED57.jpg?v=1783830037,11,"",,,,,,,,,,,,,,,,,,,,kg,,,
chinnon-silk-flared-gown-set,,,,,,,,,Mahroon,,,2XL,,,,,,0.0,shopify,10,deny,manual,1799.00,3500.00,true,false,,,,,"",https://cdn.shopify.com/s/files/1/1020/9912/4593/files/452AEA56-B9F2-4BDD-ADA5-0DA11BDE5192.jpg?v=1783830037,12,"",,,,,,,,,,,,,,,,,,,,kg,,,
chinnon-silk-flared-gown-set,,,,,,,,,Grey,,,M,,,,,,0.0,shopify,10,deny,manual,1799.00,3500.00,true,false,,,,,"",https://cdn.shopify.com/s/files/1/1020/9912/4593/files/E4D44D11-EB0A-429F-B18B-59ED85CF5C11.jpg?v=1783830037,13,"",,,,,,,,,,,,,,,,,,,,kg,,,
chinnon-silk-flared-gown-set,,,,,,,,,Grey,,,XL,,,,,,0.0,shopify,10,deny,manual,1799.00,3500.00,true,false,,,,,"",,,,,,,,,,,,,,,,,,,,,,,kg,,,
chinnon-silk-flared-gown-set,,,,,,,,,Grey,,,2XL,,,,,,0.0,shopify,10,deny,manual,1799.00,3500.00,true,false,,,,,"",,,,,,,,,,,,,,,,,,,,,,,kg,,,
pure-cotton-bandhej-print-short-kurti,Pure Cotton Bandhej Print Short Kurti,"<p><span>KURTI DETAILS</span><span><br> </span><span>▪️Fabric : Pure Cotton</span><span><br> </span><span>▪️Work : Bandhej Print</span><span><br> </span><span>▪️Sleeves : Sleeveless</span><span><br> </span><span>▪️Length : 26 Inches</span><span><br> </span><span>▪️Stitching Type : Standard Stitching With Back-Side Dori Pattern</span><span><br> </span><span>TOP (BLOUSE) DETAILS</span><span><br> </span><span>▪️Fabric : Pure Cotton</span><span><br> </span><span>▪️Work : Bandhej Print</span><span><br> </span><span>▪️Sleeves : Bell Full Sleeves</span><span><br> </span><span>▪️Neck Type : Fancy Round (Boat) Neck</span><span><br> </span><span>▪️Stitching Type : Standard Stitching With Kodi Lace &amp; Front Side Dori Closure</span><span><br> </span><span>▪️Size : M(38), L(40), XL(42), XXL(44) | Fully Stitched Ready To Wear</span><span><br></span></p>",Anjuclothing ,,"","",true,Colour,Blue,,Size,M,,,,,,0.0,shopify,100,deny,manual,750.00,1500.00,true,false,,,,,"",https://cdn.shopify.com/s/files/1/1020/9912/4593/files/379CBC06-B9EC-4B3B-B9CA-FD34860F560C.jpg?v=1788875134,1,"",false,,,,,,,,,,,,,,,,,,https://cdn.shopify.com/s/files/1/1020/9912/4593/files/1F501A78-66F0-4ADB-A4C1-3472D435BFAA.jpg?v=1781859031,kg,,,active
pure-cotton-bandhej-print-short-kurti,,,,,,,,,Blue,,,L,,,,,,0.0,shopify,100,deny,manual,750.00,1500.00,true,false,,,,,"",https://cdn.shopify.com/s/files/1/1020/9912/4593/files/FC62734D-1F26-438F-A9EE-2EEA81C9F418.jpg?v=1788875134,2,"",,,,,,,,,,,,,,,,,,,https://cdn.shopify.com/s/files/1/1020/9912/4593/files/1F501A78-66F0-4ADB-A4C1-3472D435BFAA.jpg?v=1781859031,kg,,,
pure-cotton-bandhej-print-short-kurti,,,,,,,,,Blue,,,Xl,,,,,,0.0,shopify,100,deny,manual,750.00,1500.00,true,false,,,,,"",https://cdn.shopify.com/s/files/1/1020/9912/4593/files/EB452A7E-2E04-4929-8272-77169B387469.jpg?v=1788875134,3,"",,,,,,,,,,,,,,,,,,,https://cdn.shopify.com/s/files/1/1020/9912/4593/files/1F501A78-66F0-4ADB-A4C1-3472D435BFAA.jpg?v=1781859031,kg,,,
pure-cotton-bandhej-print-short-kurti,,,,,,,,,Blue,,,2xl,,,,,,0.0,shopify,100,deny,manual,750.00,1500.00,true,false,,,,,"",https://cdn.shopify.com/s/files/1/1020/9912/4593/files/57D9C5FA-D8D3-4D05-A0BF-C9743610109A.jpg?v=1783871282,4,"",,,,,,,,,,,,,,,,,,,https://cdn.shopify.com/s/files/1/1020/9912/4593/files/1F501A78-66F0-4ADB-A4C1-3472D435BFAA.jpg?v=1781859031,kg,,,
pure-cotton-bandhej-print-short-kurti,,,,,,,,,Red,,,M,,,,,,0.0,shopify,100,deny,manual,750.00,1500.00,true,false,,,,,"",https://cdn.shopify.com/s/files/1/1020/9912/4593/files/F4681F49-65F3-4F49-8802-578C7BB2B032.jpg?v=1783871282,5,"",,,,,,,,,,,,,,,,,,,https://cdn.shopify.com/s/files/1/1020/9912/4593/files/57D9C5FA-D8D3-4D05-A0BF-C9743610109A.jpg?v=1783871282,kg,,,
pure-cotton-bandhej-print-short-kurti,,,,,,,,,Red,,,L,,,,,,0.0,shopify,100,deny,manual,750.00,1500.00,true,false,,,,,"",https://cdn.shopify.com/s/files/1/1020/9912/4593/files/CFE8A9B9-64E9-48DD-AB56-A4E0F5BB1C06.jpg?v=1781859031,6,"",,,,,,,,,,,,,,,,,,,https://cdn.shopify.com/s/files/1/1020/9912/4593/files/57D9C5FA-D8D3-4D05-A0BF-C9743610109A.jpg?v=1783871282,kg,,,
pure-cotton-bandhej-print-short-kurti,,,,,,,,,Red,,,Xl,,,,,,0.0,shopify,100,deny,manual,750.00,1500.00,true,false,,,,,"",https://cdn.shopify.com/s/files/1/1020/9912/4593/files/3C48F1A2-E7A3-4490-ABB3-2D705D1C7DBC.jpg?v=1781859030,7,"",,,,,,,,,,,,,,,,,,,https://cdn.shopify.com/s/files/1/1020/9912/4593/files/57D9C5FA-D8D3-4D05-A0BF-C9743610109A.jpg?v=1783871282,kg,,,
pure-cotton-bandhej-print-short-kurti,,,,,,,,,Red,,,2xl,,,,,,0.0,shopify,100,deny,manual,750.00,1500.00,true,false,,,,,"",https://cdn.shopify.com/s/files/1/1020/9912/4593/files/BF73C41B-B5D9-46EE-81F7-AD9F3E91C960.jpg?v=1781859031,8,"",,,,,,,,,,,,,,,,,,,https://cdn.shopify.com/s/files/1/1020/9912/4593/files/57D9C5FA-D8D3-4D05-A0BF-C9743610109A.jpg?v=1783871282,kg,,,
pure-cotton-bandhej-print-short-kurti,,,,,,,,,Green,,,M,,,,,,0.0,shopify,100,deny,manual,750.00,1500.00,true,false,,,,,"",https://cdn.shopify.com/s/files/1/1020/9912/4593/files/1F501A78-66F0-4ADB-A4C1-3472D435BFAA.jpg?v=1781859031,9,"",,,,,,,,,,,,,,,,,,,https://cdn.shopify.com/s/files/1/1020/9912/4593/files/73068A5B-DD98-47B8-9353-55FD9C2F7C4F.jpg?v=1781859031,kg,,,
pure-cotton-bandhej-print-short-kurti,,,,,,,,,Green,,,L,,,,,,0.0,shopify,100,deny,manual,750.00,1500.00,true,false,,,,,"",https://cdn.shopify.com/s/files/1/1020/9912/4593/files/73068A5B-DD98-47B8-9353-55FD9C2F7C4F.jpg?v=1781859031,10,"",,,,,,,,,,,,,,,,,,,https://cdn.shopify.com/s/files/1/1020/9912/4593/files/73068A5B-DD98-47B8-9353-55FD9C2F7C4F.jpg?v=1781859031,kg,,,
pure-cotton-bandhej-print-short-kurti,,,,,,,,,Green,,,Xl,,,,,,0.0,shopify,100,deny,manual,750.00,1500.00,true,false,,,,,"",https://cdn.shopify.com/s/files/1/1020/9912/4593/files/1F87EAD2-7149-458E-A95E-039AB63E7C64.jpg?v=1781859030,11,"",,,,,,,,,,,,,,,,,,,https://cdn.shopify.com/s/files/1/1020/9912/4593/files/73068A5B-DD98-47B8-9353-55FD9C2F7C4F.jpg?v=1781859031,kg,,,
pure-cotton-bandhej-print-short-kurti,,,,,,,,,Green,,,2xl,,,,,,0.0,shopify,100,deny,manual,750.00,1500.00,true,false,,,,,"",https://cdn.shopify.com/s/files/1/1020/9912/4593/files/7C92D724-6BC3-4EC5-BAB6-6932B3FC012D.jpg?v=1781859031,12,"",,,,,,,,,,,,,,,,,,,https://cdn.shopify.com/s/files/1/1020/9912/4593/files/73068A5B-DD98-47B8-9353-55FD9C2F7C4F.jpg?v=1781859031,kg,,,
pure-cotton-bandhej-print-short-kurti,,,,,,,,,Black,,,M,,,,,,0.0,shopify,100,deny,manual,750.00,1500.00,true,false,,,,,"",https://cdn.shopify.com/s/files/1/1020/9912/4593/files/D2A1034D-DDC2-4735-B4B7-4C4FBC4C6A25.jpg?v=1781859030,13,"",,,,,,,,,,,,,,,,,,,https://cdn.shopify.com/s/files/1/1020/9912/4593/files/D2A1034D-DDC2-4735-B4B7-4C4FBC4C6A25.jpg?v=1781859030,kg,,,
pure-cotton-bandhej-print-short-kurti,,,,,,,,,Black,,,L,,,,,,0.0,shopify,100,deny,manual,750.00,1500.00,true,false,,,,,"",https://cdn.shopify.com/s/files/1/1020/9912/4593/files/2BD835C7-8657-4C7A-9273-88EA405833F4.jpg?v=1781859031,14,"",,,,,,,,,,,,,,,,,,,https://cdn.shopify.com/s/files/1/1020/9912/4593/files/D2A1034D-DDC2-4735-B4B7-4C4FBC4C6A25.jpg?v=1781859030,kg,,,
pure-cotton-bandhej-print-short-kurti,,,,,,,,,Black,,,Xl,,,,,,0.0,shopify,100,deny,manual,750.00,1500.00,true,false,,,,,"",,,,,,,,,,,,,,,,,,,,,,https://cdn.shopify.com/s/files/1/1020/9912/4593/files/D2A1034D-DDC2-4735-B4B7-4C4FBC4C6A25.jpg?v=1781859030,kg,,,
pure-cotton-bandhej-print-short-kurti,,,,,,,,,Black,,,2xl,,,,,,0.0,shopify,100,deny,manual,750.00,1500.00,true,false,,,,,"",,,,,,,,,,,,,,,,,,,,,,https://cdn.shopify.com/s/files/1/1020/9912/4593/files/D2A1034D-DDC2-4735-B4B7-4C4FBC4C6A25.jpg?v=1781859030,kg,,,
glass-roman-silk-fabric-farshi-shalwar,GLASS ROMAN SILK FABRIC FARSHI SHALWAR,"<p><span>TOP/KURTA DETAILS</span><span><br> </span><span>▪️Fabric : Glass Roman Silk</span><span><br> </span><span>▪️Work : Embroidery Sequence, Dori &amp; Jari Work With Beautiful Front Yoke Work Pattern</span><span><br> </span><span>▪️Size : XS(34), S(36), M(38), L(40), XL(42), XXL(44) | Fully Stitched Ready To Wear</span><span><br> </span><span>FARSHI SHALWAR DETAILS</span><span><br> </span><span>▪️Fabric : Glass Roman Silk</span><span><br> </span><span>▪️Size : Free Size | Fully Stitched</span><span><br> </span><span>DUPATTA DETAILS</span><span><br> </span><span>▪️Fabric : Glass Roman Silk</span><span><br> </span><span>▪️Work : Embroidery Sequence, Dori &amp; Jari Work Border With Fancy Lace Work</span><span><br> </span><span>▪️Length : 2.2 Meters</span><span><br></span></p>",Anjuclothing ,,"","",true,Size,Xs,,,,,,,,,0.0,shopify,100,deny,manual,1550.00,2500.00,true,false,,,,,"",https://cdn.shopify.com/s/files/1/1020/9912/4593/files/B7E6DEBE-7A74-41F1-AB0A-DC7B45F6B12C.png?v=1789224741,1,"",false,,,,,,,,,,,,,,,,,,,kg,,,active
glass-roman-silk-fabric-farshi-shalwar,,,,,,,,,S,,,,,,,,,0.0,shopify,100,deny,manual,1550.00,2500.00,true,false,,,,,"",https://cdn.shopify.com/s/files/1/1020/9912/4593/files/785F6946-C27C-4251-A2F3-71019F54260D.jpg?v=1781855228,2,"",,,,,,,,,,,,,,,,,,,,kg,,,
glass-roman-silk-fabric-farshi-shalwar,,,,,,,,,M,,,,,,,,,0.0,shopify,100,deny,manual,1550.00,2500.00,true,false,,,,,"",https://cdn.shopify.com/s/files/1/1020/9912/4593/files/B3B9F45D-0644-4CA7-897B-D353F91C1A75.jpg?v=1781855228,3,"",,,,,,,,,,,,,,,,,,,,kg,,,
glass-roman-silk-fabric-farshi-shalwar,,,,,,,,,L,,,,,,,,,0.0,shopify,100,deny,manual,1550.00,2500.00,true,false,,,,,"",https://cdn.shopify.com/s/files/1/1020/9912/4593/files/D7F1AB1F-D8CE-48A6-A935-744A7096A253.jpg?v=1781855229,4,"",,,,,,,,,,,,,,,,,,,,kg,,,
glass-roman-silk-fabric-farshi-shalwar,,,,,,,,,Xl,,,,,,,,,0.0,shopify,100,deny,manual,1550.00,2500.00,true,false,,,,,"",,,,,,,,,,,,,,,,,,,,,,,kg,,,
glass-roman-silk-fabric-farshi-shalwar,,,,,,,,,2xl,,,,,,,,,0.0,shopify,100,deny,manual,1550.00,2500.00,true,false,,,,,"",,,,,,,,,,,,,,,,,,,,,,,kg,,,
readymade-kurti-pant-with-batwa-coord-set,READYMADE KURTI-PANT WITH BATWA Coord set,"<p><span>KURTI DETAILS</span><span><br> </span><span>▪️Fabric : H O Fabric</span><span><br> </span><span>▪️Work : Real Mirror Embroidered Work</span><span><br> </span><span>▪️Inner : Cotton (Full Inner Top To Bottom)</span><span><br> </span><span>▪️Sleeves : Full Bell Sleeves</span><span><br> </span><span>▪️Neck Type : Pan (V-Neck)</span><span><br> </span><span>▪️Stitching Type : Standard Stitching With Mirror Work Designer Lace Work</span><span><br> </span><span>▪️Length : 32 Inches</span><span><br> </span><span>▪️Size : M(38), L(40), XL(42), XXL(44) | Fully Stitched Ready To Wear</span><span><br> </span><span>PANT DETAILS</span><span><br> </span><span>▪️Fabric : H O Fabric</span><span><br> </span><span>▪️Work : Real Mirror Lace Work</span><span><br> </span><span>▪️Length : 40-41 Inches</span><span><br> </span><span>▪️Waist : 36-40 (Elastic Waist Adjustable According To Size)</span><span><br> </span><span>BATWA DETAILS</span><span><br> </span><span>▪️Fabric : H O Fabric</span><span><br> </span><span>▪️Work : Heavy Real Mirror Lace With Dori Fumka</span><span><br></span></p>",Anjuclothing ,,"","",true,Colour,Pink,,Size,M,,,,,,0.0,shopify,100,deny,manual,1499.00,2500.00,true,false,,,,,"",https://cdn.shopify.com/s/files/1/1020/9912/4593/files/2A32C1E2-1EA3-4E9D-A0ED-C5722A7C6E89.jpg?v=1781855002,1,"",false,,,,,,,,,,,,,,,,,,https://cdn.shopify.com/s/files/1/1020/9912/4593/files/2A32C1E2-1EA3-4E9D-A0ED-C5722A7C6E89.jpg?v=1781855002,kg,,,active
readymade-kurti-pant-with-batwa-coord-set,,,,,,,,,Skyblue,,,M,,,,,,0.0,shopify,100,deny,manual,1499.00,2500.00,true,false,,,,,"",https://cdn.shopify.com/s/files/1/1020/9912/4593/files/F48558BB-1093-494D-BEDC-C4B020D25895.jpg?v=1781855002,2,"",,,,,,,,,,,,,,,,,,,https://cdn.shopify.com/s/files/1/1020/9912/4593/files/F48558BB-1093-494D-BEDC-C4B020D25895.jpg?v=1781855002,kg,,,
readymade-kurti-pant-with-batwa-coord-set,,,,,,,,,Pink,,,L,,,,,,0.0,shopify,100,deny,manual,1499.00,2500.00,true,false,,,,,"",https://cdn.shopify.com/s/files/1/1020/9912/4593/files/E7B8F700-BCAE-40F3-83FF-7E27E0558BDB.jpg?v=1781855002,3,"",,,,,,,,,,,,,,,,,,,https://cdn.shopify.com/s/files/1/1020/9912/4593/files/2A32C1E2-1EA3-4E9D-A0ED-C5722A7C6E89.jpg?v=1781855002,kg,,,
readymade-kurti-pant-with-batwa-coord-set,,,,,,,,,Pink,,,Xl,,,,,,0.0,shopify,100,deny,manual,1499.00,2500.00,true,false,,,,,"",https://cdn.shopify.com/s/files/1/1020/9912/4593/files/EBF3A35F-9C9E-4E21-ACA7-40D03FDE7A2A.jpg?v=1781855002,4,"",,,,,,,,,,,,,,,,,,,https://cdn.shopify.com/s/files/1/1020/9912/4593/files/2A32C1E2-1EA3-4E9D-A0ED-C5722A7C6E89.jpg?v=1781855002,kg,,,
readymade-kurti-pant-with-batwa-coord-set,,,,,,,,,Pink,,,2xl,,,,,,0.0,shopify,100,deny,manual,1499.00,2500.00,true,false,,,,,"",https://cdn.shopify.com/s/files/1/1020/9912/4593/files/03E926BA-0D25-4889-A5D9-BB6A103FB11C.jpg?v=1781855002,5,"",,,,,,,,,,,,,,,,,,,https://cdn.shopify.com/s/files/1/1020/9912/4593/files/2A32C1E2-1EA3-4E9D-A0ED-C5722A7C6E89.jpg?v=1781855002,kg,,,
readymade-kurti-pant-with-batwa-coord-set,,,,,,,,,Skyblue,,,L,,,,,,0.0,shopify,100,deny,manual,1499.00,2500.00,true,false,,,,,"",https://cdn.shopify.com/s/files/1/1020/9912/4593/files/E980F6E6-9A0B-4F9F-8297-08A798B9B32C.jpg?v=1781855002,6,"",,,,,,,,,,,,,,,,,,,https://cdn.shopify.com/s/files/1/1020/9912/4593/files/F48558BB-1093-494D-BEDC-C4B020D25895.jpg?v=1781855002,kg,,,
readymade-kurti-pant-with-batwa-coord-set,,,,,,,,,Skyblue,,,Xl,,,,,,0.0,shopify,100,deny,manual,1499.00,2500.00,true,false,,,,,"",https://cdn.shopify.com/s/files/1/1020/9912/4593/files/2BB37B22-6C58-41AB-A1EF-3BF5313E4D7A.jpg?v=1781855002,7,"",,,,,,,,,,,,,,,,,,,https://cdn.shopify.com/s/files/1/1020/9912/4593/files/F48558BB-1093-494D-BEDC-C4B020D25895.jpg?v=1781855002,kg,,,
readymade-kurti-pant-with-batwa-coord-set,,,,,,,,,Skyblue,,,2xl,,,,,,0.0,shopify,100,deny,manual,1499.00,2500.00,true,false,,,,,"",https://cdn.shopify.com/s/files/1/1020/9912/4593/files/8E8B50A3-2A36-4F54-9D41-1DFDA8C91FD4.jpg?v=1781855002,8,"",,,,,,,,,,,,,,,,,,,https://cdn.shopify.com/s/files/1/1020/9912/4593/files/F48558BB-1093-494D-BEDC-C4B020D25895.jpg?v=1781855002,kg,,,
rayon-butti-silk-top-bottom-set,Rayon Butti Silk Top-Bottom Set,"<p><span>TOP DETAILS</span><span><br> </span><span>▪️Fabric : Rayon Butti Silk</span><span><br> </span><span>▪️Work : Embroidery Chain Stitch Work</span><span><br> </span><span>▪️Sleeves : Full Sleeves</span><span><br> </span><span>▪️Inner : Heavy Micro Cotton</span><span><br> </span><span>▪️Length : 37-38 Inches</span><span><br> </span><span>▪️Size : M(38), L(40), XL(42), XXL(44) | Fully Stitched Ready To Wear</span><span><br> </span><span>BOTTOM DETAILS</span><span><br> </span><span>▪️Fabric : Rayon Butti Silk</span><span><br> </span><span>▪️Work : Embroidery Chain Stitch Work</span><span><br> </span><span>▪️Pattern : Elastic Waist</span><span><br> </span><span>▪️Length : 39-40 Inches</span><span><br> </span><span>▪️Size : Fully Stitched</span><span><br> </span><span>DUPATTA DETAILS</span><span><br> </span><span>▪️Dupatta : Not Included</span><span><br></span></p>",Anjuclothing ,Apparel & Accessories > Clothing > Traditional & Ceremonial Clothing,"","",true,Size,m,product.metafields.shopify.size,,,,,,,,0.0,shopify,99,deny,manual,1450.00,2500.00,true,false,,,,,"",https://cdn.shopify.com/s/files/1/1020/9912/4593/files/8D304E69-355B-463D-AA77-8F67FD75402C.png?v=1789224741,1,"",false,,,,,adults,white,,,silk,v-neck,,,m; l; xl; 2xl,,long,female,,,kg,,,active
rayon-butti-silk-top-bottom-set,,,,,,,,,l,,,,,,,,,0.0,shopify,100,deny,manual,1450.00,2500.00,true,false,,,,,"",https://cdn.shopify.com/s/files/1/1020/9912/4593/files/AEB4BC5D-7F71-4D44-8A71-97F140E2D128.jpg?v=1781854840,2,"",,,,,,,,,,,,,,,,,,,,kg,,,
rayon-butti-silk-top-bottom-set,,,,,,,,,xl,,,,,,,,,0.0,shopify,100,deny,manual,1450.00,2500.00,true,false,,,,,"",https://cdn.shopify.com/s/files/1/1020/9912/4593/files/8DFA2CB6-429C-49FC-89D2-878846CBD3E7.jpg?v=1781854840,3,"",,,,,,,,,,,,,,,,,,,,kg,,,
rayon-butti-silk-top-bottom-set,,,,,,,,,2xl,,,,,,,,,0.0,shopify,100,deny,manual,1450.00,2500.00,true,false,,,,,"",https://cdn.shopify.com/s/files/1/1020/9912/4593/files/AB33078E-62B6-4639-9336-D052BE807CB5.jpg?v=1781854840,4,"",,,,,,,,,,,,,,,,,,,,kg,,,
rayon-butti-silk-top-bottom-set,,,,,,,,,,,,,,,,,,,,,,,,,,,,,,,"",https://cdn.shopify.com/s/files/1/1020/9912/4593/files/4E657AA4-2AED-455E-9E89-70859D0252B4.jpg?v=1781854840,5,"",,,,,,,,,,,,,,,,,,,,,,,
rayon-butti-silk-top-bottom-set,,,,,,,,,,,,,,,,,,,,,,,,,,,,,,,"",https://cdn.shopify.com/s/files/1/1020/9912/4593/files/A8BA7A81-6CE3-412F-BC90-590B2415BA3C.jpg?v=1781854840,6,"",,,,,,,,,,,,,,,,,,,,,,,
rayon-butti-silk-top-bottom-set,,,,,,,,,,,,,,,,,,,,,,,,,,,,,,,"",https://cdn.shopify.com/s/files/1/1020/9912/4593/files/3B90CD65-2FA7-49DB-891E-6655BD39FECD.jpg?v=1781854840,7,"",,,,,,,,,,,,,,,,,,,,,,,
crunchy-silk-top-plazzo-set,Crunchy Silk Top Plazzo Set,"<p><span>TOP DETAILS</span><span><br> </span><span>▪️Fabric : Crunchy Silk</span><span><br> </span><span>▪️Work : Zarkhand Work</span><span><br> </span><span>▪️Inner : Heavy Micro Cotton</span><span><br> </span><span>▪️Length : 31-32 Inches</span><span><br> </span><span>▪️Size : S(36), M(38), L(40), XL(42), XXL(44) | Fully Stitched Ready To Wear</span><span><br> </span><span>SHARARA PLAZZO DETAILS</span><span><br> </span><span>▪️Fabric : Crunchy Silk</span><span><br> </span><span>▪️Style : Full Flare</span><span><br> </span><span>▪️Length : 39-40 Inches</span><span><br> </span><span>DUPATTA DETAILS</span><span><br> </span><span>▪️Fabric : Crunchy Silk</span><span><br> </span><span>▪️Work : Zarkhand Work With Lace Border</span><span><br></span></p>",Anjuclothing ,Apparel & Accessories > Clothing > Traditional & Ceremonial Clothing,"","",true,Color,red,product.metafields.shopify.color-pattern,Size,m,product.metafields.shopify.size,,,,,0.0,shopify,100,deny,manual,1699.00,2500.00,true,false,,,,,"",https://cdn.shopify.com/s/files/1/1020/9912/4593/files/E2BCA767-81BC-4190-B318-77DC91817CAF.jpg?v=1781854111,1,"",false,,,,,adults,red; yellow,,,silk,round,,,m; l; xl; 2xl,,spaghetti-strap,female,,https://cdn.shopify.com/s/files/1/1020/9912/4593/files/E2BCA767-81BC-4190-B318-77DC91817CAF.jpg?v=1781854111,kg,,,active
crunchy-silk-top-plazzo-set,,,,,,,,,yellow,,,m,,,,,,0.0,shopify,100,deny,manual,1699.00,2500.00,true,false,,,,,"",https://cdn.shopify.com/s/files/1/1020/9912/4593/files/8B203EBF-0023-4488-B776-6B4C192046A0.jpg?v=1781854111,2,"",,,,,,,,,,,,,,,,,,,https://cdn.shopify.com/s/files/1/1020/9912/4593/files/8B203EBF-0023-4488-B776-6B4C192046A0.jpg?v=1781854111,kg,,,
crunchy-silk-top-plazzo-set,,,,,,,,,red,,,l,,,,,,0.0,shopify,100,deny,manual,1699.00,2500.00,true,false,,,,,"",https://cdn.shopify.com/s/files/1/1020/9912/4593/files/B78568D1-DC5E-454F-B790-19CB3F32DE69.jpg?v=1781854112,3,"",,,,,,,,,,,,,,,,,,,https://cdn.shopify.com/s/files/1/1020/9912/4593/files/E2BCA767-81BC-4190-B318-77DC91817CAF.jpg?v=1781854111,kg,,,
crunchy-silk-top-plazzo-set,,,,,,,,,red,,,xl,,,,,,0.0,shopify,100,deny,manual,1699.00,2500.00,true,false,,,,,"",https://cdn.shopify.com/s/files/1/1020/9912/4593/files/B42A060A-10CA-4E31-9099-6BCB4FE026BE.jpg?v=1781854112,4,"",,,,,,,,,,,,,,,,,,,https://cdn.shopify.com/s/files/1/1020/9912/4593/files/E2BCA767-81BC-4190-B318-77DC91817CAF.jpg?v=1781854111,kg,,,
crunchy-silk-top-plazzo-set,,,,,,,,,red,,,2xl,,,,,,0.0,shopify,100,deny,manual,1699.00,2500.00,true,false,,,,,"",https://cdn.shopify.com/s/files/1/1020/9912/4593/files/0CD5F198-F918-4FCD-A255-D2991F8E4BED.jpg?v=1781854112,5,"",,,,,,,,,,,,,,,,,,,https://cdn.shopify.com/s/files/1/1020/9912/4593/files/E2BCA767-81BC-4190-B318-77DC91817CAF.jpg?v=1781854111,kg,,,
crunchy-silk-top-plazzo-set,,,,,,,,,yellow,,,l,,,,,,0.0,shopify,100,deny,manual,1699.00,2500.00,true,false,,,,,"",https://cdn.shopify.com/s/files/1/1020/9912/4593/files/4F23001B-A30A-4CEF-B505-800AA111F5F8.jpg?v=1781854112,6,"",,,,,,,,,,,,,,,,,,,https://cdn.shopify.com/s/files/1/1020/9912/4593/files/8B203EBF-0023-4488-B776-6B4C192046A0.jpg?v=1781854111,kg,,,
crunchy-silk-top-plazzo-set,,,,,,,,,yellow,,,xl,,,,,,0.0,shopify,100,deny,manual,1699.00,2500.00,true,false,,,,,"",https://cdn.shopify.com/s/files/1/1020/9912/4593/files/21532169-8138-48B1-A595-452B5F8EBECF.jpg?v=1781854112,7,"",,,,,,,,,,,,,,,,,,,https://cdn.shopify.com/s/files/1/1020/9912/4593/files/8B203EBF-0023-4488-B776-6B4C192046A0.jpg?v=1781854111,kg,,,
crunchy-silk-top-plazzo-set,,,,,,,,,yellow,,,2xl,,,,,,0.0,shopify,100,deny,manual,1699.00,2500.00,true,false,,,,,"",https://cdn.shopify.com/s/files/1/1020/9912/4593/files/9D824535-A591-4DD4-89CD-AFCFFB4067DA.jpg?v=1781854112,8,"",,,,,,,,,,,,,,,,,,,https://cdn.shopify.com/s/files/1/1020/9912/4593/files/8B203EBF-0023-4488-B776-6B4C192046A0.jpg?v=1781854111,kg,,,
crunchy-silk-top-plazzo-set,,,,,,,,,,,,,,,,,,,,,,,,,,,,,,,"",https://cdn.shopify.com/s/files/1/1020/9912/4593/files/1587B428-3C69-4D6F-B980-5E0CAC06303C.jpg?v=1781854111,9,"",,,,,,,,,,,,,,,,,,,,,,,
pure-fendy-silk-top-sharara-set,Pure Fendy Silk Top Sharara Set,"<p><span>KURTI DETAILS</span><span><br> </span><span>▪️Fabric : Faux Georgette</span><span><br> </span><span>▪️Work : Front &amp; Back Embroidery Work With Fancy Lace &amp; Back Side Drawstring Pattern</span><span><br> </span><span>▪️Extra Sleeve Fabric : Available</span><span><br> </span><span>▪️Inner : Micron</span><span><br> </span><span>▪️Length : 38 Inches</span><span><br> </span><span>▪️Size : M(38), L(40), XL(42), XXL(44) | Fully Stitched Ready To Wear</span><span><br> </span><span>PLAZZO DETAILS</span><span><br> </span><span>▪️Fabric : Faux Georgette</span><span><br> </span><span>▪️Length : 40 Inches</span><span><br> </span><span>▪️Waist : Up To 42 (Rubber Band)</span><span><br> </span><span>DUPATTA DETAILS</span><span><br> </span><span>▪️Fabric : Faux Georgette</span><span><br> </span><span>▪️Work : Fancy Lace Border</span><span><br> </span><span>▪️Length : 2.20 Meters</span></p>",Anjuclothing ,,"","",true,Size,M,,,,,,,,,0.0,shopify,100,deny,manual,1599.00,2500.00,true,false,,,,,"",https://cdn.shopify.com/s/files/1/1020/9912/4593/files/2EFAF842-5447-488B-9501-9B998D7892F3.png?v=1787645474,1,"",false,,,,,,,,,,,,,,,,,,,kg,,,active
pure-fendy-silk-top-sharara-set,,,,,,,,,L,,,,,,,,,0.0,shopify,100,deny,manual,1599.00,2500.00,true,false,,,,,"",https://cdn.shopify.com/s/files/1/1020/9912/4593/files/69B67E90-7AA5-44DE-8396-D4BD6138528D.jpg?v=1781853856,2,"",,,,,,,,,,,,,,,,,,,,kg,,,
pure-fendy-silk-top-sharara-set,,,,,,,,,Xl,,,,,,,,,0.0,shopify,100,deny,manual,1599.00,2500.00,true,false,,,,,"",https://cdn.shopify.com/s/files/1/1020/9912/4593/files/09DDFC88-C200-44FC-A4DD-41BE6D8C8023.jpg?v=1781853856,3,"",,,,,,,,,,,,,,,,,,,,kg,,,
pure-fendy-silk-top-sharara-set,,,,,,,,,2xl,,,,,,,,,0.0,shopify,100,deny,manual,1599.00,2500.00,true,false,,,,,"",https://cdn.shopify.com/s/files/1/1020/9912/4593/files/557B4430-BE82-4FE2-A250-1D8DD9EE35D6.jpg?v=1781853856,4,"",,,,,,,,,,,,,,,,,,,,kg,,,
weeding-wear-sharara-set,Weeding Wear Sharara Set,"<p><span>KURTI DETAILS</span><span><br> </span><span>▪️Kurti Fabric : Faux Georgette</span><span><br> </span><span>▪️Kurti Work : Front &amp; Back Embroidery Work With Fancy Lace &amp; Back Side Drawstring Pattern</span><span><br> </span><span>▪️Extra Sleeve Fabric : Available</span><span><br> </span><span>▪️Kurti Inner : Micron</span><span><br> </span><span>▪️Kurti Length : 38 Inches</span><span><br> </span><span>▪️Kurti Size : M(38), L(40), XL(42), XXL(44) | Fully Stitched Ready To Wear</span><span><br> </span><span>PLAZZO DETAILS</span><span><br> </span><span>▪️Plazzo Fabric : Faux Georgette</span><span><br> </span><span>▪️Plazzo Length : 40 Inches</span><span><br> </span><span>▪️Plazzo Waist : Up To 42 (Rubber Band)</span><span><br> </span><span>DUPATTA DETAILS</span><span><br> </span><span>▪️Dupatta Fabric : Faux Georgette</span><span><br> </span><span>▪️Dupatta Work : Fancy Lace Border</span><span><br> </span><span>▪️Dupatta Length : 2.20 Meters</span></p>",Anjuclothing ,,"","",true,Colour,Red,,Size,M,,,,,,0.0,shopify,100,deny,manual,1799.00,2500.00,true,false,,,,,"",https://cdn.shopify.com/s/files/1/1020/9912/4593/files/0C59C2A2-6163-42E8-8BD6-1D08CB0D61E5.png?v=1789224741,1,"",false,,,,,,,,,,,,,,,,,,,kg,,,active
weeding-wear-sharara-set,,,,,,,,,Green,,,M,,,,,,0.0,shopify,100,deny,manual,1799.00,2500.00,true,false,,,,,"",https://cdn.shopify.com/s/files/1/1020/9912/4593/files/DF1AFA07-E917-41B7-9D03-D951DE9A3263.jpg?v=1781853406,2,"",,,,,,,,,,,,,,,,,,,https://cdn.shopify.com/s/files/1/1020/9912/4593/files/F3439211-DB2C-4E0A-B40B-C95781A63DC7.jpg?v=1781853406,kg,,,
weeding-wear-sharara-set,,,,,,,,,Red,,,L,,,,,,0.0,shopify,100,deny,manual,1799.00,2500.00,true,false,,,,,"",https://cdn.shopify.com/s/files/1/1020/9912/4593/files/05400414-A1AB-40D6-9872-D70140BE5DE9.jpg?v=1781853406,3,"",,,,,,,,,,,,,,,,,,,,kg,,,
weeding-wear-sharara-set,,,,,,,,,Red,,,Xl,,,,,,0.0,shopify,100,deny,manual,1799.00,2500.00,true,false,,,,,"",https://cdn.shopify.com/s/files/1/1020/9912/4593/files/F3439211-DB2C-4E0A-B40B-C95781A63DC7.jpg?v=1781853406,4,"",,,,,,,,,,,,,,,,,,,,kg,,,
weeding-wear-sharara-set,,,,,,,,,Red,,,2xl,,,,,,0.0,shopify,100,deny,manual,1799.00,2500.00,true,false,,,,,"",https://cdn.shopify.com/s/files/1/1020/9912/4593/files/E72C913C-4707-4EE3-97F6-BBD0070373A2.jpg?v=1781853406,5,"",,,,,,,,,,,,,,,,,,,,kg,,,
weeding-wear-sharara-set,,,,,,,,,Green,,,L,,,,,,0.0,shopify,100,deny,manual,1799.00,2500.00,true,false,,,,,"",https://cdn.shopify.com/s/files/1/1020/9912/4593/files/CB33A610-3393-40A5-AD12-0E1ABBBF1A6A.jpg?v=1781853414,6,"",,,,,,,,,,,,,,,,,,,https://cdn.shopify.com/s/files/1/1020/9912/4593/files/F3439211-DB2C-4E0A-B40B-C95781A63DC7.jpg?v=1781853406,kg,,,
weeding-wear-sharara-set,,,,,,,,,Green,,,Xl,,,,,,0.0,shopify,100,deny,manual,1799.00,2500.00,true,false,,,,,"",,,,,,,,,,,,,,,,,,,,,,https://cdn.shopify.com/s/files/1/1020/9912/4593/files/F3439211-DB2C-4E0A-B40B-C95781A63DC7.jpg?v=1781853406,kg,,,
weeding-wear-sharara-set,,,,,,,,,Green,,,2xl,,,,,,0.0,shopify,100,deny,manual,1799.00,2500.00,true,false,,,,,"",,,,,,,,,,,,,,,,,,,,,,https://cdn.shopify.com/s/files/1/1020/9912/4593/files/F3439211-DB2C-4E0A-B40B-C95781A63DC7.jpg?v=1781853406,kg,,,
viral-evil-eye-farshi-set,Viral Evil Eye farshi set,"<p><span> SUIT DETAILS<br>▪️Suit Fabric : Heavy Reyon<br>▪️Suit Inner : Soft Micro Inner<br>▪️Suit Work : Plain<br>▪️Suit Length : 31 Inches<br>▪️Suit Size : M(38), L(40), XL(42), XXL(44) With 3XL Margin | Fully Stitched Ready To Wear<br>FARSHI SALWAR DETAILS<br>▪️Farshi Salwar Fabric : Heavy Reyon<br>▪️Farshi Salwar Inner : Comfortable Micro<br>▪️Farshi Salwar Length : 39 Inches<br>▪️Farshi Salwar Work : Intricate Thread Work<br>▪️Farshi Salwar Size : Fully Stitched | Fits Up To Size 44 (Elastic Waistband)</span></p>",Anjuclothing ,,"","",true,Size,M,,,,,,,,,0.0,shopify,0,deny,manual,1299.00,1999.00,true,false,,,,,"",https://cdn.shopify.com/s/files/1/1020/9912/4593/files/64C04CAB-3F8C-4A0D-A20A-6FDCF2986588.jpg?v=1781852950,1,"",false,,,,,,,,,,,,,,,,,,,kg,,,active
viral-evil-eye-farshi-set,,,,,,,,,L,,,,,,,,,0.0,shopify,0,deny,manual,1299.00,1999.00,true,false,,,,,"",https://cdn.shopify.com/s/files/1/1020/9912/4593/files/5ACE81BB-749A-4F82-9E90-79A2CBCF6C13.jpg?v=1781852950,2,"",,,,,,,,,,,,,,,,,,,,kg,,,
viral-evil-eye-farshi-set,,,,,,,,,Xl,,,,,,,,,0.0,shopify,0,deny,manual,1299.00,1999.00,true,false,,,,,"",https://cdn.shopify.com/s/files/1/1020/9912/4593/files/C3D74C16-F25B-4C72-B2AB-0C545BE9754B.jpg?v=1781852950,3,"",,,,,,,,,,,,,,,,,,,,kg,,,
viral-evil-eye-farshi-set,,,,,,,,,2xl,,,,,,,,,0.0,shopify,0,deny,manual,1299.00,1999.00,true,false,,,,,"",https://cdn.shopify.com/s/files/1/1020/9912/4593/files/D1CA7769-EBAC-41DE-AC6B-C99D34671655.jpg?v=1781852950,4,"",,,,,,,,,,,,,,,,,,,,kg,,,
viral-evil-eye-farshi-set,,,,,,,,,,,,,,,,,,,,,,,,,,,,,,,"",https://cdn.shopify.com/s/files/1/1020/9912/4593/files/18603154-C86F-4D5D-BC81-7F6992EE846F.jpg?v=1781852950,5,"",,,,,,,,,,,,,,,,,,,,,,,
red-sharara-set,Red Sharara Set,"<p><span>TOP DETAILS</span><span><br> </span><span>▪️Top Fabric : Heavy Faux Georgette</span><span><br> </span><span>▪️Top Work : Real Mirror Work</span><span><br> </span><span>▪️Top Inner : Heavy Micro Cotton</span><span><br> </span><span>▪️Top Length : 39-40 Inches</span><span><br> </span><span>▪️Top Size : M(38), L(40), XL(42), XXL(44) | Fully Stitched Ready To Wear</span><span><br> </span><span>PLAZZO DETAILS</span><span><br> </span><span>▪️Plazzo Fabric : Heavy Faux Georgette</span><span><br> </span><span>▪️Plazzo Pattern : Elastic Waist</span><span><br> </span><span>▪️Plazzo Length : 39-40 Inches</span><span><br> </span><span>▪️Plazzo Size : Fully Stitched</span><span><br> </span><span>DUPATTA DETAILS</span><span><br> </span><span>▪️Dupatta Fabric : Soft Net</span><span><br> </span><span>▪️Dupatta Work : Embroidery Sequence Work</span></p>",Anjuclothing ,,"","",true,Size,M,,,,,,,,,0.0,shopify,95,deny,manual,1499.00,2500.00,true,false,,,,,"",https://cdn.shopify.com/s/files/1/1020/9912/4593/files/IMG-1654.png?v=1788925356,1,"",false,,,,,,,,,,,,,,,,,,,kg,,,active
red-sharara-set,,,,,,,,,L,,,,,,,,,0.0,shopify,96,deny,manual,1499.00,2500.00,true,false,,,,,"",https://cdn.shopify.com/s/files/1/1020/9912/4593/files/B1414442-16ED-4267-93F8-8EE7CCBE832E.jpg?v=1781852589,2,"",,,,,,,,,,,,,,,,,,,,kg,,,
red-sharara-set,,,,,,,,,Xl,,,,,,,,,0.0,shopify,99,deny,manual,1499.00,2500.00,true,false,,,,,"",https://cdn.shopify.com/s/files/1/1020/9912/4593/files/6A7A9DBF-D3FC-4D21-BD34-18BEC98C5DC9.jpg?v=1781852589,3,"",,,,,,,,,,,,,,,,,,,,kg,,,
red-sharara-set,,,,,,,,,2xl,,,,,,,,,0.0,shopify,100,deny,manual,1499.00,2500.00,true,false,,,,,"",https://cdn.shopify.com/s/files/1/1020/9912/4593/files/EA11CC7B-86D7-46DF-8C42-63B30C78E406.jpg?v=1781852589,4,"",,,,,,,,,,,,,,,,,,,,kg,,,
red-sharara-set,,,,,,,,,,,,,,,,,,,,,,,,,,,,,,,"",https://cdn.shopify.com/s/files/1/1020/9912/4593/files/388340D0-6616-47A1-A763-C723478D4B97.jpg?v=1781852589,5,"",,,,,,,,,,,,,,,,,,,,,,,
red-sharara-set,,,,,,,,,,,,,,,,,,,,,,,,,,,,,,,"",https://cdn.shopify.com/s/files/1/1020/9912/4593/files/F34DD79E-B185-4E68-9B78-3AEC0F22B343.jpg?v=1781852590,6,"",,,,,,,,,,,,,,,,,,,,,,,
red-sharara-set,,,,,,,,,,,,,,,,,,,,,,,,,,,,,,,"",https://cdn.shopify.com/s/files/1/1020/9912/4593/files/9FA4C2B0-146B-432B-9AEE-6CB5D5C1C608.jpg?v=1781852590,7,"",,,,,,,,,,,,,,,,,,,,,,,
red-sharara-set,,,,,,,,,,,,,,,,,,,,,,,,,,,,,,,"",https://cdn.shopify.com/s/files/1/1020/9912/4593/files/D051CF87-4BAB-4A94-A733-E862C440A4AF.jpg?v=1781852591,8,"",,,,,,,,,,,,,,,,,,,,,,,
viral-sunflower-farshi-set,Viral Sunflower Farshi Set,"<p><span>SUIT DETAILS</span><span><br> </span><span>▪️Suit Fabric : Heavy Reyon</span><span><br> </span><span>▪️Suit Inner : Soft Micro Inner</span><span><br> </span><span>▪️Suit Work : Plain</span><span><br> </span><span>▪️Suit Length : 31 Inches</span><span><br> </span><span>▪️Suit Size : M(38), L(40), XL(42), XXL(44) With 3XL Margin | Fully Stitched Ready To Wear</span><span><br> </span><span>FARSHI SALWAR DETAILS</span><span><br> </span><span>▪️Farshi Salwar Fabric : Heavy Reyon</span><span><br> </span><span>▪️Farshi Salwar Inner : Comfortable Micro</span><span><br> </span><span>▪️Farshi Salwar Length : 39 Inches</span><span><br> </span><span>▪️Farshi Salwar Work : Intricate Thread Work</span><span><br> </span><span>▪️Farshi Salwar Size : Fully Stitched | Fits Up To Size 44 (Elastic Waistband)</span><span><br></span></p>",Anjuclothing ,,"","",true,Size,M,,,,,,,,,0.0,shopify,0,deny,manual,1299.00,1999.00,true,false,,,,,"",https://cdn.shopify.com/s/files/1/1020/9912/4593/files/8FA42964-36C8-48F5-AF97-90FB8112A8BE.jpg?v=1781851450,1,"",false,,,,,,,,,,,,,,,,,,,kg,,,active
viral-sunflower-farshi-set,,,,,,,,,L,,,,,,,,,0.0,shopify,0,deny,manual,1299.00,1999.00,true,false,,,,,"",https://cdn.shopify.com/s/files/1/1020/9912/4593/files/AAD0A6F5-0B07-4EBF-92B6-0BC0638F04B5.jpg?v=1781851450,2,"",,,,,,,,,,,,,,,,,,,,kg,,,
viral-sunflower-farshi-set,,,,,,,,,Xl,,,,,,,,,0.0,shopify,0,deny,manual,1299.00,1999.00,true,false,,,,,"",https://cdn.shopify.com/s/files/1/1020/9912/4593/files/89B0D6E4-9EE5-4ED7-BC72-87E2D2ED915F.jpg?v=1781851450,3,"",,,,,,,,,,,,,,,,,,,,kg,,,
viral-sunflower-farshi-set,,,,,,,,,2xl,,,,,,,,,0.0,shopify,0,deny,manual,1299.00,1999.00,true,false,,,,,"",https://cdn.shopify.com/s/files/1/1020/9912/4593/files/32588F28-C9CA-481D-B24E-9F4A0E667B58.jpg?v=1781851450,4,"",,,,,,,,,,,,,,,,,,,,kg,,,
viral-sunflower-farshi-set,,,,,,,,,,,,,,,,,,,,,,,,,,,,,,,"",https://cdn.shopify.com/s/files/1/1020/9912/4593/files/6E6A80D8-2E50-4D40-AC35-FFF485E5DEAB.jpg?v=1781851450,5,"",,,,,,,,,,,,,,,,,,,,,,,
viral-sunflower-farshi-set,,,,,,,,,,,,,,,,,,,,,,,,,,,,,,,"",https://cdn.shopify.com/s/files/1/1020/9912/4593/files/B9B0D2E2-96D4-49D2-877A-C4C4CCF0B455.jpg?v=1781851450,6,"",,,,,,,,,,,,,,,,,,,,,,,
viral-sunflower-farshi-set,,,,,,,,,,,,,,,,,,,,,,,,,,,,,,,"",https://cdn.shopify.com/s/files/1/1020/9912/4593/files/4A73D4A2-FE07-4A04-A4EA-A820AD00530D.jpg?v=1781852712,7,"",,,,,,,,,,,,,,,,,,,,,,,
viral-sunflower-farshi-set,,,,,,,,,,,,,,,,,,,,,,,,,,,,,,,"",https://cdn.shopify.com/s/files/1/1020/9912/4593/files/9F307449-6816-464B-8B5F-6853968454A7.jpg?v=1781851450,8,"",,,,,,,,,,,,,,,,,,,,,,,
viral-fendi-silk-anarkali-set,Viral Fendi Silk Anarkali Set,"<p><span>GOWN DETAILS</span><span><br> </span><span>▪️Gown Fabric : Fendi Satin Heavy</span><span><br> </span><span>▪️Gown Work : Rembo Sequence Embroidery Neck And Sleeve</span><span><br> </span><span>▪️Gown Inner : American Heavy Butter Cotton</span><span><br> </span><span>▪️Gown Length : 52-54 Inches</span><span><br> </span><span>▪️Gown Size : S(36), M(38), L(40), XL(42) Up To Margin XXL(44) | Fully Stitched Ready To Wear</span><span><br> </span><span>▪️Gown Flair : 4 Meters (12 Kali)</span><span><br> </span><span>▪️Gown Sleeves : Embroidery Work</span><span><br> </span><span>BOTTOM DETAILS</span><span><br> </span><span>▪️Bottom Fabric : American Crepe</span><span><br> </span><span>▪️Bottom Work : Samosa Lace</span><span><br> </span><span>▪️Bottom Length : 39 Inches</span><span><br> </span><span>DUPATTA DETAILS</span><span><br> </span><span>▪️Dupatta Fabric : Fendi Satin</span><span><br> </span><span>▪️Dupatta Work : Heavy Four Side Sequence Embroidery Lace Border With Allover Butti Sequence Work</span><span><br></span></p>",Anjuclothing ,,"","",true,Colour,Pink,,Size,S,,,,,,0.0,shopify,100,deny,manual,1699.00,2500.00,true,false,,,,,"",https://cdn.shopify.com/s/files/1/1020/9912/4593/files/9E398461-60D2-40BC-807D-3DC6144D63F9.jpg?v=1781849890,1,"",false,,,,,,,,,,,,,,,,,,https://cdn.shopify.com/s/files/1/1020/9912/4593/files/9E398461-60D2-40BC-807D-3DC6144D63F9.jpg?v=1781849890,kg,,,active
viral-fendi-silk-anarkali-set,,,,,,,,,Teal,,,S,,,,,,0.0,shopify,100,deny,manual,1699.00,2500.00,true,false,,,,,"",https://cdn.shopify.com/s/files/1/1020/9912/4593/files/62EDE9E8-0603-403F-B4BD-B209B84EEA61.jpg?v=1781849889,2,"",,,,,,,,,,,,,,,,,,,https://cdn.shopify.com/s/files/1/1020/9912/4593/files/6DBBC3FB-4B7F-45FC-B1BF-D6C94958570B.jpg?v=1781849890,kg,,,
viral-fendi-silk-anarkali-set,,,,,,,,,Yellow,,,S,,,,,,0.0,shopify,100,deny,manual,1699.00,2500.00,true,false,,,,,"",https://cdn.shopify.com/s/files/1/1020/9912/4593/files/470948B9-2EB8-47EA-B268-3AE93F4054DC.jpg?v=1781849889,3,"",,,,,,,,,,,,,,,,,,,https://cdn.shopify.com/s/files/1/1020/9912/4593/files/706ABFD4-B802-4EB0-811E-39B83021F83D.jpg?v=1781849889,kg,,,
viral-fendi-silk-anarkali-set,,,,,,,,,Green,,,S,,,,,,0.0,shopify,100,deny,manual,1699.00,2500.00,true,false,,,,,"",https://cdn.shopify.com/s/files/1/1020/9912/4593/files/498F304A-3111-42AC-A584-48BBE1406533.jpg?v=1781849890,4,"",,,,,,,,,,,,,,,,,,,https://cdn.shopify.com/s/files/1/1020/9912/4593/files/852A0A8D-A940-4D89-9809-C15D0B4E688D.jpg?v=1781849890,kg,,,
viral-fendi-silk-anarkali-set,,,,,,,,,Orange,,,S,,,,,,0.0,shopify,100,deny,manual,1699.00,2500.00,true,false,,,,,"",https://cdn.shopify.com/s/files/1/1020/9912/4593/files/8EFA32F8-313D-495C-9499-D92B787B51BB.jpg?v=1781849890,5,"",,,,,,,,,,,,,,,,,,,https://cdn.shopify.com/s/files/1/1020/9912/4593/files/27B3424A-429D-4057-AB9E-F008FBCFF8A1.jpg?v=1781849890,kg,,,
viral-fendi-silk-anarkali-set,,,,,,,,,Red,,,S,,,,,,0.0,shopify,100,deny,manual,1699.00,2500.00,true,false,,,,,"",https://cdn.shopify.com/s/files/1/1020/9912/4593/files/6C706786-4652-4F5D-A7F2-476B39D03D72.jpg?v=1781849890,6,"",,,,,,,,,,,,,,,,,,,https://cdn.shopify.com/s/files/1/1020/9912/4593/files/A1A499BC-72D0-4271-83D1-2D8560F8861E.jpg?v=1781849890,kg,,,
viral-fendi-silk-anarkali-set,,,,,,,,,Pink,,,M,,,,,,0.0,shopify,100,deny,manual,1699.00,2500.00,true,false,,,,,"",https://cdn.shopify.com/s/files/1/1020/9912/4593/files/EF15808A-7C8F-4067-A653-CF2097530A2C.jpg?v=1781849890,7,"",,,,,,,,,,,,,,,,,,,https://cdn.shopify.com/s/files/1/1020/9912/4593/files/9E398461-60D2-40BC-807D-3DC6144D63F9.jpg?v=1781849890,kg,,,
viral-fendi-silk-anarkali-set,,,,,,,,,Pink,,,L,,,,,,0.0,shopify,100,deny,manual,1699.00,2500.00,true,false,,,,,"",https://cdn.shopify.com/s/files/1/1020/9912/4593/files/6DBBC3FB-4B7F-45FC-B1BF-D6C94958570B.jpg?v=1781849890,8,"",,,,,,,,,,,,,,,,,,,https://cdn.shopify.com/s/files/1/1020/9912/4593/files/9E398461-60D2-40BC-807D-3DC6144D63F9.jpg?v=1781849890,kg,,,
viral-fendi-silk-anarkali-set,,,,,,,,,Pink,,,Xl,,,,,,0.0,shopify,100,deny,manual,1699.00,2500.00,true,false,,,,,"",https://cdn.shopify.com/s/files/1/1020/9912/4593/files/A1A91C19-D251-48A6-AF98-78E0F0EF50EB.jpg?v=1781849889,9,"",,,,,,,,,,,,,,,,,,,https://cdn.shopify.com/s/files/1/1020/9912/4593/files/9E398461-60D2-40BC-807D-3DC6144D63F9.jpg?v=1781849890,kg,,,
viral-fendi-silk-anarkali-set,,,,,,,,,Teal,,,M,,,,,,0.0,shopify,100,deny,manual,1699.00,2500.00,true,false,,,,,"",https://cdn.shopify.com/s/files/1/1020/9912/4593/files/706ABFD4-B802-4EB0-811E-39B83021F83D.jpg?v=1781849889,10,"",,,,,,,,,,,,,,,,,,,https://cdn.shopify.com/s/files/1/1020/9912/4593/files/6DBBC3FB-4B7F-45FC-B1BF-D6C94958570B.jpg?v=1781849890,kg,,,
viral-fendi-silk-anarkali-set,,,,,,,,,Teal,,,L,,,,,,0.0,shopify,100,deny,manual,1699.00,2500.00,true,false,,,,,"",https://cdn.shopify.com/s/files/1/1020/9912/4593/files/E42126AE-1B99-4E84-B50B-5F6C8A132D55.jpg?v=1781849890,11,"",,,,,,,,,,,,,,,,,,,https://cdn.shopify.com/s/files/1/1020/9912/4593/files/6DBBC3FB-4B7F-45FC-B1BF-D6C94958570B.jpg?v=1781849890,kg,,,
viral-fendi-silk-anarkali-set,,,,,,,,,Teal,,,Xl,,,,,,0.0,shopify,100,deny,manual,1699.00,2500.00,true,false,,,,,"",https://cdn.shopify.com/s/files/1/1020/9912/4593/files/852A0A8D-A940-4D89-9809-C15D0B4E688D.jpg?v=1781849890,12,"",,,,,,,,,,,,,,,,,,,https://cdn.shopify.com/s/files/1/1020/9912/4593/files/6DBBC3FB-4B7F-45FC-B1BF-D6C94958570B.jpg?v=1781849890,kg,,,
viral-fendi-silk-anarkali-set,,,,,,,,,Yellow,,,M,,,,,,0.0,shopify,100,deny,manual,1699.00,2500.00,true,false,,,,,"",https://cdn.shopify.com/s/files/1/1020/9912/4593/files/27B3424A-429D-4057-AB9E-F008FBCFF8A1.jpg?v=1781849890,13,"",,,,,,,,,,,,,,,,,,,https://cdn.shopify.com/s/files/1/1020/9912/4593/files/706ABFD4-B802-4EB0-811E-39B83021F83D.jpg?v=1781849889,kg,,,
viral-fendi-silk-anarkali-set,,,,,,,,,Yellow,,,L,,,,,,0.0,shopify,100,deny,manual,1699.00,2500.00,true,false,,,,,"",https://cdn.shopify.com/s/files/1/1020/9912/4593/files/F89E3C31-91D6-4473-9C2F-E0AAFD0E9490.jpg?v=1781849889,14,"",,,,,,,,,,,,,,,,,,,https://cdn.shopify.com/s/files/1/1020/9912/4593/files/706ABFD4-B802-4EB0-811E-39B83021F83D.jpg?v=1781849889,kg,,,
viral-fendi-silk-anarkali-set,,,,,,,,,Yellow,,,Xl,,,,,,0.0,shopify,100,deny,manual,1699.00,2500.00,true,false,,,,,"",https://cdn.shopify.com/s/files/1/1020/9912/4593/files/770887A2-0D8A-499B-9FCB-D0AE37F3B5F8.jpg?v=1781849890,15,"",,,,,,,,,,,,,,,,,,,https://cdn.shopify.com/s/files/1/1020/9912/4593/files/706ABFD4-B802-4EB0-811E-39B83021F83D.jpg?v=1781849889,kg,,,
viral-fendi-silk-anarkali-set,,,,,,,,,Green,,,M,,,,,,0.0,shopify,100,deny,manual,1699.00,2500.00,true,false,,,,,"",https://cdn.shopify.com/s/files/1/1020/9912/4593/files/A1A499BC-72D0-4271-83D1-2D8560F8861E.jpg?v=1781849890,16,"",,,,,,,,,,,,,,,,,,,https://cdn.shopify.com/s/files/1/1020/9912/4593/files/852A0A8D-A940-4D89-9809-C15D0B4E688D.jpg?v=1781849890,kg,,,
viral-fendi-silk-anarkali-set,,,,,,,,,Green,,,L,,,,,,0.0,shopify,100,deny,manual,1699.00,2500.00,true,false,,,,,"",https://cdn.shopify.com/s/files/1/1020/9912/4593/files/D76806B1-D9E9-4FD6-B886-B0250807596A.jpg?v=1781849890,17,"",,,,,,,,,,,,,,,,,,,https://cdn.shopify.com/s/files/1/1020/9912/4593/files/852A0A8D-A940-4D89-9809-C15D0B4E688D.jpg?v=1781849890,kg,,,
viral-fendi-silk-anarkali-set,,,,,,,,,Green,,,Xl,,,,,,0.0,shopify,100,deny,manual,1699.00,2500.00,true,false,,,,,"",https://cdn.shopify.com/s/files/1/1020/9912/4593/files/E507E2F7-D8CC-438D-92B7-C281390E7910.jpg?v=1781850375,18,"",,,,,,,,,,,,,,,,,,,https://cdn.shopify.com/s/files/1/1020/9912/4593/files/852A0A8D-A940-4D89-9809-C15D0B4E688D.jpg?v=1781849890,kg,,,
viral-fendi-silk-anarkali-set,,,,,,,,,Orange,,,M,,,,,,0.0,shopify,100,deny,manual,1699.00,2500.00,true,false,,,,,"",https://cdn.shopify.com/s/files/1/1020/9912/4593/files/EC233D11-57AB-45FA-A7A1-BABFA5AC31C2.jpg?v=1781850375,19,"",,,,,,,,,,,,,,,,,,,https://cdn.shopify.com/s/files/1/1020/9912/4593/files/27B3424A-429D-4057-AB9E-F008FBCFF8A1.jpg?v=1781849890,kg,,,
viral-fendi-silk-anarkali-set,,,,,,,,,Orange,,,L,,,,,,0.0,shopify,100,deny,manual,1699.00,2500.00,true,false,,,,,"",https://cdn.shopify.com/s/files/1/1020/9912/4593/files/31CF9BEF-C461-48FA-9DF0-752611C123C0.jpg?v=1781850375,20,"",,,,,,,,,,,,,,,,,,,https://cdn.shopify.com/s/files/1/1020/9912/4593/files/27B3424A-429D-4057-AB9E-F008FBCFF8A1.jpg?v=1781849890,kg,,,
viral-fendi-silk-anarkali-set,,,,,,,,,Orange,,,Xl,,,,,,0.0,shopify,100,deny,manual,1699.00,2500.00,true,false,,,,,"",https://cdn.shopify.com/s/files/1/1020/9912/4593/files/C2655116-D2A7-403D-80CC-87D6CB67AF5A.jpg?v=1781850375,21,"",,,,,,,,,,,,,,,,,,,https://cdn.shopify.com/s/files/1/1020/9912/4593/files/27B3424A-429D-4057-AB9E-F008FBCFF8A1.jpg?v=1781849890,kg,,,
viral-fendi-silk-anarkali-set,,,,,,,,,Red,,,M,,,,,,0.0,shopify,100,deny,manual,1699.00,2500.00,true,false,,,,,"",https://cdn.shopify.com/s/files/1/1020/9912/4593/files/A6E88067-A7E6-483F-87EB-A4D2DE939B7F.jpg?v=1781850375,22,"",,,,,,,,,,,,,,,,,,,https://cdn.shopify.com/s/files/1/1020/9912/4593/files/A1A499BC-72D0-4271-83D1-2D8560F8861E.jpg?v=1781849890,kg,,,
viral-fendi-silk-anarkali-set,,,,,,,,,Red,,,L,,,,,,0.0,shopify,100,deny,manual,1699.00,2500.00,true,false,,,,,"",https://cdn.shopify.com/s/files/1/1020/9912/4593/files/87866178-7DD0-49D3-9B32-BF248DDFCDC7.jpg?v=1781850375,23,"",,,,,,,,,,,,,,,,,,,https://cdn.shopify.com/s/files/1/1020/9912/4593/files/A1A499BC-72D0-4271-83D1-2D8560F8861E.jpg?v=1781849890,kg,,,
viral-fendi-silk-anarkali-set,,,,,,,,,Red,,,Xl,,,,,,0.0,shopify,100,deny,manual,1699.00,2500.00,true,false,,,,,"",,,,,,,,,,,,,,,,,,,,,,https://cdn.shopify.com/s/files/1/1020/9912/4593/files/A1A499BC-72D0-4271-83D1-2D8560F8861E.jpg?v=1781849890,kg,,,
viral-fendi-silk-anarkali-set,,,,,,,,,Violet,,,S,,,,,,0.0,shopify,100,deny,manual,1699.00,2500.00,true,false,,,,,"",,,,,,,,,,,,,,,,,,,,,,https://cdn.shopify.com/s/files/1/1020/9912/4593/files/C2655116-D2A7-403D-80CC-87D6CB67AF5A.jpg?v=1781850375,kg,,,
viral-fendi-silk-anarkali-set,,,,,,,,,Violet,,,M,,,,,,0.0,shopify,100,deny,manual,1699.00,2500.00,true,false,,,,,"",,,,,,,,,,,,,,,,,,,,,,https://cdn.shopify.com/s/files/1/1020/9912/4593/files/C2655116-D2A7-403D-80CC-87D6CB67AF5A.jpg?v=1781850375,kg,,,
viral-fendi-silk-anarkali-set,,,,,,,,,Violet,,,L,,,,,,0.0,shopify,100,deny,manual,1699.00,2500.00,true,false,,,,,"",,,,,,,,,,,,,,,,,,,,,,https://cdn.shopify.com/s/files/1/1020/9912/4593/files/C2655116-D2A7-403D-80CC-87D6CB67AF5A.jpg?v=1781850375,kg,,,
viral-fendi-silk-anarkali-set,,,,,,,,,Violet,,,Xl,,,,,,0.0,shopify,100,deny,manual,1699.00,2500.00,true,false,,,,,"",,,,,,,,,,,,,,,,,,,,,,https://cdn.shopify.com/s/files/1/1020/9912/4593/files/C2655116-D2A7-403D-80CC-87D6CB67AF5A.jpg?v=1781850375,kg,,,
viral-fendi-silk-anarkali-set,,,,,,,,,Blue,,,S,,,,,,0.0,shopify,100,deny,manual,1699.00,2500.00,true,false,,,,,"",,,,,,,,,,,,,,,,,,,,,,https://cdn.shopify.com/s/files/1/1020/9912/4593/files/EC233D11-57AB-45FA-A7A1-BABFA5AC31C2.jpg?v=1781850375,kg,,,
viral-fendi-silk-anarkali-set,,,,,,,,,Blue,,,M,,,,,,0.0,shopify,100,deny,manual,1699.00,2500.00,true,false,,,,,"",,,,,,,,,,,,,,,,,,,,,,https://cdn.shopify.com/s/files/1/1020/9912/4593/files/EC233D11-57AB-45FA-A7A1-BABFA5AC31C2.jpg?v=1781850375,kg,,,
viral-fendi-silk-anarkali-set,,,,,,,,,Blue,,,L,,,,,,0.0,shopify,100,deny,manual,1699.00,2500.00,true,false,,,,,"",,,,,,,,,,,,,,,,,,,,,,https://cdn.shopify.com/s/files/1/1020/9912/4593/files/EC233D11-57AB-45FA-A7A1-BABFA5AC31C2.jpg?v=1781850375,kg,,,
viral-fendi-silk-anarkali-set,,,,,,,,,Blue,,,Xl,,,,,,0.0,shopify,100,deny,manual,1699.00,2500.00,true,false,,,,,"",,,,,,,,,,,,,,,,,,,,,,https://cdn.shopify.com/s/files/1/1020/9912/4593/files/EC233D11-57AB-45FA-A7A1-BABFA5AC31C2.jpg?v=1781850375,kg,,,
viral-fendi-silk-anarkali-set,,,,,,,,,Lavender,,,S,,,,,,0.0,shopify,100,deny,manual,1699.00,2500.00,true,false,,,,,"",,,,,,,,,,,,,,,,,,,,,,https://cdn.shopify.com/s/files/1/1020/9912/4593/files/87866178-7DD0-49D3-9B32-BF248DDFCDC7.jpg?v=1781850375,kg,,,
viral-fendi-silk-anarkali-set,,,,,,,,,Lavender,,,M,,,,,,0.0,shopify,100,deny,manual,1699.00,2500.00,true,false,,,,,"",,,,,,,,,,,,,,,,,,,,,,https://cdn.shopify.com/s/files/1/1020/9912/4593/files/87866178-7DD0-49D3-9B32-BF248DDFCDC7.jpg?v=1781850375,kg,,,
viral-fendi-silk-anarkali-set,,,,,,,,,Lavender,,,L,,,,,,0.0,shopify,100,deny,manual,1699.00,2500.00,true,false,,,,,"",,,,,,,,,,,,,,,,,,,,,,https://cdn.shopify.com/s/files/1/1020/9912/4593/files/87866178-7DD0-49D3-9B32-BF248DDFCDC7.jpg?v=1781850375,kg,,,
viral-fendi-silk-anarkali-set,,,,,,,,,Lavender,,,Xl,,,,,,0.0,shopify,100,deny,manual,1699.00,2500.00,true,false,,,,,"",,,,,,,,,,,,,,,,,,,,,,https://cdn.shopify.com/s/files/1/1020/9912/4593/files/87866178-7DD0-49D3-9B32-BF248DDFCDC7.jpg?v=1781850375,kg,,,
viral-fendi-silk-anarkali-set,,,,,,,,,Sky blue,,,S,,,,,,0.0,shopify,100,deny,manual,1699.00,2500.00,true,false,,,,,"",,,,,,,,,,,,,,,,,,,,,,https://cdn.shopify.com/s/files/1/1020/9912/4593/files/A6E88067-A7E6-483F-87EB-A4D2DE939B7F.jpg?v=1781850375,kg,,,
viral-fendi-silk-anarkali-set,,,,,,,,,Sky blue,,,M,,,,,,0.0,shopify,100,deny,manual,1699.00,2500.00,true,false,,,,,"",,,,,,,,,,,,,,,,,,,,,,https://cdn.shopify.com/s/files/1/1020/9912/4593/files/A6E88067-A7E6-483F-87EB-A4D2DE939B7F.jpg?v=1781850375,kg,,,
viral-fendi-silk-anarkali-set,,,,,,,,,Sky blue,,,L,,,,,,0.0,shopify,100,deny,manual,1699.00,2500.00,true,false,,,,,"",,,,,,,,,,,,,,,,,,,,,,https://cdn.shopify.com/s/files/1/1020/9912/4593/files/A6E88067-A7E6-483F-87EB-A4D2DE939B7F.jpg?v=1781850375,kg,,,
viral-fendi-silk-anarkali-set,,,,,,,,,Sky blue,,,Xl,,,,,,0.0,shopify,100,deny,manual,1699.00,2500.00,true,false,,,,,"",,,,,,,,,,,,,,,,,,,,,,https://cdn.shopify.com/s/files/1/1020/9912/4593/files/A6E88067-A7E6-483F-87EB-A4D2DE939B7F.jpg?v=1781850375,kg,,,
viral-real-mirror-bustier-set,Viral Real Mirror Bustier Set,<p><strong>TOP DETAILS</strong><span><br> </span><span>▪️Top Fabric : Fendy Silk</span><span><br> </span><span>▪️Top Work : Real Mirror Work with Lace Border</span><span><br> </span><span>▪️Top Length : 38 Inches</span><span><br> </span><span>▪️Top Size : M(38) L(40) XL(42) And XXL(44) Fully Stitched Ready To Wear</span><span><br> </span><span>▪️Top Inner : Heavy Micro Cotton</span><span><br> </span><span>▪️Top Sleeves : Full Sleeves</span><span><br> </span><strong>PLAZZO DETAILS</strong><span><br> </span><span>▪️Plazzo Fabric : Fendy Silk</span><span><br> </span><span>▪️Plazzo Height : 40-41 Inches</span><span><br> </span><span>▪️Plazzo Size : Free Size Fully Stitched</span><span><br> </span><strong>DUPATTA DETAILS</strong><span><br> </span><span>▪️Dupatta Fabric : Fendy Silk</span><span><br> </span><span>▪️Dupatta Work : Mirror Work</span></p>,Anjuclothing ,Apparel & Accessories > Clothing > Outfit Sets,"","",true,Color,white,product.metafields.shopify.color-pattern,Size,m,product.metafields.shopify.size,,,,,0.0,shopify,98,deny,manual,1799.00,2500.00,true,false,,,,,"",https://cdn.shopify.com/s/files/1/1020/9912/4593/files/766AC12E-7FA6-40F0-8AA3-C005D8E7FA94.jpg?v=1781839613,1,"",false,,,,,,white; pink; dark-purple; skyblue; orange; mahroon; yellow; teal,,,,,,,m; l; xl; 2xl,,,,,https://cdn.shopify.com/s/files/1/1020/9912/4593/files/766AC12E-7FA6-40F0-8AA3-C005D8E7FA94.jpg?v=1781839613,kg,,,active
viral-real-mirror-bustier-set,,,,,,,,,pink,,,m,,,,,,0.0,shopify,100,deny,manual,1799.00,2500.00,true,false,,,,,"",https://cdn.shopify.com/s/files/1/1020/9912/4593/files/384C3E59-6124-4CD6-9A08-49C23394BAF1.jpg?v=1781839613,2,"",,,,,,,,,,,,,,,,,,,https://cdn.shopify.com/s/files/1/1020/9912/4593/files/A7F7414C-9547-4399-AC8D-6747A4B789BA.jpg?v=1781839613,kg,,,
viral-real-mirror-bustier-set,,,,,,,,,dark-purple,,,m,,,,,,0.0,shopify,99,deny,manual,1799.00,2500.00,true,false,,,,,"",https://cdn.shopify.com/s/files/1/1020/9912/4593/files/FBB12292-E2EA-465B-9230-78426DDAAC27.jpg?v=1781839612,3,"",,,,,,,,,,,,,,,,,,,https://cdn.shopify.com/s/files/1/1020/9912/4593/files/3B62049F-89E4-44A9-B2BC-C566FA2C8EB6.jpg?v=1781839612,kg,,,
viral-real-mirror-bustier-set,,,,,,,,,skyblue,,,m,,,,,,0.0,shopify,100,deny,manual,1799.00,2500.00,true,false,,,,,"",https://cdn.shopify.com/s/files/1/1020/9912/4593/files/DB81BF42-FE53-4070-B76B-CD764EF30144.jpg?v=1781839612,4,"",,,,,,,,,,,,,,,,,,,https://cdn.shopify.com/s/files/1/1020/9912/4593/files/D9936444-2433-403F-B701-D1EDCC136F73.jpg?v=1781839613,kg,,,
viral-real-mirror-bustier-set,,,,,,,,,orange,,,m,,,,,,0.0,shopify,99,deny,manual,1799.00,2500.00,true,false,,,,,"",https://cdn.shopify.com/s/files/1/1020/9912/4593/files/C6D0D23D-9278-445E-B900-3EA7E52D9749.jpg?v=1781839612,5,"",,,,,,,,,,,,,,,,,,,https://cdn.shopify.com/s/files/1/1020/9912/4593/files/4BF0E88E-D2FB-4FD5-9F72-02125938B4D9.jpg?v=1781839613,kg,,,
viral-real-mirror-bustier-set,,,,,,,,,mahroon,,,m,,,,,,0.0,shopify,100,deny,manual,1799.00,2500.00,true,false,,,,,"",https://cdn.shopify.com/s/files/1/1020/9912/4593/files/E26D129D-845B-497E-9368-4380C9DC4DA2.jpg?v=1781839612,6,"",,,,,,,,,,,,,,,,,,,https://cdn.shopify.com/s/files/1/1020/9912/4593/files/B97CBB80-BD54-458F-9E18-E690FEEC44D6.jpg?v=1781839613,kg,,,
viral-real-mirror-bustier-set,,,,,,,,,yellow,,,m,,,,,,0.0,shopify,100,deny,manual,1799.00,2500.00,true,false,,,,,"",https://cdn.shopify.com/s/files/1/1020/9912/4593/files/28F487D2-4094-4216-A234-723678B3B606.jpg?v=1781839612,7,"",,,,,,,,,,,,,,,,,,,https://cdn.shopify.com/s/files/1/1020/9912/4593/files/1A089A02-919E-4C57-B691-DC49DD1C26F3.jpg?v=1781843300,kg,,,
viral-real-mirror-bustier-set,,,,,,,,,teal,,,m,,,,,,0.0,shopify,99,deny,manual,1799.00,2500.00,true,false,,,,,"",https://cdn.shopify.com/s/files/1/1020/9912/4593/files/4BF0E88E-D2FB-4FD5-9F72-02125938B4D9.jpg?v=1781839613,8,"",,,,,,,,,,,,,,,,,,,https://cdn.shopify.com/s/files/1/1020/9912/4593/files/48759939-51C2-4B2D-B0C7-A25287CD3217.jpg?v=1781843300,kg,,,
viral-real-mirror-bustier-set,,,,,,,,,white,,,l,,,,,,0.0,shopify,99,deny,manual,1799.00,2500.00,true,false,,,,,"",https://cdn.shopify.com/s/files/1/1020/9912/4593/files/A7F7414C-9547-4399-AC8D-6747A4B789BA.jpg?v=1781839613,9,"",,,,,,,,,,,,,,,,,,,https://cdn.shopify.com/s/files/1/1020/9912/4593/files/766AC12E-7FA6-40F0-8AA3-C005D8E7FA94.jpg?v=1781839613,kg,,,
viral-real-mirror-bustier-set,,,,,,,,,white,,,xl,,,,,,0.0,shopify,99,deny,manual,1799.00,2500.00,true,false,,,,,"",https://cdn.shopify.com/s/files/1/1020/9912/4593/files/B39EFD6F-B43E-4E84-B75B-08F2D634CB92.jpg?v=1781839613,10,"",,,,,,,,,,,,,,,,,,,https://cdn.shopify.com/s/files/1/1020/9912/4593/files/766AC12E-7FA6-40F0-8AA3-C005D8E7FA94.jpg?v=1781839613,kg,,,
viral-real-mirror-bustier-set,,,,,,,,,white,,,2xl,,,,,,0.0,shopify,100,deny,manual,1799.00,2500.00,true,false,,,,,"",https://cdn.shopify.com/s/files/1/1020/9912/4593/files/E24F01B5-FD92-4D60-AF36-2D76613162E1.jpg?v=1781839613,11,"",,,,,,,,,,,,,,,,,,,https://cdn.shopify.com/s/files/1/1020/9912/4593/files/766AC12E-7FA6-40F0-8AA3-C005D8E7FA94.jpg?v=1781839613,kg,,,
viral-real-mirror-bustier-set,,,,,,,,,pink,,,l,,,,,,0.0,shopify,99,deny,manual,1799.00,2500.00,true,false,,,,,"",https://cdn.shopify.com/s/files/1/1020/9912/4593/files/3B62049F-89E4-44A9-B2BC-C566FA2C8EB6.jpg?v=1781839612,12,"",,,,,,,,,,,,,,,,,,,https://cdn.shopify.com/s/files/1/1020/9912/4593/files/A7F7414C-9547-4399-AC8D-6747A4B789BA.jpg?v=1781839613,kg,,,
viral-real-mirror-bustier-set,,,,,,,,,pink,,,xl,,,,,,0.0,shopify,100,deny,manual,1799.00,2500.00,true,false,,,,,"",https://cdn.shopify.com/s/files/1/1020/9912/4593/files/1170BB87-5C9A-4E53-993B-56AE0B6DB1EE.jpg?v=1781839613,13,"",,,,,,,,,,,,,,,,,,,https://cdn.shopify.com/s/files/1/1020/9912/4593/files/A7F7414C-9547-4399-AC8D-6747A4B789BA.jpg?v=1781839613,kg,,,
viral-real-mirror-bustier-set,,,,,,,,,pink,,,2xl,,,,,,0.0,shopify,100,deny,manual,1799.00,2500.00,true,false,,,,,"",https://cdn.shopify.com/s/files/1/1020/9912/4593/files/31DED465-02BF-44BF-8C10-09051399B367.jpg?v=1781839613,14,"",,,,,,,,,,,,,,,,,,,https://cdn.shopify.com/s/files/1/1020/9912/4593/files/A7F7414C-9547-4399-AC8D-6747A4B789BA.jpg?v=1781839613,kg,,,
viral-real-mirror-bustier-set,,,,,,,,,dark-purple,,,l,,,,,,0.0,shopify,100,deny,manual,1799.00,2500.00,true,false,,,,,"",https://cdn.shopify.com/s/files/1/1020/9912/4593/files/C3669820-0030-4C2E-9E05-98FE4CEC2F2F.jpg?v=1781839613,15,"",,,,,,,,,,,,,,,,,,,https://cdn.shopify.com/s/files/1/1020/9912/4593/files/3B62049F-89E4-44A9-B2BC-C566FA2C8EB6.jpg?v=1781839612,kg,,,
viral-real-mirror-bustier-set,,,,,,,,,dark-purple,,,xl,,,,,,0.0,shopify,100,deny,manual,1799.00,2500.00,true,false,,,,,"",https://cdn.shopify.com/s/files/1/1020/9912/4593/files/B97CBB80-BD54-458F-9E18-E690FEEC44D6.jpg?v=1781839613,16,"",,,,,,,,,,,,,,,,,,,https://cdn.shopify.com/s/files/1/1020/9912/4593/files/3B62049F-89E4-44A9-B2BC-C566FA2C8EB6.jpg?v=1781839612,kg,,,
viral-real-mirror-bustier-set,,,,,,,,,dark-purple,,,2xl,,,,,,0.0,shopify,100,deny,manual,1799.00,2500.00,true,false,,,,,"",https://cdn.shopify.com/s/files/1/1020/9912/4593/files/BB763374-C636-4054-99FF-7F453BA42D52.jpg?v=1781839613,17,"",,,,,,,,,,,,,,,,,,,https://cdn.shopify.com/s/files/1/1020/9912/4593/files/3B62049F-89E4-44A9-B2BC-C566FA2C8EB6.jpg?v=1781839612,kg,,,
viral-real-mirror-bustier-set,,,,,,,,,skyblue,,,l,,,,,,0.0,shopify,100,deny,manual,1799.00,2500.00,true,false,,,,,"",https://cdn.shopify.com/s/files/1/1020/9912/4593/files/D9936444-2433-403F-B701-D1EDCC136F73.jpg?v=1781839613,18,"",,,,,,,,,,,,,,,,,,,https://cdn.shopify.com/s/files/1/1020/9912/4593/files/D9936444-2433-403F-B701-D1EDCC136F73.jpg?v=1781839613,kg,,,
viral-real-mirror-bustier-set,,,,,,,,,skyblue,,,xl,,,,,,0.0,shopify,100,deny,manual,1799.00,2500.00,true,false,,,,,"",https://cdn.shopify.com/s/files/1/1020/9912/4593/files/1A089A02-919E-4C57-B691-DC49DD1C26F3.jpg?v=1781843300,19,"",,,,,,,,,,,,,,,,,,,https://cdn.shopify.com/s/files/1/1020/9912/4593/files/D9936444-2433-403F-B701-D1EDCC136F73.jpg?v=1781839613,kg,,,
viral-real-mirror-bustier-set,,,,,,,,,skyblue,,,2xl,,,,,,0.0,shopify,100,deny,manual,1799.00,2500.00,true,false,,,,,"",https://cdn.shopify.com/s/files/1/1020/9912/4593/files/BBC5AFFE-9405-4DE2-8CB0-95C3C51F51AF.jpg?v=1781843300,20,"",,,,,,,,,,,,,,,,,,,https://cdn.shopify.com/s/files/1/1020/9912/4593/files/D9936444-2433-403F-B701-D1EDCC136F73.jpg?v=1781839613,kg,,,
viral-real-mirror-bustier-set,,,,,,,,,orange,,,l,,,,,,0.0,shopify,100,deny,manual,1799.00,2500.00,true,false,,,,,"",https://cdn.shopify.com/s/files/1/1020/9912/4593/files/48759939-51C2-4B2D-B0C7-A25287CD3217.jpg?v=1781843300,21,"",,,,,,,,,,,,,,,,,,,https://cdn.shopify.com/s/files/1/1020/9912/4593/files/4BF0E88E-D2FB-4FD5-9F72-02125938B4D9.jpg?v=1781839613,kg,,,
viral-real-mirror-bustier-set,,,,,,,,,orange,,,xl,,,,,,0.0,shopify,99,deny,manual,1799.00,2500.00,true,false,,,,,"",,,,,,,,,,,,,,,,,,,,,,https://cdn.shopify.com/s/files/1/1020/9912/4593/files/4BF0E88E-D2FB-4FD5-9F72-02125938B4D9.jpg?v=1781839613,kg,,,
viral-real-mirror-bustier-set,,,,,,,,,orange,,,2xl,,,,,,0.0,shopify,100,deny,manual,1799.00,2500.00,true,false,,,,,"",,,,,,,,,,,,,,,,,,,,,,https://cdn.shopify.com/s/files/1/1020/9912/4593/files/4BF0E88E-D2FB-4FD5-9F72-02125938B4D9.jpg?v=1781839613,kg,,,
viral-real-mirror-bustier-set,,,,,,,,,mahroon,,,l,,,,,,0.0,shopify,100,deny,manual,1799.00,2500.00,true,false,,,,,"",,,,,,,,,,,,,,,,,,,,,,https://cdn.shopify.com/s/files/1/1020/9912/4593/files/B97CBB80-BD54-458F-9E18-E690FEEC44D6.jpg?v=1781839613,kg,,,
viral-real-mirror-bustier-set,,,,,,,,,mahroon,,,xl,,,,,,0.0,shopify,100,deny,manual,1799.00,2500.00,true,false,,,,,"",,,,,,,,,,,,,,,,,,,,,,https://cdn.shopify.com/s/files/1/1020/9912/4593/files/B97CBB80-BD54-458F-9E18-E690FEEC44D6.jpg?v=1781839613,kg,,,
viral-real-mirror-bustier-set,,,,,,,,,mahroon,,,2xl,,,,,,0.0,shopify,100,deny,manual,1799.00,2500.00,true,false,,,,,"",,,,,,,,,,,,,,,,,,,,,,https://cdn.shopify.com/s/files/1/1020/9912/4593/files/B97CBB80-BD54-458F-9E18-E690FEEC44D6.jpg?v=1781839613,kg,,,
viral-real-mirror-bustier-set,,,,,,,,,yellow,,,l,,,,,,0.0,shopify,100,deny,manual,1799.00,2500.00,true,false,,,,,"",,,,,,,,,,,,,,,,,,,,,,https://cdn.shopify.com/s/files/1/1020/9912/4593/files/1A089A02-919E-4C57-B691-DC49DD1C26F3.jpg?v=1781843300,kg,,,
viral-real-mirror-bustier-set,,,,,,,,,yellow,,,xl,,,,,,0.0,shopify,100,deny,manual,1799.00,2500.00,true,false,,,,,"",,,,,,,,,,,,,,,,,,,,,,https://cdn.shopify.com/s/files/1/1020/9912/4593/files/1A089A02-919E-4C57-B691-DC49DD1C26F3.jpg?v=1781843300,kg,,,
viral-real-mirror-bustier-set,,,,,,,,,yellow,,,2xl,,,,,,0.0,shopify,100,deny,manual,1799.00,2500.00,true,false,,,,,"",,,,,,,,,,,,,,,,,,,,,,https://cdn.shopify.com/s/files/1/1020/9912/4593/files/1A089A02-919E-4C57-B691-DC49DD1C26F3.jpg?v=1781843300,kg,,,
viral-real-mirror-bustier-set,,,,,,,,,teal,,,l,,,,,,0.0,shopify,100,deny,manual,1799.00,2500.00,true,false,,,,,"",,,,,,,,,,,,,,,,,,,,,,https://cdn.shopify.com/s/files/1/1020/9912/4593/files/48759939-51C2-4B2D-B0C7-A25287CD3217.jpg?v=1781843300,kg,,,
viral-real-mirror-bustier-set,,,,,,,,,teal,,,xl,,,,,,0.0,shopify,100,deny,manual,1799.00,2500.00,true,false,,,,,"",,,,,,,,,,,,,,,,,,,,,,https://cdn.shopify.com/s/files/1/1020/9912/4593/files/48759939-51C2-4B2D-B0C7-A25287CD3217.jpg?v=1781843300,kg,,,
viral-real-mirror-bustier-set,,,,,,,,,teal,,,2xl,,,,,,0.0,shopify,100,deny,manual,1799.00,2500.00,true,false,,,,,"",,,,,,,,,,,,,,,,,,,,,,https://cdn.shopify.com/s/files/1/1020/9912/4593/files/48759939-51C2-4B2D-B0C7-A25287CD3217.jpg?v=1781843300,kg,,,
pure-roman-silk-chanderi-anarkali-set,Pure Roman Silk Chanderi Anarkali Set,"<p><span>ANARKALI DETAILS</span></p>
<p><span>• Fabric : Pure Roman Silk Chanderi</span><span><br> </span><span>• Work : 16 Kali Work with Padded &amp; Side Zipper</span><span><br> </span><span>• Flair : 5.5 Meters</span><span><br> </span><span>• Length : 55 Inches</span><span><br> </span><span>• Size : XS (34), S (36), M (38), L (40), XL (42), XXL (44) | Fully Stitched Ready to Wear</span></p>
<p><span>PANT DETAILS</span></p>
<p><span>• Fabric : Pure Roman Silk Chanderi</span><span><br> </span><span>• Size : Free Size | Fully Stitched</span></p>
<p><span>DUPATTA DETAILS</span></p>
<p><span>• Fabric : Soft Fox Georgette</span><span><br> </span><span>• Work : Embroidery Sequence Work with Cutwork Border</span><span><br> </span><span>• Length : 2.2 Meters</span></p>",Anjuclothing ,Apparel & Accessories > Clothing > Traditional & Ceremonial Clothing,"","",true,Color,white,product.metafields.shopify.color-pattern,Size,xs,product.metafields.shopify.size,,,,,0.0,shopify,100,deny,manual,1799.00,2800.00,true,false,,,,,"",https://cdn.shopify.com/s/files/1/1020/9912/4593/files/8DFD2BF4-FAA2-462A-A50F-414C3F8980C2.png?v=1789224741,1,"",false,,,,,adults,white; purple; red; mustard; dark-purple,,,silk,round,,,xs; s; m; l; xl; 2xl,,long,female,,,kg,,,active
pure-roman-silk-chanderi-anarkali-set,,,,,,,,,purple,,,xs,,,,,,0.0,shopify,100,deny,manual,1799.00,2800.00,true,false,,,,,"",https://cdn.shopify.com/s/files/1/1020/9912/4593/files/30CD549D-C399-4BA5-A00A-E7DE33698A6E.jpg?v=1781801729,2,"",,,,,,,,,,,,,,,,,,,,kg,,,
pure-roman-silk-chanderi-anarkali-set,,,,,,,,,red,,,xs,,,,,,0.0,shopify,99,deny,manual,1799.00,2800.00,true,false,,,,,"",https://cdn.shopify.com/s/files/1/1020/9912/4593/files/32148353-5D4A-4593-A2FB-6F60623E837A.jpg?v=1785671734,3,"",,,,,,,,,,,,,,,,,,,,kg,,,
pure-roman-silk-chanderi-anarkali-set,,,,,,,,,mustard,,,xs,,,,,,0.0,shopify,100,deny,manual,1799.00,2800.00,true,false,,,,,"",https://cdn.shopify.com/s/files/1/1020/9912/4593/files/7A05BACA-CB6D-46F3-B57D-A136731515C5.jpg?v=1785671734,4,"",,,,,,,,,,,,,,,,,,,,kg,,,
pure-roman-silk-chanderi-anarkali-set,,,,,,,,,dark-purple,,,xs,,,,,,0.0,shopify,100,deny,manual,1799.00,2800.00,true,false,,,,,"",https://cdn.shopify.com/s/files/1/1020/9912/4593/files/5FC8C259-A193-435E-8729-ED2A930EA757.jpg?v=1781801729,5,"",,,,,,,,,,,,,,,,,,,,kg,,,
pure-roman-silk-chanderi-anarkali-set,,,,,,,,,white,,,s,,,,,,0.0,shopify,100,deny,manual,1799.00,2800.00,true,false,,,,,"",https://cdn.shopify.com/s/files/1/1020/9912/4593/files/17A2D35D-CBD6-45EA-A90F-9422F7F00BC1.jpg?v=1785671734,6,"",,,,,,,,,,,,,,,,,,,,kg,,,
pure-roman-silk-chanderi-anarkali-set,,,,,,,,,white,,,m,,,,,,0.0,shopify,100,deny,manual,1799.00,2800.00,true,false,,,,,"",https://cdn.shopify.com/s/files/1/1020/9912/4593/files/FA850C14-2A12-4038-95ED-D81407040915.jpg?v=1781801729,7,"",,,,,,,,,,,,,,,,,,,,kg,,,
pure-roman-silk-chanderi-anarkali-set,,,,,,,,,white,,,l,,,,,,0.0,shopify,100,deny,manual,1799.00,2800.00,true,false,,,,,"",https://cdn.shopify.com/s/files/1/1020/9912/4593/files/A0B0081F-B3E3-4FAE-A421-1527BE0D1465.jpg?v=1785671734,8,"",,,,,,,,,,,,,,,,,,,,kg,,,
pure-roman-silk-chanderi-anarkali-set,,,,,,,,,white,,,xl,,,,,,0.0,shopify,100,deny,manual,1799.00,2800.00,true,false,,,,,"",https://cdn.shopify.com/s/files/1/1020/9912/4593/files/4D16AF8C-6ADA-46BD-BB02-EB85DFD865FD.jpg?v=1785671734,9,"",,,,,,,,,,,,,,,,,,,,kg,,,
pure-roman-silk-chanderi-anarkali-set,,,,,,,,,white,,,2xl,,,,,,0.0,shopify,100,deny,manual,1799.00,2800.00,true,false,,,,,"",https://cdn.shopify.com/s/files/1/1020/9912/4593/files/3498C299-6F3B-421E-9FBA-76D61AEA4091.jpg?v=1781801729,10,"",,,,,,,,,,,,,,,,,,,,kg,,,
pure-roman-silk-chanderi-anarkali-set,,,,,,,,,purple,,,s,,,,,,0.0,shopify,100,deny,manual,1799.00,2800.00,true,false,,,,,"",https://cdn.shopify.com/s/files/1/1020/9912/4593/files/F7415441-C01D-4F56-B921-4425F3513D4A.jpg?v=1785671734,11,"",,,,,,,,,,,,,,,,,,,,kg,,,
pure-roman-silk-chanderi-anarkali-set,,,,,,,,,purple,,,m,,,,,,0.0,shopify,100,deny,manual,1799.00,2800.00,true,false,,,,,"",https://cdn.shopify.com/s/files/1/1020/9912/4593/files/35D6B775-DE6C-4F3F-910E-D8B61E13AA1D.jpg?v=1785671733,12,"",,,,,,,,,,,,,,,,,,,,kg,,,
pure-roman-silk-chanderi-anarkali-set,,,,,,,,,purple,,,l,,,,,,0.0,shopify,100,deny,manual,1799.00,2800.00,true,false,,,,,"",https://cdn.shopify.com/s/files/1/1020/9912/4593/files/E3CE22CD-B871-431D-AD52-2F4E3B7F31E5.jpg?v=1781801729,13,"",,,,,,,,,,,,,,,,,,,,kg,,,
pure-roman-silk-chanderi-anarkali-set,,,,,,,,,purple,,,xl,,,,,,0.0,shopify,100,deny,manual,1799.00,2800.00,true,false,,,,,"",https://cdn.shopify.com/s/files/1/1020/9912/4593/files/3947A5C0-A54B-46A4-9DE7-CEADAB8D687D.jpg?v=1785671733,14,"",,,,,,,,,,,,,,,,,,,,kg,,,
pure-roman-silk-chanderi-anarkali-set,,,,,,,,,purple,,,2xl,,,,,,0.0,shopify,100,deny,manual,1799.00,2800.00,true,false,,,,,"",,,,,,,,,,,,,,,,,,,,,,,kg,,,
pure-roman-silk-chanderi-anarkali-set,,,,,,,,,red,,,s,,,,,,0.0,shopify,100,deny,manual,1799.00,2800.00,true,false,,,,,"",,,,,,,,,,,,,,,,,,,,,,,kg,,,
pure-roman-silk-chanderi-anarkali-set,,,,,,,,,red,,,m,,,,,,0.0,shopify,100,deny,manual,1799.00,2800.00,true,false,,,,,"",,,,,,,,,,,,,,,,,,,,,,,kg,,,
pure-roman-silk-chanderi-anarkali-set,,,,,,,,,red,,,l,,,,,,0.0,shopify,100,deny,manual,1799.00,2800.00,true,false,,,,,"",,,,,,,,,,,,,,,,,,,,,,,kg,,,
pure-roman-silk-chanderi-anarkali-set,,,,,,,,,red,,,xl,,,,,,0.0,shopify,100,deny,manual,1799.00,2800.00,true,false,,,,,"",,,,,,,,,,,,,,,,,,,,,,,kg,,,
pure-roman-silk-chanderi-anarkali-set,,,,,,,,,red,,,2xl,,,,,,0.0,shopify,100,deny,manual,1799.00,2800.00,true,false,,,,,"",,,,,,,,,,,,,,,,,,,,,,,kg,,,
pure-roman-silk-chanderi-anarkali-set,,,,,,,,,mustard,,,s,,,,,,0.0,shopify,100,deny,manual,1799.00,2800.00,true,false,,,,,"",,,,,,,,,,,,,,,,,,,,,,,kg,,,
pure-roman-silk-chanderi-anarkali-set,,,,,,,,,mustard,,,m,,,,,,0.0,shopify,100,deny,manual,1799.00,2800.00,true,false,,,,,"",,,,,,,,,,,,,,,,,,,,,,,kg,,,
pure-roman-silk-chanderi-anarkali-set,,,,,,,,,mustard,,,l,,,,,,0.0,shopify,100,deny,manual,1799.00,2800.00,true,false,,,,,"",,,,,,,,,,,,,,,,,,,,,,,kg,,,
pure-roman-silk-chanderi-anarkali-set,,,,,,,,,mustard,,,xl,,,,,,0.0,shopify,100,deny,manual,1799.00,2800.00,true,false,,,,,"",,,,,,,,,,,,,,,,,,,,,,,kg,,,
pure-roman-silk-chanderi-anarkali-set,,,,,,,,,mustard,,,2xl,,,,,,0.0,shopify,100,deny,manual,1799.00,2800.00,true,false,,,,,"",,,,,,,,,,,,,,,,,,,,,,,kg,,,
pure-roman-silk-chanderi-anarkali-set,,,,,,,,,dark-purple,,,s,,,,,,0.0,shopify,100,deny,manual,1799.00,2800.00,true,false,,,,,"",,,,,,,,,,,,,,,,,,,,,,,kg,,,
pure-roman-silk-chanderi-anarkali-set,,,,,,,,,dark-purple,,,m,,,,,,0.0,shopify,100,deny,manual,1799.00,2800.00,true,false,,,,,"",,,,,,,,,,,,,,,,,,,,,,,kg,,,
pure-roman-silk-chanderi-anarkali-set,,,,,,,,,dark-purple,,,l,,,,,,0.0,shopify,100,deny,manual,1799.00,2800.00,true,false,,,,,"",,,,,,,,,,,,,,,,,,,,,,,kg,,,
pure-roman-silk-chanderi-anarkali-set,,,,,,,,,dark-purple,,,xl,,,,,,0.0,shopify,100,deny,manual,1799.00,2800.00,true,false,,,,,"",,,,,,,,,,,,,,,,,,,,,,,kg,,,
pure-roman-silk-chanderi-anarkali-set,,,,,,,,,dark-purple,,,2xl,,,,,,0.0,shopify,100,deny,manual,1799.00,2800.00,true,false,,,,,"",,,,,,,,,,,,,,,,,,,,,,,kg,,,
premium-chinon-4-piece-sharara-suit-set-with-mirror,Premium Chinon 4 Piece Sharara Suit Set With Mirror,"<p><span>KURTA DETAILS</span></p>
<p><span>• Fabric : Soft Chinon</span><span><br> </span><span>• Work : Original Mirror, Diamond &amp; Real Moti Work on Neck, Sleeves &amp; Daman</span><span><br> </span><span>• Inner : Soft Crepe Inner</span><span><br> </span><span>• Length : 30-32 Inches</span><span><br> </span><span>• Size : S (36), M (38), L (40), XL (42), XXL (44) | Fully Stitched Ready to Wear</span></p>
<p><span>BLOUSE DETAILS</span></p>
<p><span>• Fabric : Soft Chinon</span><span><br> </span><span>• Work : Full Real Mirror Work</span><span><br> </span><span>• Inner : Soft Crepe Inner</span><span><br> </span><span>• Size : S (36), M (38), L (40), XL (42), XXL (44) | Fully Stitched Ready to Wear</span></p>
<p><span>SHARARA DETAILS</span></p>
<p><span>• Fabric : Soft Chinon</span><span><br> </span><span>• Pattern : Full Flaired Sharara</span><span><br> </span><span>• Inner : Soft Crepe Inner</span><span><br> </span><span>• Length : 39-40 Inches</span><span><br> </span><span>• Size : Fully Stitched Ready to Wear</span></p>
<p><span>DUPATTA DETAILS</span></p>
<p><span>• Fabric : Soft Chinon</span><span><br> </span><span>• Work : Real Mirror, Diamond &amp; Moti Work</span><span><br> </span><span>• Style : Belt Style Dupatta</span><span><br> </span><span>• Length : Approx. 2 Meters</span></p>",Anjuclothing ,,"","",true,Colour,Ivory,,Size,S,,,,,,0.0,shopify,100,deny,manual,1799.00,3500.00,true,false,,,,,"",https://cdn.shopify.com/s/files/1/1020/9912/4593/files/IMG-2517.png?v=1789224910,1,"",false,,,,,,,,,,,,,,,,,,,kg,,,active
premium-chinon-4-piece-sharara-suit-set-with-mirror,,,,,,,,,Baby pink,,,S,,,,,,0.0,shopify,100,deny,manual,1799.00,3500.00,true,false,,,,,"",https://cdn.shopify.com/s/files/1/1020/9912/4593/files/5FB24317-D5A0-46D5-8E0D-9D7D045D2A54.jpg?v=1781793252,2,"",,,,,,,,,,,,,,,,,,,https://cdn.shopify.com/s/files/1/1020/9912/4593/files/9D8ECAB4-36E5-4A35-914A-75CEA1E5BFD1.jpg?v=1781793253,kg,,,
premium-chinon-4-piece-sharara-suit-set-with-mirror,,,,,,,,,Hot pink,,,S,,,,,,0.0,shopify,100,deny,manual,1799.00,3500.00,true,false,,,,,"",https://cdn.shopify.com/s/files/1/1020/9912/4593/files/D8C46EFC-2167-4008-A461-0FD5E5FC953A.jpg?v=1781793253,3,"",,,,,,,,,,,,,,,,,,,https://cdn.shopify.com/s/files/1/1020/9912/4593/files/D8C46EFC-2167-4008-A461-0FD5E5FC953A.jpg?v=1781793253,kg,,,
premium-chinon-4-piece-sharara-suit-set-with-mirror,,,,,,,,,Chocolate,,,S,,,,,,0.0,shopify,100,deny,manual,1799.00,3500.00,true,false,,,,,"",https://cdn.shopify.com/s/files/1/1020/9912/4593/files/E73C82DE-06B1-4C49-BA9F-08B878338A52.jpg?v=1781793252,4,"",,,,,,,,,,,,,,,,,,,https://cdn.shopify.com/s/files/1/1020/9912/4593/files/E73C82DE-06B1-4C49-BA9F-08B878338A52.jpg?v=1781793252,kg,,,
premium-chinon-4-piece-sharara-suit-set-with-mirror,,,,,,,,,Ivory,,,M,,,,,,0.0,shopify,100,deny,manual,1799.00,3500.00,true,false,,,,,"",https://cdn.shopify.com/s/files/1/1020/9912/4593/files/1E5E712F-439D-4DB8-BE89-05D58C18DD22.jpg?v=1781793253,5,"",,,,,,,,,,,,,,,,,,,,kg,,,
premium-chinon-4-piece-sharara-suit-set-with-mirror,,,,,,,,,Ivory,,,L,,,,,,0.0,shopify,100,deny,manual,1799.00,3500.00,true,false,,,,,"",https://cdn.shopify.com/s/files/1/1020/9912/4593/files/9D8ECAB4-36E5-4A35-914A-75CEA1E5BFD1.jpg?v=1781793253,6,"",,,,,,,,,,,,,,,,,,,,kg,,,
premium-chinon-4-piece-sharara-suit-set-with-mirror,,,,,,,,,Ivory,,,Xl,,,,,,0.0,shopify,100,deny,manual,1799.00,3500.00,true,false,,,,,"",https://cdn.shopify.com/s/files/1/1020/9912/4593/files/EE0F5FA5-7E63-4E31-8658-B1C91D4B348F.jpg?v=1781793253,7,"",,,,,,,,,,,,,,,,,,,,kg,,,
premium-chinon-4-piece-sharara-suit-set-with-mirror,,,,,,,,,Ivory,,,2xl,,,,,,0.0,shopify,100,deny,manual,1799.00,3500.00,true,false,,,,,"",https://cdn.shopify.com/s/files/1/1020/9912/4593/files/7E6E82DC-97D4-4012-A764-1DC977CFEB90.jpg?v=1781793253,8,"",,,,,,,,,,,,,,,,,,,,kg,,,
premium-chinon-4-piece-sharara-suit-set-with-mirror,,,,,,,,,Baby pink,,,M,,,,,,0.0,shopify,100,deny,manual,1799.00,3500.00,true,false,,,,,"",https://cdn.shopify.com/s/files/1/1020/9912/4593/files/A2D7B289-3925-41AF-8F21-97511B126F99.jpg?v=1781793253,9,"",,,,,,,,,,,,,,,,,,,https://cdn.shopify.com/s/files/1/1020/9912/4593/files/9D8ECAB4-36E5-4A35-914A-75CEA1E5BFD1.jpg?v=1781793253,kg,,,
premium-chinon-4-piece-sharara-suit-set-with-mirror,,,,,,,,,Baby pink,,,L,,,,,,0.0,shopify,100,deny,manual,1799.00,3500.00,true,false,,,,,"",https://cdn.shopify.com/s/files/1/1020/9912/4593/files/59B59826-562B-42B6-8A91-859C0F6DDC1E.jpg?v=1781854485,10,"",,,,,,,,,,,,,,,,,,,https://cdn.shopify.com/s/files/1/1020/9912/4593/files/9D8ECAB4-36E5-4A35-914A-75CEA1E5BFD1.jpg?v=1781793253,kg,,,
premium-chinon-4-piece-sharara-suit-set-with-mirror,,,,,,,,,Baby pink,,,Xl,,,,,,0.0,shopify,100,deny,manual,1799.00,3500.00,true,false,,,,,"",https://cdn.shopify.com/s/files/1/1020/9912/4593/files/E292F765-BB48-4AF8-B865-82EE0E2D62B1.jpg?v=1781854485,11,"",,,,,,,,,,,,,,,,,,,https://cdn.shopify.com/s/files/1/1020/9912/4593/files/9D8ECAB4-36E5-4A35-914A-75CEA1E5BFD1.jpg?v=1781793253,kg,,,
premium-chinon-4-piece-sharara-suit-set-with-mirror,,,,,,,,,Baby pink,,,2xl,,,,,,0.0,shopify,100,deny,manual,1799.00,3500.00,true,false,,,,,"",https://cdn.shopify.com/s/files/1/1020/9912/4593/files/FE1EA7C6-2BC0-48F3-946B-AA38D2355B66.jpg?v=1781854485,12,"",,,,,,,,,,,,,,,,,,,https://cdn.shopify.com/s/files/1/1020/9912/4593/files/9D8ECAB4-36E5-4A35-914A-75CEA1E5BFD1.jpg?v=1781793253,kg,,,
premium-chinon-4-piece-sharara-suit-set-with-mirror,,,,,,,,,Hot pink,,,M,,,,,,0.0,shopify,100,deny,manual,1799.00,3500.00,true,false,,,,,"",https://cdn.shopify.com/s/files/1/1020/9912/4593/files/3C8A8C08-FE16-42E8-9E2D-77FFB5CD510C.jpg?v=1781854485,13,"",,,,,,,,,,,,,,,,,,,https://cdn.shopify.com/s/files/1/1020/9912/4593/files/D8C46EFC-2167-4008-A461-0FD5E5FC953A.jpg?v=1781793253,kg,,,
premium-chinon-4-piece-sharara-suit-set-with-mirror,,,,,,,,,Hot pink,,,L,,,,,,0.0,shopify,100,deny,manual,1799.00,3500.00,true,false,,,,,"",https://cdn.shopify.com/s/files/1/1020/9912/4593/files/0B44AB7A-93D7-4266-A182-DE69FB9D9090.jpg?v=1781854485,14,"",,,,,,,,,,,,,,,,,,,https://cdn.shopify.com/s/files/1/1020/9912/4593/files/D8C46EFC-2167-4008-A461-0FD5E5FC953A.jpg?v=1781793253,kg,,,
premium-chinon-4-piece-sharara-suit-set-with-mirror,,,,,,,,,Hot pink,,,Xl,,,,,,0.0,shopify,100,deny,manual,1799.00,3500.00,true,false,,,,,"",https://cdn.shopify.com/s/files/1/1020/9912/4593/files/80051173-AD69-478A-BF24-3A5DC3EC02F0.jpg?v=1781854485,15,"",,,,,,,,,,,,,,,,,,,https://cdn.shopify.com/s/files/1/1020/9912/4593/files/D8C46EFC-2167-4008-A461-0FD5E5FC953A.jpg?v=1781793253,kg,,,
premium-chinon-4-piece-sharara-suit-set-with-mirror,,,,,,,,,Hot pink,,,2xl,,,,,,0.0,shopify,100,deny,manual,1799.00,3500.00,true,false,,,,,"",,,,,,,,,,,,,,,,,,,,,,https://cdn.shopify.com/s/files/1/1020/9912/4593/files/D8C46EFC-2167-4008-A461-0FD5E5FC953A.jpg?v=1781793253,kg,,,
premium-chinon-4-piece-sharara-suit-set-with-mirror,,,,,,,,,Chocolate,,,M,,,,,,0.0,shopify,99,deny,manual,1799.00,3500.00,true,false,,,,,"",,,,,,,,,,,,,,,,,,,,,,https://cdn.shopify.com/s/files/1/1020/9912/4593/files/E73C82DE-06B1-4C49-BA9F-08B878338A52.jpg?v=1781793252,kg,,,
premium-chinon-4-piece-sharara-suit-set-with-mirror,,,,,,,,,Chocolate,,,L,,,,,,0.0,shopify,100,deny,manual,1799.00,3500.00,true,false,,,,,"",,,,,,,,,,,,,,,,,,,,,,https://cdn.shopify.com/s/files/1/1020/9912/4593/files/E73C82DE-06B1-4C49-BA9F-08B878338A52.jpg?v=1781793252,kg,,,
premium-chinon-4-piece-sharara-suit-set-with-mirror,,,,,,,,,Chocolate,,,Xl,,,,,,0.0,shopify,100,deny,manual,1799.00,3500.00,true,false,,,,,"",,,,,,,,,,,,,,,,,,,,,,https://cdn.shopify.com/s/files/1/1020/9912/4593/files/E73C82DE-06B1-4C49-BA9F-08B878338A52.jpg?v=1781793252,kg,,,
premium-chinon-4-piece-sharara-suit-set-with-mirror,,,,,,,,,Chocolate,,,2xl,,,,,,0.0,shopify,100,deny,manual,1799.00,3500.00,true,false,,,,,"",,,,,,,,,,,,,,,,,,,,,,https://cdn.shopify.com/s/files/1/1020/9912/4593/files/E73C82DE-06B1-4C49-BA9F-08B878338A52.jpg?v=1781793252,kg,,,
premium-chinon-4-piece-sharara-suit-set-with-mirror,,,,,,,,,Mahroon,,,S,,,,,,0.0,shopify,100,deny,manual,1799.00,3500.00,true,false,,,,,"",,,,,,,,,,,,,,,,,,,,,,https://cdn.shopify.com/s/files/1/1020/9912/4593/files/D8C46EFC-2167-4008-A461-0FD5E5FC953A.jpg?v=1781793253,kg,,,
premium-chinon-4-piece-sharara-suit-set-with-mirror,,,,,,,,,Mahroon,,,M,,,,,,0.0,shopify,100,deny,manual,1799.00,3500.00,true,false,,,,,"",,,,,,,,,,,,,,,,,,,,,,https://cdn.shopify.com/s/files/1/1020/9912/4593/files/59B59826-562B-42B6-8A91-859C0F6DDC1E.jpg?v=1781854485,kg,,,
premium-chinon-4-piece-sharara-suit-set-with-mirror,,,,,,,,,Mahroon,,,L,,,,,,0.0,shopify,100,deny,manual,1799.00,3500.00,true,false,,,,,"",,,,,,,,,,,,,,,,,,,,,,https://cdn.shopify.com/s/files/1/1020/9912/4593/files/59B59826-562B-42B6-8A91-859C0F6DDC1E.jpg?v=1781854485,kg,,,
premium-chinon-4-piece-sharara-suit-set-with-mirror,,,,,,,,,Mahroon,,,Xl,,,,,,0.0,shopify,100,deny,manual,1799.00,3500.00,true,false,,,,,"",,,,,,,,,,,,,,,,,,,,,,https://cdn.shopify.com/s/files/1/1020/9912/4593/files/59B59826-562B-42B6-8A91-859C0F6DDC1E.jpg?v=1781854485,kg,,,
premium-chinon-4-piece-sharara-suit-set-with-mirror,,,,,,,,,Mahroon,,,2xl,,,,,,0.0,shopify,100,deny,manual,1799.00,3500.00,true,false,,,,,"",,,,,,,,,,,,,,,,,,,,,,https://cdn.shopify.com/s/files/1/1020/9912/4593/files/59B59826-562B-42B6-8A91-859C0F6DDC1E.jpg?v=1781854485,kg,,,
premium-chinon-4-piece-sharara-suit-set-with-mirror,,,,,,,,,Skyblue,,,S,,,,,,0.0,shopify,100,deny,manual,1799.00,3500.00,true,false,,,,,"",,,,,,,,,,,,,,,,,,,,,,https://cdn.shopify.com/s/files/1/1020/9912/4593/files/FE1EA7C6-2BC0-48F3-946B-AA38D2355B66.jpg?v=1781854485,kg,,,
premium-chinon-4-piece-sharara-suit-set-with-mirror,,,,,,,,,Skyblue,,,M,,,,,,0.0,shopify,100,deny,manual,1799.00,3500.00,true,false,,,,,"",,,,,,,,,,,,,,,,,,,,,,https://cdn.shopify.com/s/files/1/1020/9912/4593/files/FE1EA7C6-2BC0-48F3-946B-AA38D2355B66.jpg?v=1781854485,kg,,,
premium-chinon-4-piece-sharara-suit-set-with-mirror,,,,,,,,,Skyblue,,,L,,,,,,0.0,shopify,100,deny,manual,1799.00,3500.00,true,false,,,,,"",,,,,,,,,,,,,,,,,,,,,,https://cdn.shopify.com/s/files/1/1020/9912/4593/files/FE1EA7C6-2BC0-48F3-946B-AA38D2355B66.jpg?v=1781854485,kg,,,
premium-chinon-4-piece-sharara-suit-set-with-mirror,,,,,,,,,Skyblue,,,Xl,,,,,,0.0,shopify,100,deny,manual,1799.00,3500.00,true,false,,,,,"",,,,,,,,,,,,,,,,,,,,,,https://cdn.shopify.com/s/files/1/1020/9912/4593/files/FE1EA7C6-2BC0-48F3-946B-AA38D2355B66.jpg?v=1781854485,kg,,,
premium-chinon-4-piece-sharara-suit-set-with-mirror,,,,,,,,,Skyblue,,,2xl,,,,,,0.0,shopify,100,deny,manual,1799.00,3500.00,true,false,,,,,"",,,,,,,,,,,,,,,,,,,,,,https://cdn.shopify.com/s/files/1/1020/9912/4593/files/FE1EA7C6-2BC0-48F3-946B-AA38D2355B66.jpg?v=1781854485,kg,,,
premium-chinon-4-piece-sharara-suit-set-with-mirror,,,,,,,,,Orange,,,S,,,,,,0.0,shopify,100,deny,manual,1799.00,3500.00,true,false,,,,,"",,,,,,,,,,,,,,,,,,,,,,https://cdn.shopify.com/s/files/1/1020/9912/4593/files/3C8A8C08-FE16-42E8-9E2D-77FFB5CD510C.jpg?v=1781854485,kg,,,
premium-chinon-4-piece-sharara-suit-set-with-mirror,,,,,,,,,Orange,,,M,,,,,,0.0,shopify,100,deny,manual,1799.00,3500.00,true,false,,,,,"",,,,,,,,,,,,,,,,,,,,,,https://cdn.shopify.com/s/files/1/1020/9912/4593/files/3C8A8C08-FE16-42E8-9E2D-77FFB5CD510C.jpg?v=1781854485,kg,,,
premium-chinon-4-piece-sharara-suit-set-with-mirror,,,,,,,,,Orange,,,L,,,,,,0.0,shopify,100,deny,manual,1799.00,3500.00,true,false,,,,,"",,,,,,,,,,,,,,,,,,,,,,https://cdn.shopify.com/s/files/1/1020/9912/4593/files/3C8A8C08-FE16-42E8-9E2D-77FFB5CD510C.jpg?v=1781854485,kg,,,
premium-chinon-4-piece-sharara-suit-set-with-mirror,,,,,,,,,Orange,,,Xl,,,,,,0.0,shopify,100,deny,manual,1799.00,3500.00,true,false,,,,,"",,,,,,,,,,,,,,,,,,,,,,https://cdn.shopify.com/s/files/1/1020/9912/4593/files/3C8A8C08-FE16-42E8-9E2D-77FFB5CD510C.jpg?v=1781854485,kg,,,
premium-chinon-4-piece-sharara-suit-set-with-mirror,,,,,,,,,Orange,,,2xl,,,,,,0.0,shopify,100,deny,manual,1799.00,3500.00,true,false,,,,,"",,,,,,,,,,,,,,,,,,,,,,https://cdn.shopify.com/s/files/1/1020/9912/4593/files/3C8A8C08-FE16-42E8-9E2D-77FFB5CD510C.jpg?v=1781854485,kg,,,
elegant-heavy-lace-work-designer-anarkali-set,Designer Anarkali Three Piece Set,"<p><span>GOWN DETAILS</span><span><br> </span><span>• Fabric : Cosmos Gold</span><span><br> </span><span>• Work : Heavy Lace Work With Kali Cutting &amp; Attached Cups</span><span><br> </span><span>• Inner : Heavy Micro Cotton</span><span><br> </span><span>• Flair : 3.85 Meters</span><span><br> </span><span>• Length : 48-49 Inches</span><span><br> </span><span>• Sleeves : Full Sleeves</span><span><br> </span><span>• Size : M(38), L(40), XL(42), XXL(44) | Fully Stitched Ready To Wear</span><span><br> </span><span>BOTTOM DETAILS</span><span><br> </span><span>• Fabric : Heavy Micro Cotton</span><span><br> </span><span>• Length : 39-40 Inches</span><span><br> </span><span>• Size : Free Size With Elastic Waist</span><span><br> </span><span>DUPATTA DETAILS</span><span><br> </span><span>• Fabric : Heavy Georgette</span><span><br> </span><span>• Work : Embroidery Sequence Work</span><span><br> </span><span>• Length : 2.10 Meters</span></p>",Anjuclothing,Apparel & Accessories > Clothing,"","",true,Colour,Ivory,,Size,m,product.metafields.shopify.size,,,,,0.0,shopify,11,deny,manual,1699.00,3699.00,true,false,,,,,"",https://cdn.shopify.com/s/files/1/1020/9912/4593/files/B0FD5482-24C5-48A9-B3EE-368C37DE6D7E.png?v=1789134230,1,"",false,,,'1,,,,,,,,,,m; l; xl; 2xl,,,,,,kg,,,active
elegant-heavy-lace-work-designer-anarkali-set,,,,,,,,,Orange,,,m,,,,,,0.0,shopify,10,deny,manual,1699.00,3699.00,true,false,,,,,"",https://cdn.shopify.com/s/files/1/1020/9912/4593/files/4FA7AEDB-0452-4393-B082-22AC906F23D5.jpg?v=1781971894,2,"",,,,,,,,,,,,,,,,,,,,kg,,,
elegant-heavy-lace-work-designer-anarkali-set,,,,,,,,,Ivory,,,l,,,,,,0.0,shopify,8,deny,manual,1699.00,3699.00,true,false,,,,,"",https://cdn.shopify.com/s/files/1/1020/9912/4593/files/EF3458E5-078F-4746-9B8E-70153D0361C7.jpg?v=1781971894,3,"",,,,,,,,,,,,,,,,,,,,kg,,,
elegant-heavy-lace-work-designer-anarkali-set,,,,,,,,,Ivory,,,xl,,,,,,0.0,shopify,8,deny,manual,1699.00,3699.00,true,false,,,,,"",https://cdn.shopify.com/s/files/1/1020/9912/4593/files/FD825D25-FE05-4341-990D-015A5E1A6D35.jpg?v=1781971894,4,"",,,,,,,,,,,,,,,,,,,,kg,,,
elegant-heavy-lace-work-designer-anarkali-set,,,,,,,,,Ivory,,,2xl,,,,,,0.0,shopify,9,deny,manual,1699.00,3699.00,true,false,,,,,"",https://cdn.shopify.com/s/files/1/1020/9912/4593/files/D9E52262-973A-406A-8685-44ECDE466B7A.jpg?v=1784278274,5,"",,,,,,,,,,,,,,,,,,,,kg,,,
elegant-heavy-lace-work-designer-anarkali-set,,,,,,,,,Orange,,,l,,,,,,0.0,shopify,10,deny,manual,1699.00,3699.00,true,false,,,,,"",https://cdn.shopify.com/s/files/1/1020/9912/4593/files/033E78D9-3A2E-452F-B7D0-CE91EE87E3BD.jpg?v=1784278274,6,"",,,,,,,,,,,,,,,,,,,,kg,,,
elegant-heavy-lace-work-designer-anarkali-set,,,,,,,,,Orange,,,xl,,,,,,0.0,shopify,10,deny,manual,1699.00,3699.00,true,false,,,,,"",https://cdn.shopify.com/s/files/1/1020/9912/4593/files/CAD01CBA-8651-4045-B83F-71A72CD54238.jpg?v=1784278274,7,"",,,,,,,,,,,,,,,,,,,,kg,,,
elegant-heavy-lace-work-designer-anarkali-set,,,,,,,,,Orange,,,2xl,,,,,,0.0,shopify,10,deny,manual,1699.00,3699.00,true,false,,,,,"",https://cdn.shopify.com/s/files/1/1020/9912/4593/files/167D2233-B87E-4DFB-B926-568837939F23.jpg?v=1784278274,8,"",,,,,,,,,,,,,,,,,,,,kg,,,
elegant-heavy-lace-work-designer-anarkali-set,,,,,,,,,Red,,,m,,,,,,0.0,shopify,10,deny,manual,1699.00,3699.00,true,false,,,,,"",,,,,,,,,,,,,,,,,,,,,,,kg,,,
elegant-heavy-lace-work-designer-anarkali-set,,,,,,,,,Red,,,l,,,,,,0.0,shopify,10,deny,manual,1699.00,3699.00,true,false,,,,,"",,,,,,,,,,,,,,,,,,,,,,,kg,,,
elegant-heavy-lace-work-designer-anarkali-set,,,,,,,,,Red,,,xl,,,,,,0.0,shopify,10,deny,manual,1699.00,3699.00,true,false,,,,,"",,,,,,,,,,,,,,,,,,,,,,,kg,,,
elegant-heavy-lace-work-designer-anarkali-set,,,,,,,,,Red,,,2xl,,,,,,0.0,shopify,10,deny,manual,1699.00,3699.00,true,false,,,,,"",,,,,,,,,,,,,,,,,,,,,,,kg,,,
premium-fendy-silk-3-piece-suit-set-with-mirror-work,Festival Special Sharara Set,"<p><span>TOP DETAILS</span></p>
<p><span>• Fabric : Fendy Silk</span></p>
<p><span>• Work : Thread With Sequence With Real Mirror &amp; Readymade Lace Border</span></p>
<p><span>• Inner : Soft Micro Cotton</span></p>
<p><span>• Length : 32 Inches</span></p>
<p><span>• Size : S(36), M(38), L(40), XL(42), XXL(44) With 3XL Margin | Fully Stitched Ready To Wear</span></p>
<p>PLAZZO DETAILS<br><span></span></p>
<p><span>• Fabric : Fendy Silk</span></p>
<p><span>• Length : 38 Inches</span></p>
<p><span>• Size : Fully Stitched Up To Size 44 With Stretchable Elastic Waist</span></p>
<p>DUPATTA DETAILS<br><span></span></p>
<p><span>• Fabric : Fendy Silk</span></p>
<p><span>• Work : Real Mirror With Fancy 4-Side Lace Border</span></p>
<p><span>• Length : 2.2 Meters</span></p>",Anjuclothing,Apparel & Accessories > Clothing,"","",true,Color,pink,product.metafields.shopify.color-pattern,Size,s,product.metafields.shopify.size,,,,,0.0,shopify,100,deny,manual,1699.00,3300.00,true,true,,,,,"",https://cdn.shopify.com/s/files/1/1020/9912/4593/files/1BFBA83E-498C-4E91-91F2-B369979B17A1.jpg?v=1788875134,1,"",false,,,,,,pink; skyblue; orange; violet; red; beige,,,,,,,s; m; l; xl; 2xl,,,,,,kg,,,active
premium-fendy-silk-3-piece-suit-set-with-mirror-work,,,,,,,,,pink,,,m,,,,,,0.0,shopify,100,deny,manual,1699.00,3300.00,true,true,,,,,"",https://cdn.shopify.com/s/files/1/1020/9912/4593/files/DE5E9409-E959-4361-860D-D544123C3826.jpg?v=1788875134,2,"",,,,,,,,,,,,,,,,,,,,kg,,,
premium-fendy-silk-3-piece-suit-set-with-mirror-work,,,,,,,,,pink,,,l,,,,,,0.0,shopify,100,deny,manual,1699.00,3300.00,true,true,,,,,"",https://cdn.shopify.com/s/files/1/1020/9912/4593/files/0DB4BFE1-F560-4E56-9D36-B548C6EF683F.jpg?v=1788875134,3,"",,,,,,,,,,,,,,,,,,,,kg,,,
premium-fendy-silk-3-piece-suit-set-with-mirror-work,,,,,,,,,pink,,,xl,,,,,,0.0,shopify,100,deny,manual,1699.00,3300.00,true,true,,,,,"",https://cdn.shopify.com/s/files/1/1020/9912/4593/files/676A9742-1930-4631-990E-D8D2DE1EDAE3.jpg?v=1788875134,4,"",,,,,,,,,,,,,,,,,,,,kg,,,
premium-fendy-silk-3-piece-suit-set-with-mirror-work,,,,,,,,,pink,,,2xl,,,,,,0.0,shopify,100,deny,manual,1699.00,3300.00,true,true,,,,,"",https://cdn.shopify.com/s/files/1/1020/9912/4593/files/73E23A28-B004-45C8-A3D4-A84618D2025E.jpg?v=1782059550,5,"",,,,,,,,,,,,,,,,,,,,kg,,,
premium-fendy-silk-3-piece-suit-set-with-mirror-work,,,,,,,,,skyblue,,,s,,,,,,0.0,shopify,100,deny,manual,1699.00,3300.00,true,true,,,,,"",https://cdn.shopify.com/s/files/1/1020/9912/4593/files/011C6EC8-E0B2-40C4-9EFD-8A764D2593DC.jpg?v=1782059550,6,"",,,,,,,,,,,,,,,,,,,,kg,,,
premium-fendy-silk-3-piece-suit-set-with-mirror-work,,,,,,,,,skyblue,,,m,,,,,,0.0,shopify,100,deny,manual,1699.00,3300.00,true,true,,,,,"",https://cdn.shopify.com/s/files/1/1020/9912/4593/files/4368DB34-6E3B-4D0B-9266-1FD908B93268.jpg?v=1782059550,7,"",,,,,,,,,,,,,,,,,,,,kg,,,
premium-fendy-silk-3-piece-suit-set-with-mirror-work,,,,,,,,,skyblue,,,l,,,,,,0.0,shopify,100,deny,manual,1699.00,3300.00,true,true,,,,,"",https://cdn.shopify.com/s/files/1/1020/9912/4593/files/F2264284-19A4-4DBA-A3D8-52D74D6C3A83.jpg?v=1782059550,8,"",,,,,,,,,,,,,,,,,,,,kg,,,
premium-fendy-silk-3-piece-suit-set-with-mirror-work,,,,,,,,,skyblue,,,xl,,,,,,0.0,shopify,100,deny,manual,1699.00,3300.00,true,true,,,,,"",https://cdn.shopify.com/s/files/1/1020/9912/4593/files/D2BCB063-9F20-4D75-9412-F1727DAAA888.jpg?v=1782059550,9,"",,,,,,,,,,,,,,,,,,,,kg,,,
premium-fendy-silk-3-piece-suit-set-with-mirror-work,,,,,,,,,skyblue,,,2xl,,,,,,0.0,shopify,100,deny,manual,1699.00,3300.00,true,true,,,,,"",https://cdn.shopify.com/s/files/1/1020/9912/4593/files/701B22C4-5D6A-434B-A605-0C458208B622.jpg?v=1782059550,10,"",,,,,,,,,,,,,,,,,,,,kg,,,
premium-fendy-silk-3-piece-suit-set-with-mirror-work,,,,,,,,,orange,,,s,,,,,,0.0,shopify,100,deny,manual,1699.00,3300.00,true,true,,,,,"",https://cdn.shopify.com/s/files/1/1020/9912/4593/files/6E5809C7-F0DB-4B84-8F75-80CA920E1DB6.jpg?v=1782059550,11,"",,,,,,,,,,,,,,,,,,,,kg,,,
premium-fendy-silk-3-piece-suit-set-with-mirror-work,,,,,,,,,orange,,,m,,,,,,0.0,shopify,100,deny,manual,1699.00,3300.00,true,true,,,,,"",https://cdn.shopify.com/s/files/1/1020/9912/4593/files/E4B3AE12-A1CA-4740-8A58-B5FF73477E63.jpg?v=1782059550,12,"",,,,,,,,,,,,,,,,,,,,kg,,,
premium-fendy-silk-3-piece-suit-set-with-mirror-work,,,,,,,,,orange,,,l,,,,,,0.0,shopify,100,deny,manual,1699.00,3300.00,true,true,,,,,"",https://cdn.shopify.com/s/files/1/1020/9912/4593/files/CC3B4ED7-EEA0-48E2-85D5-8EFF678432AF.jpg?v=1782059828,13,"",,,,,,,,,,,,,,,,,,,,kg,,,
premium-fendy-silk-3-piece-suit-set-with-mirror-work,,,,,,,,,orange,,,xl,,,,,,0.0,shopify,100,deny,manual,1699.00,3300.00,true,true,,,,,"",https://cdn.shopify.com/s/files/1/1020/9912/4593/files/5D77144E-90C5-4204-B2A2-269055103C74.jpg?v=1782059828,14,"",,,,,,,,,,,,,,,,,,,,kg,,,
premium-fendy-silk-3-piece-suit-set-with-mirror-work,,,,,,,,,orange,,,2xl,,,,,,0.0,shopify,100,deny,manual,1699.00,3300.00,true,true,,,,,"",https://cdn.shopify.com/s/files/1/1020/9912/4593/files/431BDC1D-C30D-4399-842D-1164778B16DA.jpg?v=1782059828,15,"",,,,,,,,,,,,,,,,,,,,kg,,,
premium-fendy-silk-3-piece-suit-set-with-mirror-work,,,,,,,,,violet,,,s,,,,,,0.0,shopify,100,deny,manual,1699.00,3300.00,true,true,,,,,"",https://cdn.shopify.com/s/files/1/1020/9912/4593/files/215DB4B9-8BA7-4926-8081-18B53DFE65A6.jpg?v=1782059827,16,"",,,,,,,,,,,,,,,,,,,,kg,,,
premium-fendy-silk-3-piece-suit-set-with-mirror-work,,,,,,,,,violet,,,m,,,,,,0.0,shopify,100,deny,manual,1699.00,3300.00,true,true,,,,,"",https://cdn.shopify.com/s/files/1/1020/9912/4593/files/95D8B2E2-58D5-4A9F-B7F0-AF4F35F49E97.jpg?v=1782059828,17,"",,,,,,,,,,,,,,,,,,,,kg,,,
premium-fendy-silk-3-piece-suit-set-with-mirror-work,,,,,,,,,violet,,,l,,,,,,0.0,shopify,100,deny,manual,1699.00,3300.00,true,true,,,,,"",https://cdn.shopify.com/s/files/1/1020/9912/4593/files/0AB28A51-A929-417E-AAE3-420AB955A11A.jpg?v=1782059828,18,"",,,,,,,,,,,,,,,,,,,,kg,,,
premium-fendy-silk-3-piece-suit-set-with-mirror-work,,,,,,,,,violet,,,xl,,,,,,0.0,shopify,100,deny,manual,1699.00,3300.00,true,true,,,,,"",https://cdn.shopify.com/s/files/1/1020/9912/4593/files/9CE3EC20-821B-4BF0-B4C1-937D28FE899A.jpg?v=1782059828,19,"",,,,,,,,,,,,,,,,,,,,kg,,,
premium-fendy-silk-3-piece-suit-set-with-mirror-work,,,,,,,,,violet,,,2xl,,,,,,0.0,shopify,100,deny,manual,1699.00,3300.00,true,true,,,,,"",,,,,,,,,,,,,,,,,,,,,,,kg,,,
premium-fendy-silk-3-piece-suit-set-with-mirror-work,,,,,,,,,red,,,s,,,,,,0.0,shopify,100,deny,manual,1699.00,3300.00,true,true,,,,,"",,,,,,,,,,,,,,,,,,,,,,,kg,,,
premium-fendy-silk-3-piece-suit-set-with-mirror-work,,,,,,,,,red,,,m,,,,,,0.0,shopify,100,deny,manual,1699.00,3300.00,true,true,,,,,"",,,,,,,,,,,,,,,,,,,,,,,kg,,,
premium-fendy-silk-3-piece-suit-set-with-mirror-work,,,,,,,,,red,,,l,,,,,,0.0,shopify,100,deny,manual,1699.00,3300.00,true,true,,,,,"",,,,,,,,,,,,,,,,,,,,,,,kg,,,
premium-fendy-silk-3-piece-suit-set-with-mirror-work,,,,,,,,,red,,,xl,,,,,,0.0,shopify,100,deny,manual,1699.00,3300.00,true,true,,,,,"",,,,,,,,,,,,,,,,,,,,,,,kg,,,
premium-fendy-silk-3-piece-suit-set-with-mirror-work,,,,,,,,,red,,,2xl,,,,,,0.0,shopify,100,deny,manual,1699.00,3300.00,true,true,,,,,"",,,,,,,,,,,,,,,,,,,,,,,kg,,,
premium-fendy-silk-3-piece-suit-set-with-mirror-work,,,,,,,,,beige,,,s,,,,,,0.0,shopify,100,deny,manual,1699.00,3300.00,true,true,,,,,"",,,,,,,,,,,,,,,,,,,,,,,kg,,,
premium-fendy-silk-3-piece-suit-set-with-mirror-work,,,,,,,,,beige,,,m,,,,,,0.0,shopify,100,deny,manual,1699.00,3300.00,true,true,,,,,"",,,,,,,,,,,,,,,,,,,,,,,kg,,,
premium-fendy-silk-3-piece-suit-set-with-mirror-work,,,,,,,,,beige,,,l,,,,,,0.0,shopify,100,deny,manual,1699.00,3300.00,true,true,,,,,"",,,,,,,,,,,,,,,,,,,,,,,kg,,,
premium-fendy-silk-3-piece-suit-set-with-mirror-work,,,,,,,,,beige,,,xl,,,,,,0.0,shopify,100,deny,manual,1699.00,3300.00,true,true,,,,,"",,,,,,,,,,,,,,,,,,,,,,,kg,,,
premium-fendy-silk-3-piece-suit-set-with-mirror-work,,,,,,,,,beige,,,2xl,,,,,,0.0,shopify,100,deny,manual,1699.00,3300.00,true,true,,,,,"",,,,,,,,,,,,,,,,,,,,,,,kg,,,
fendy-satin-silk-gown-sharara-set-with-mirror-work,Fendy Satin Silk Gown Sharara Set with Mirror Work,"<p><span>The set includes a fully stitched designer gown, stylish sharara, and embroidered dupatta, designed to give you both comfort and glamour. The micro cotton inner lining ensures a soft and breathable feel, making it easy to wear for long hours.</span></p>
<p>Product Details:<br><span></span></p>
<p><span>• Fabric: Heavy Two Tone Fendy Satin Silk</span></p>
<p><span>• Work: Heavy Embroidery Sequins with Real Mirror Work</span></p>
<p><span>• Gown: Fully Stitched (Length 33 Inch Approx)</span></p>
<p><span>• Sharara: Heavy Embroidery Work (Length 40 Inch)</span></p>
<p><span>• Dupatta: Embroidered Dupatta (2.20 Meter)</span></p>
<p><span>• Inner: Micro Cotton</span></p>",Anjuclothing,Apparel & Accessories > Clothing,"","",true,Color,teal,product.metafields.shopify.color-pattern,Size,s,product.metafields.shopify.size,,,,,0.0,shopify,10,deny,manual,1850.00,3399.00,true,false,,,,,"",https://cdn.shopify.com/s/files/1/1020/9912/4593/files/1359AE8D-6046-4852-AFA0-22AB78C3A677.png?v=1789224741,1,"",false,,,,,,teal; mahroon; lavender; onion-pink; rust-golden; peach; lime; pink; blush-pink; navy,,,,,,,s; m; l; xl; 2xl,,,,,,kg,,,active
fendy-satin-silk-gown-sharara-set-with-mirror-work,,,,,,,,,mahroon,,,s,,,,,,0.0,shopify,10,deny,manual,1850.00,3399.00,true,false,,,,,"",https://cdn.shopify.com/s/files/1/1020/9912/4593/files/9E6570D8-9626-4DED-8859-A30B4C1CA083.jpg?v=1782061041,2,"",,,,,,,,,,,,,,,,,,,https://cdn.shopify.com/s/files/1/1020/9912/4593/files/83A26730-4A01-439A-9DCA-40E674947780.jpg?v=1785044043,kg,,,
fendy-satin-silk-gown-sharara-set-with-mirror-work,,,,,,,,,lavender,,,s,,,,,,0.0,shopify,10,deny,manual,1850.00,3399.00,true,false,,,,,"",https://cdn.shopify.com/s/files/1/1020/9912/4593/files/84E20729-499D-4377-B23E-D622CC71850E.jpg?v=1782061043,3,"",,,,,,,,,,,,,,,,,,,https://cdn.shopify.com/s/files/1/1020/9912/4593/files/ED40CFE1-6DD6-4972-911E-67CF4F583AF0.jpg?v=1785044043,kg,,,
fendy-satin-silk-gown-sharara-set-with-mirror-work,,,,,,,,,onion-pink,,,s,,,,,,0.0,shopify,10,deny,manual,1850.00,3399.00,true,false,,,,,"",https://cdn.shopify.com/s/files/1/1020/9912/4593/files/93180BFE-5073-4217-B169-F32E7EB48C75.jpg?v=1785044043,4,"",,,,,,,,,,,,,,,,,,,https://cdn.shopify.com/s/files/1/1020/9912/4593/files/4A1E4677-CB68-4A3F-92F5-65A8A9215EE2.jpg?v=1785044043,kg,,,
fendy-satin-silk-gown-sharara-set-with-mirror-work,,,,,,,,,rust-golden,,,s,,,,,,0.0,shopify,10,deny,manual,1850.00,3399.00,true,false,,,,,"",https://cdn.shopify.com/s/files/1/1020/9912/4593/files/83A26730-4A01-439A-9DCA-40E674947780.jpg?v=1785044043,5,"",,,,,,,,,,,,,,,,,,,https://cdn.shopify.com/s/files/1/1020/9912/4593/files/F4AFD685-C57A-4187-A2DB-B5F9957CE0A9.jpg?v=1785044043,kg,,,
fendy-satin-silk-gown-sharara-set-with-mirror-work,,,,,,,,,peach,,,s,,,,,,0.0,shopify,10,deny,manual,1850.00,3399.00,true,false,,,,,"",https://cdn.shopify.com/s/files/1/1020/9912/4593/files/ED40CFE1-6DD6-4972-911E-67CF4F583AF0.jpg?v=1785044043,6,"",,,,,,,,,,,,,,,,,,,https://cdn.shopify.com/s/files/1/1020/9912/4593/files/4A2B07D6-F707-476E-A822-CB35C0AE16A9.jpg?v=1785044043,kg,,,
fendy-satin-silk-gown-sharara-set-with-mirror-work,,,,,,,,,lime,,,s,,,,,,0.0,shopify,10,deny,manual,1850.00,3399.00,true,false,,,,,"",https://cdn.shopify.com/s/files/1/1020/9912/4593/files/4A1E4677-CB68-4A3F-92F5-65A8A9215EE2.jpg?v=1785044043,7,"",,,,,,,,,,,,,,,,,,,https://cdn.shopify.com/s/files/1/1020/9912/4593/files/D6FBDCBA-72A1-44F0-8161-23C927CCD6E1.jpg?v=1785044043,kg,,,
fendy-satin-silk-gown-sharara-set-with-mirror-work,,,,,,,,,pink,,,s,,,,,,0.0,shopify,10,deny,manual,1850.00,3399.00,true,false,,,,,"",https://cdn.shopify.com/s/files/1/1020/9912/4593/files/F4AFD685-C57A-4187-A2DB-B5F9957CE0A9.jpg?v=1785044043,8,"",,,,,,,,,,,,,,,,,,,https://cdn.shopify.com/s/files/1/1020/9912/4593/files/B3F2010C-3A25-4AAE-AACC-3483EF03AD9B.jpg?v=1785044043,kg,,,
fendy-satin-silk-gown-sharara-set-with-mirror-work,,,,,,,,,blush-pink,,,s,,,,,,0.0,shopify,10,deny,manual,1850.00,3399.00,true,false,,,,,"",https://cdn.shopify.com/s/files/1/1020/9912/4593/files/4A2B07D6-F707-476E-A822-CB35C0AE16A9.jpg?v=1785044043,9,"",,,,,,,,,,,,,,,,,,,https://cdn.shopify.com/s/files/1/1020/9912/4593/files/0EDA7304-E161-4B3D-928B-83081292C841.jpg?v=1785044043,kg,,,
fendy-satin-silk-gown-sharara-set-with-mirror-work,,,,,,,,,navy,,,s,,,,,,0.0,shopify,10,deny,manual,1850.00,3399.00,true,false,,,,,"",https://cdn.shopify.com/s/files/1/1020/9912/4593/files/D6FBDCBA-72A1-44F0-8161-23C927CCD6E1.jpg?v=1785044043,10,"",,,,,,,,,,,,,,,,,,,https://cdn.shopify.com/s/files/1/1020/9912/4593/files/B7FB03B8-018D-418C-9B95-58A84F252AC9.jpg?v=1785044043,kg,,,
fendy-satin-silk-gown-sharara-set-with-mirror-work,,,,,,,,,teal,,,m,,,,,,0.0,shopify,10,deny,manual,1850.00,3399.00,true,false,,,,,"",https://cdn.shopify.com/s/files/1/1020/9912/4593/files/B3F2010C-3A25-4AAE-AACC-3483EF03AD9B.jpg?v=1785044043,11,"",,,,,,,,,,,,,,,,,,,,kg,,,
fendy-satin-silk-gown-sharara-set-with-mirror-work,,,,,,,,,teal,,,l,,,,,,0.0,shopify,10,deny,manual,1850.00,3399.00,true,false,,,,,"",https://cdn.shopify.com/s/files/1/1020/9912/4593/files/0EDA7304-E161-4B3D-928B-83081292C841.jpg?v=1785044043,12,"",,,,,,,,,,,,,,,,,,,,kg,,,
fendy-satin-silk-gown-sharara-set-with-mirror-work,,,,,,,,,teal,,,xl,,,,,,0.0,shopify,10,deny,manual,1850.00,3399.00,true,false,,,,,"",https://cdn.shopify.com/s/files/1/1020/9912/4593/files/B7FB03B8-018D-418C-9B95-58A84F252AC9.jpg?v=1785044043,13,"",,,,,,,,,,,,,,,,,,,,kg,,,
fendy-satin-silk-gown-sharara-set-with-mirror-work,,,,,,,,,teal,,,2xl,,,,,,0.0,shopify,10,deny,manual,1850.00,3399.00,true,false,,,,,"",,,,,,,,,,,,,,,,,,,,,,,kg,,,
fendy-satin-silk-gown-sharara-set-with-mirror-work,,,,,,,,,mahroon,,,m,,,,,,0.0,shopify,10,deny,manual,1850.00,3399.00,true,false,,,,,"",,,,,,,,,,,,,,,,,,,,,,https://cdn.shopify.com/s/files/1/1020/9912/4593/files/83A26730-4A01-439A-9DCA-40E674947780.jpg?v=1785044043,kg,,,
fendy-satin-silk-gown-sharara-set-with-mirror-work,,,,,,,,,mahroon,,,l,,,,,,0.0,shopify,10,deny,manual,1850.00,3399.00,true,false,,,,,"",,,,,,,,,,,,,,,,,,,,,,https://cdn.shopify.com/s/files/1/1020/9912/4593/files/83A26730-4A01-439A-9DCA-40E674947780.jpg?v=1785044043,kg,,,
fendy-satin-silk-gown-sharara-set-with-mirror-work,,,,,,,,,mahroon,,,xl,,,,,,0.0,shopify,10,deny,manual,1850.00,3399.00,true,false,,,,,"",,,,,,,,,,,,,,,,,,,,,,https://cdn.shopify.com/s/files/1/1020/9912/4593/files/83A26730-4A01-439A-9DCA-40E674947780.jpg?v=1785044043,kg,,,
fendy-satin-silk-gown-sharara-set-with-mirror-work,,,,,,,,,mahroon,,,2xl,,,,,,0.0,shopify,10,deny,manual,1850.00,3399.00,true,false,,,,,"",,,,,,,,,,,,,,,,,,,,,,https://cdn.shopify.com/s/files/1/1020/9912/4593/files/83A26730-4A01-439A-9DCA-40E674947780.jpg?v=1785044043,kg,,,
fendy-satin-silk-gown-sharara-set-with-mirror-work,,,,,,,,,lavender,,,m,,,,,,0.0,shopify,10,deny,manual,1850.00,3399.00,true,false,,,,,"",,,,,,,,,,,,,,,,,,,,,,https://cdn.shopify.com/s/files/1/1020/9912/4593/files/ED40CFE1-6DD6-4972-911E-67CF4F583AF0.jpg?v=1785044043,kg,,,
fendy-satin-silk-gown-sharara-set-with-mirror-work,,,,,,,,,lavender,,,l,,,,,,0.0,shopify,10,deny,manual,1850.00,3399.00,true,false,,,,,"",,,,,,,,,,,,,,,,,,,,,,https://cdn.shopify.com/s/files/1/1020/9912/4593/files/ED40CFE1-6DD6-4972-911E-67CF4F583AF0.jpg?v=1785044043,kg,,,
fendy-satin-silk-gown-sharara-set-with-mirror-work,,,,,,,,,lavender,,,xl,,,,,,0.0,shopify,10,deny,manual,1850.00,3399.00,true,false,,,,,"",,,,,,,,,,,,,,,,,,,,,,https://cdn.shopify.com/s/files/1/1020/9912/4593/files/ED40CFE1-6DD6-4972-911E-67CF4F583AF0.jpg?v=1785044043,kg,,,
fendy-satin-silk-gown-sharara-set-with-mirror-work,,,,,,,,,lavender,,,2xl,,,,,,0.0,shopify,10,deny,manual,1850.00,3399.00,true,false,,,,,"",,,,,,,,,,,,,,,,,,,,,,https://cdn.shopify.com/s/files/1/1020/9912/4593/files/ED40CFE1-6DD6-4972-911E-67CF4F583AF0.jpg?v=1785044043,kg,,,
fendy-satin-silk-gown-sharara-set-with-mirror-work,,,,,,,,,onion-pink,,,m,,,,,,0.0,shopify,10,deny,manual,1850.00,3399.00,true,false,,,,,"",,,,,,,,,,,,,,,,,,,,,,https://cdn.shopify.com/s/files/1/1020/9912/4593/files/4A1E4677-CB68-4A3F-92F5-65A8A9215EE2.jpg?v=1785044043,kg,,,
fendy-satin-silk-gown-sharara-set-with-mirror-work,,,,,,,,,onion-pink,,,l,,,,,,0.0,shopify,10,deny,manual,1850.00,3399.00,true,false,,,,,"",,,,,,,,,,,,,,,,,,,,,,https://cdn.shopify.com/s/files/1/1020/9912/4593/files/4A1E4677-CB68-4A3F-92F5-65A8A9215EE2.jpg?v=1785044043,kg,,,
fendy-satin-silk-gown-sharara-set-with-mirror-work,,,,,,,,,onion-pink,,,xl,,,,,,0.0,shopify,10,deny,manual,1850.00,3399.00,true,false,,,,,"",,,,,,,,,,,,,,,,,,,,,,https://cdn.shopify.com/s/files/1/1020/9912/4593/files/4A1E4677-CB68-4A3F-92F5-65A8A9215EE2.jpg?v=1785044043,kg,,,
fendy-satin-silk-gown-sharara-set-with-mirror-work,,,,,,,,,onion-pink,,,2xl,,,,,,0.0,shopify,10,deny,manual,1850.00,3399.00,true,false,,,,,"",,,,,,,,,,,,,,,,,,,,,,,kg,,,
fendy-satin-silk-gown-sharara-set-with-mirror-work,,,,,,,,,rust-golden,,,m,,,,,,0.0,shopify,10,deny,manual,1850.00,3399.00,true,false,,,,,"",,,,,,,,,,,,,,,,,,,,,,,kg,,,
fendy-satin-silk-gown-sharara-set-with-mirror-work,,,,,,,,,rust-golden,,,l,,,,,,0.0,shopify,10,deny,manual,1850.00,3399.00,true,false,,,,,"",,,,,,,,,,,,,,,,,,,,,,https://cdn.shopify.com/s/files/1/1020/9912/4593/files/F4AFD685-C57A-4187-A2DB-B5F9957CE0A9.jpg?v=1785044043,kg,,,
fendy-satin-silk-gown-sharara-set-with-mirror-work,,,,,,,,,rust-golden,,,xl,,,,,,0.0,shopify,10,deny,manual,1850.00,3399.00,true,false,,,,,"",,,,,,,,,,,,,,,,,,,,,,https://cdn.shopify.com/s/files/1/1020/9912/4593/files/F4AFD685-C57A-4187-A2DB-B5F9957CE0A9.jpg?v=1785044043,kg,,,
fendy-satin-silk-gown-sharara-set-with-mirror-work,,,,,,,,,rust-golden,,,2xl,,,,,,0.0,shopify,10,deny,manual,1850.00,3399.00,true,false,,,,,"",,,,,,,,,,,,,,,,,,,,,,https://cdn.shopify.com/s/files/1/1020/9912/4593/files/F4AFD685-C57A-4187-A2DB-B5F9957CE0A9.jpg?v=1785044043,kg,,,
fendy-satin-silk-gown-sharara-set-with-mirror-work,,,,,,,,,peach,,,m,,,,,,0.0,shopify,10,deny,manual,1850.00,3399.00,true,false,,,,,"",,,,,,,,,,,,,,,,,,,,,,https://cdn.shopify.com/s/files/1/1020/9912/4593/files/4A2B07D6-F707-476E-A822-CB35C0AE16A9.jpg?v=1785044043,kg,,,
fendy-satin-silk-gown-sharara-set-with-mirror-work,,,,,,,,,peach,,,l,,,,,,0.0,shopify,10,deny,manual,1850.00,3399.00,true,false,,,,,"",,,,,,,,,,,,,,,,,,,,,,https://cdn.shopify.com/s/files/1/1020/9912/4593/files/4A2B07D6-F707-476E-A822-CB35C0AE16A9.jpg?v=1785044043,kg,,,
fendy-satin-silk-gown-sharara-set-with-mirror-work,,,,,,,,,peach,,,xl,,,,,,0.0,shopify,10,deny,manual,1850.00,3399.00,true,false,,,,,"",,,,,,,,,,,,,,,,,,,,,,https://cdn.shopify.com/s/files/1/1020/9912/4593/files/4A2B07D6-F707-476E-A822-CB35C0AE16A9.jpg?v=1785044043,kg,,,
fendy-satin-silk-gown-sharara-set-with-mirror-work,,,,,,,,,peach,,,2xl,,,,,,0.0,shopify,10,deny,manual,1850.00,3399.00,true,false,,,,,"",,,,,,,,,,,,,,,,,,,,,,https://cdn.shopify.com/s/files/1/1020/9912/4593/files/4A2B07D6-F707-476E-A822-CB35C0AE16A9.jpg?v=1785044043,kg,,,
fendy-satin-silk-gown-sharara-set-with-mirror-work,,,,,,,,,lime,,,m,,,,,,0.0,shopify,10,deny,manual,1850.00,3399.00,true,false,,,,,"",,,,,,,,,,,,,,,,,,,,,,https://cdn.shopify.com/s/files/1/1020/9912/4593/files/D6FBDCBA-72A1-44F0-8161-23C927CCD6E1.jpg?v=1785044043,kg,,,
fendy-satin-silk-gown-sharara-set-with-mirror-work,,,,,,,,,lime,,,l,,,,,,0.0,shopify,10,deny,manual,1850.00,3399.00,true,false,,,,,"",,,,,,,,,,,,,,,,,,,,,,https://cdn.shopify.com/s/files/1/1020/9912/4593/files/D6FBDCBA-72A1-44F0-8161-23C927CCD6E1.jpg?v=1785044043,kg,,,
fendy-satin-silk-gown-sharara-set-with-mirror-work,,,,,,,,,lime,,,xl,,,,,,0.0,shopify,10,deny,manual,1850.00,3399.00,true,false,,,,,"",,,,,,,,,,,,,,,,,,,,,,https://cdn.shopify.com/s/files/1/1020/9912/4593/files/D6FBDCBA-72A1-44F0-8161-23C927CCD6E1.jpg?v=1785044043,kg,,,
fendy-satin-silk-gown-sharara-set-with-mirror-work,,,,,,,,,lime,,,2xl,,,,,,0.0,shopify,10,deny,manual,1850.00,3399.00,true,false,,,,,"",,,,,,,,,,,,,,,,,,,,,,https://cdn.shopify.com/s/files/1/1020/9912/4593/files/D6FBDCBA-72A1-44F0-8161-23C927CCD6E1.jpg?v=1785044043,kg,,,
fendy-satin-silk-gown-sharara-set-with-mirror-work,,,,,,,,,pink,,,m,,,,,,0.0,shopify,10,deny,manual,1850.00,3399.00,true,false,,,,,"",,,,,,,,,,,,,,,,,,,,,,https://cdn.shopify.com/s/files/1/1020/9912/4593/files/B3F2010C-3A25-4AAE-AACC-3483EF03AD9B.jpg?v=1785044043,kg,,,
fendy-satin-silk-gown-sharara-set-with-mirror-work,,,,,,,,,pink,,,l,,,,,,0.0,shopify,10,deny,manual,1850.00,3399.00,true,false,,,,,"",,,,,,,,,,,,,,,,,,,,,,https://cdn.shopify.com/s/files/1/1020/9912/4593/files/B3F2010C-3A25-4AAE-AACC-3483EF03AD9B.jpg?v=1785044043,kg,,,
fendy-satin-silk-gown-sharara-set-with-mirror-work,,,,,,,,,pink,,,xl,,,,,,0.0,shopify,10,deny,manual,1850.00,3399.00,true,false,,,,,"",,,,,,,,,,,,,,,,,,,,,,https://cdn.shopify.com/s/files/1/1020/9912/4593/files/B3F2010C-3A25-4AAE-AACC-3483EF03AD9B.jpg?v=1785044043,kg,,,
fendy-satin-silk-gown-sharara-set-with-mirror-work,,,,,,,,,pink,,,2xl,,,,,,0.0,shopify,10,deny,manual,1850.00,3399.00,true,false,,,,,"",,,,,,,,,,,,,,,,,,,,,,https://cdn.shopify.com/s/files/1/1020/9912/4593/files/B3F2010C-3A25-4AAE-AACC-3483EF03AD9B.jpg?v=1785044043,kg,,,
fendy-satin-silk-gown-sharara-set-with-mirror-work,,,,,,,,,blush-pink,,,m,,,,,,0.0,shopify,10,deny,manual,1850.00,3399.00,true,false,,,,,"",,,,,,,,,,,,,,,,,,,,,,https://cdn.shopify.com/s/files/1/1020/9912/4593/files/0EDA7304-E161-4B3D-928B-83081292C841.jpg?v=1785044043,kg,,,
fendy-satin-silk-gown-sharara-set-with-mirror-work,,,,,,,,,blush-pink,,,l,,,,,,0.0,shopify,10,deny,manual,1850.00,3399.00,true,false,,,,,"",,,,,,,,,,,,,,,,,,,,,,https://cdn.shopify.com/s/files/1/1020/9912/4593/files/0EDA7304-E161-4B3D-928B-83081292C841.jpg?v=1785044043,kg,,,
fendy-satin-silk-gown-sharara-set-with-mirror-work,,,,,,,,,blush-pink,,,xl,,,,,,0.0,shopify,10,deny,manual,1850.00,3399.00,true,false,,,,,"",,,,,,,,,,,,,,,,,,,,,,https://cdn.shopify.com/s/files/1/1020/9912/4593/files/0EDA7304-E161-4B3D-928B-83081292C841.jpg?v=1785044043,kg,,,
fendy-satin-silk-gown-sharara-set-with-mirror-work,,,,,,,,,blush-pink,,,2xl,,,,,,0.0,shopify,10,deny,manual,1850.00,3399.00,true,false,,,,,"",,,,,,,,,,,,,,,,,,,,,,https://cdn.shopify.com/s/files/1/1020/9912/4593/files/0EDA7304-E161-4B3D-928B-83081292C841.jpg?v=1785044043,kg,,,
fendy-satin-silk-gown-sharara-set-with-mirror-work,,,,,,,,,navy,,,m,,,,,,0.0,shopify,10,deny,manual,1850.00,3399.00,true,false,,,,,"",,,,,,,,,,,,,,,,,,,,,,https://cdn.shopify.com/s/files/1/1020/9912/4593/files/B7FB03B8-018D-418C-9B95-58A84F252AC9.jpg?v=1785044043,kg,,,
fendy-satin-silk-gown-sharara-set-with-mirror-work,,,,,,,,,navy,,,l,,,,,,0.0,shopify,10,deny,manual,1850.00,3399.00,true,false,,,,,"",,,,,,,,,,,,,,,,,,,,,,https://cdn.shopify.com/s/files/1/1020/9912/4593/files/B7FB03B8-018D-418C-9B95-58A84F252AC9.jpg?v=1785044043,kg,,,
fendy-satin-silk-gown-sharara-set-with-mirror-work,,,,,,,,,navy,,,xl,,,,,,0.0,shopify,10,deny,manual,1850.00,3399.00,true,false,,,,,"",,,,,,,,,,,,,,,,,,,,,,https://cdn.shopify.com/s/files/1/1020/9912/4593/files/B7FB03B8-018D-418C-9B95-58A84F252AC9.jpg?v=1785044043,kg,,,
fendy-satin-silk-gown-sharara-set-with-mirror-work,,,,,,,,,navy,,,2xl,,,,,,0.0,shopify,10,deny,manual,1850.00,3399.00,true,false,,,,,"",,,,,,,,,,,,,,,,,,,,,,https://cdn.shopify.com/s/files/1/1020/9912/4593/files/B7FB03B8-018D-418C-9B95-58A84F252AC9.jpg?v=1785044043,kg,,,
premium-fendy-silk-mirror-work-plazo-set-with-dupatta,FENDY SILK THREAD SEQUENCE WITH REAL MIRROR WORK SET,"<p><span>TOP DETAILS</span></p>
<p><span>• Fabric : FENDY SILK</span></p>
<p><span>• Work : THREAD WITH SEQUENCE WITH REAL MIRROR WORK WITH READYMADE LACE BORDER</span></p>
<p><span>• Inner : SOFT MICRO COTTON</span></p>
<p><span>• Size : M(38), L(40), XL(42), XXL(44) WITH 3XL(46) MARGIN</span></p>
<p><span>• Length : 40 INCH</span></p>
<p> </p>
<p><span>PLAZZO DETAILS</span></p>
<p><span>• Fabric : FENDY SILK</span></p>
<p><span>• Inner : COMFORTABLE MICRO</span></p>
<p><span>• Size : FULLY STITCHED | FITS UP TO SIZE 44 (ELASTIC WAISTBAND)</span></p>
<p><span>• Length : 38 INCHES</span></p>
<p> </p>
<p><span>DUPATTA DETAILS</span></p>
<p><span>• Fabric : FENDY SILK</span></p>
<p><span>• Work : REAL MIRROR WITH FANCY 4-SIDE LACE WORK BORDER</span></p>
<p><span>• Width : 2.2 METERS</span></p>",Anjuclothing,Apparel & Accessories > Clothing,"","",true,Size,m,product.metafields.shopify.size,,,,,,,,0.0,shopify,5,deny,manual,1950.00,33.00,true,false,,,,,"",https://cdn.shopify.com/s/files/1/1020/9912/4593/files/698BB86E-96E5-4799-94EF-86E8765B27F5.jpg?v=1788665461,1,"",false,,,'1,,,,,,,,,,m; l; xl; 2xl,,,,,,kg,,,active
premium-fendy-silk-mirror-work-plazo-set-with-dupatta,,,,,,,,,l,,,,,,,,,0.0,shopify,5,deny,manual,1950.00,33.00,true,false,,,,,"",https://cdn.shopify.com/s/files/1/1020/9912/4593/files/2E332AD3-EDF0-4FF8-BB90-806AAAEC6AC2.jpg?v=1788665461,2,"",,,,,,,,,,,,,,,,,,,,kg,,,
premium-fendy-silk-mirror-work-plazo-set-with-dupatta,,,,,,,,,xl,,,,,,,,,0.0,shopify,7,deny,manual,1950.00,33.00,true,false,,,,,"",https://cdn.shopify.com/s/files/1/1020/9912/4593/files/EA2D32A5-C028-4435-AF18-1F9D2E8435A1.jpg?v=1788665461,3,"",,,,,,,,,,,,,,,,,,,,kg,,,
premium-fendy-silk-mirror-work-plazo-set-with-dupatta,,,,,,,,,2xl,,,,,,,,,0.0,shopify,10,deny,manual,1950.00,33.00,true,false,,,,,"",https://cdn.shopify.com/s/files/1/1020/9912/4593/files/0F4B1D80-6E19-4A8E-90E4-453E0E1DAEDA.jpg?v=1788665461,4,"",,,,,,,,,,,,,,,,,,,,kg,,,
premium-fendy-silk-mirror-work-plazo-set-with-dupatta,,,,,,,,,,,,,,,,,,,,,,,,,,,,,,,"",https://cdn.shopify.com/s/files/1/1020/9912/4593/files/657FD863-73CE-4C5F-8ACB-55B350E417FB.jpg?v=1788665461,5,"",,,,,,,,,,,,,,,,,,,,,,,
premium-fendy-silk-mirror-work-plazo-set-with-dupatta,,,,,,,,,,,,,,,,,,,,,,,,,,,,,,,"",https://cdn.shopify.com/s/files/1/1020/9912/4593/files/50383E75-A12F-43C9-A592-76AF0321682E.jpg?v=1787644680,6,"",,,,,,,,,,,,,,,,,,,,,,,
aafreen-luxe-chinon-gown-set,Viral Pakistani Anarkali Set,"<p><strong>GOWN DETAILS</strong><br>▪️Fabric : Chinon<br>▪️Work : Sequence Embroidery Work With Dori Tassels<br>▪️Length : 50 Inches<br>▪️Size : M(38), L(40), XL(42), XXL(44) | Fully Stitched Ready To Wear<br><strong>PLAZZO DETAILS</strong><br>▪️Fabric : Chinon<br>▪️Work : Sequence Embroidery Work<br>▪️Length : 40 Inches<br>▪️Size : Free Size | Fully Stitched<br><strong>DUPATTA DETAILS</strong><br>▪️Fabric : Printed Organza<br>▪️Work : Sequence Embroidery Work Lace On Border</p>",Lahanga bazzar,Apparel & Accessories > Clothing,"","",true,Size,m,product.metafields.shopify.size,,,,,,,,0.0,shopify,10,deny,manual,1799.00,3399.00,true,false,,,,,"",https://cdn.shopify.com/s/files/1/1020/9912/4593/files/9CA05778-F4D0-46FB-B260-3D1F8025225C.jpg?v=1788665761,1,"",false,,,,,,,,,,,,,m; l; xl; 2xl,,,,,,kg,,,active
aafreen-luxe-chinon-gown-set,,,,,,,,,l,,,,,,,,,0.0,shopify,10,deny,manual,1799.00,3399.00,true,false,,,,,"",https://cdn.shopify.com/s/files/1/1020/9912/4593/files/90A2430A-572D-4DEB-9B66-64CF7BC27C22.jpg?v=1788665761,2,"",,,,,,,,,,,,,,,,,,,,kg,,,
aafreen-luxe-chinon-gown-set,,,,,,,,,xl,,,,,,,,,0.0,shopify,10,deny,manual,1799.00,3399.00,true,false,,,,,"",https://cdn.shopify.com/s/files/1/1020/9912/4593/files/76755D33-48EC-42A4-AB0A-371072220951.jpg?v=1788665761,3,"",,,,,,,,,,,,,,,,,,,,kg,,,
aafreen-luxe-chinon-gown-set,,,,,,,,,2xl,,,,,,,,,0.0,shopify,10,deny,manual,1799.00,3399.00,true,false,,,,,"",https://cdn.shopify.com/s/files/1/1020/9912/4593/files/C9530E79-6FEB-47EC-88ED-89243AE1A0F5.jpg?v=1788665761,4,"",,,,,,,,,,,,,,,,,,,,kg,,,
aafreen-luxe-chinon-gown-set,,,,,,,,,,,,,,,,,,,,,,,,,,,,,,,"",https://cdn.shopify.com/s/files/1/1020/9912/4593/files/C6F1F0BC-774F-46DE-9F40-CF42DE602C1E.jpg?v=1788665814,5,"",,,,,,,,,,,,,,,,,,,,,,,
party-wear-sharara-set,Party Wear Sharara Set,"<p><span>TOP DETAILS</span></p>
<p><span>• Fabric : Fendy Silk</span><span><br> </span><span>• Work : Thread with Sequence Work</span><span><br> </span><span>• Inner : Soft Micro Cotton</span><span><br> </span><span>• Size : S (36), M (38), L (40), XL (42), XXL (44) | 3XL Margin Available | Fully Stitched Ready to Wear</span></p>
<p><span>PLAZZO PANT DETAILS</span></p>
<p><span>• Fabric : Fendy Silk</span><span><br> </span><span>• Work : Thread with Sequence Work</span><span><br> </span><span>• Length : 38 Inches</span><span><br> </span><span>• Size : Fully Stitched Up to Size 44 with Stretchable Elastic Waist</span></p>
<p><span>DUPATTA DETAILS</span></p>
<p><span>• Fabric : Fendy Silk</span><span><br> </span><span>• Work : Thread with Sequence Work Border</span><span><br> </span><span>• Length : 2.2 Meters</span></p>",Anjuclothing ,,"","",true,Size,S,,,,,,,,,0.0,shopify,100,deny,manual,1799.00,2500.00,true,false,,,,,"",https://cdn.shopify.com/s/files/1/1020/9912/4593/files/68EE3877-BDE1-4D62-9190-79CA89A56B7F.png?v=1789224741,1,"",false,,,,,,,,,,,,,,,,,,,kg,,,active
party-wear-sharara-set,,,,,,,,,M,,,,,,,,,0.0,shopify,100,deny,manual,1799.00,2500.00,true,false,,,,,"",https://cdn.shopify.com/s/files/1/1020/9912/4593/files/8DBF461E-E60C-4EA4-8E68-08E4D3E8556E.jpg?v=1781763632,2,"",,,,,,,,,,,,,,,,,,,,kg,,,
party-wear-sharara-set,,,,,,,,,L,,,,,,,,,0.0,shopify,100,deny,manual,1799.00,2500.00,true,false,,,,,"",https://cdn.shopify.com/s/files/1/1020/9912/4593/files/EE955852-5209-40F4-B822-42662E81349B.jpg?v=1781763631,3,"",,,,,,,,,,,,,,,,,,,,kg,,,
party-wear-sharara-set,,,,,,,,,Xl,,,,,,,,,0.0,shopify,100,deny,manual,1799.00,2500.00,true,false,,,,,"",https://cdn.shopify.com/s/files/1/1020/9912/4593/files/77F3DFFF-0EE2-4F54-AE52-B84B5B69FD8B.jpg?v=1781763632,4,"",,,,,,,,,,,,,,,,,,,,kg,,,
party-wear-sharara-set,,,,,,,,,2Xl,,,,,,,,,0.0,shopify,100,deny,manual,1799.00,2500.00,true,false,,,,,"",https://cdn.shopify.com/s/files/1/1020/9912/4593/files/B2AA5597-F36E-45C8-82AE-A6A892B45519.jpg?v=1781763631,5,"",,,,,,,,,,,,,,,,,,,,kg,,,
party-wear-sharara-set,,,,,,,,,,,,,,,,,,,,,,,,,,,,,,,"",https://cdn.shopify.com/s/files/1/1020/9912/4593/files/17913F7C-B9CF-473A-A4DA-419664FF0B55.jpg?v=1781763631,6,"",,,,,,,,,,,,,,,,,,,,,,,
party-wear-sharara-set,,,,,,,,,,,,,,,,,,,,,,,,,,,,,,,"",https://cdn.shopify.com/s/files/1/1020/9912/4593/files/D0185257-C86F-462A-8A32-A64058207CD2.jpg?v=1781763632,7,"",,,,,,,,,,,,,,,,,,,,,,,
chanderi-jacquard-butti-anarkali-set,Chanderi Jacquard Butti Anarkali Set,"<h3>ANARKALI DETAILS</h3>
<p>• Fabric : Chanderi Jacquard Butti<br>• Inner : Soft Micro Cotton<br>• Work : Thread Work with Sequence<br>• Padding : Padded<br>• Flair : 3 Meters<br>• Length : 50 Inches<br>• Size : M (38), L (40), XL (42), XXL (44) | 3XL Margin Available | Fully Stitched Ready to Wear</p>
<h3>PANT DETAILS</h3>
<p>• Fabric : Micro Cotton<br>• Fit : Fully Stitched with Stretchable Elastic Waist<br>• Length : 38 Inches<br>• Size : Up to 44</p>
<h3>DUPATTA DETAILS</h3>
<p>• Fabric : Soft Net<br>• Work : Fancy Lace Work<br>• Length : 2.20 Meters</p>",My Store,Apparel & Accessories > Clothing > Traditional & Ceremonial Clothing,"","",true,Size,m,product.metafields.shopify.size,,,,,,,,0.0,shopify,99,deny,manual,1799.00,3500.00,false,false,,,,,"",https://cdn.shopify.com/s/files/1/1020/9912/4593/files/CF9A3338-E34B-40C2-A647-395CDA560F2C.png?v=1789224741,1,"",false,,,,,adults,red; floral,,,cotton,round,,,m; l; xl; 2xl,,short,female,,,kg,,,active
chanderi-jacquard-butti-anarkali-set,,,,,,,,,l,,,,,,,,,0.0,shopify,100,deny,manual,1799.00,3500.00,false,false,,,,,"",https://cdn.shopify.com/s/files/1/1020/9912/4593/files/WhatsAppImage2026-06-15at10.18.15PM_2.jpg?v=1781760085,2,"",,,,,,,,,,,,,,,,,,,,kg,,,
chanderi-jacquard-butti-anarkali-set,,,,,,,,,xl,,,,,,,,,0.0,shopify,100,deny,manual,1799.00,3500.00,false,false,,,,,"",https://cdn.shopify.com/s/files/1/1020/9912/4593/files/WhatsAppImage2026-06-15at10.18.15PM_1.jpg?v=1781760081,3,"",,,,,,,,,,,,,,,,,,,,kg,,,
chanderi-jacquard-butti-anarkali-set,,,,,,,,,2xl,,,,,,,,,0.0,shopify,100,deny,manual,1799.00,3500.00,false,false,,,,,"",https://cdn.shopify.com/s/files/1/1020/9912/4593/files/WhatsAppImage2026-06-15at10.18.15PM.jpg?v=1781760081,4,"",,,,,,,,,,,,,,,,,,,,kg,,,
chanderi-jacquard-butti-anarkali-set,,,,,,,,,,,,,,,,,,,,,,,,,,,,,,,"",https://cdn.shopify.com/s/files/1/1020/9912/4593/files/WhatsAppImage2026-06-15at10.18.17PM.jpg?v=1781760081,5,"",,,,,,,,,,,,,,,,,,,,,,,
chanderi-jacquard-butti-anarkali-set,,,,,,,,,,,,,,,,,,,,,,,,,,,,,,,"",https://cdn.shopify.com/s/files/1/1020/9912/4593/files/WhatsAppImage2026-06-15at10.18.17PM_2.jpg?v=1781760081,6,"",,,,,,,,,,,,,,,,,,,,,,,
summer-special-farshi-set,Instagram Most Viral Farshi Set,"<h3>TOP DETAILS</h3>
<p>• Fabric : Heavy Pure Cambric Cotton<br>• Sleeves : Fully Fancy Sleeves with Latkan<br>• Inner : Micro Cotton<br>• Length : 34-35 Inches<br>• Size : M (38), L (40), XL (42), XXL (44) | XXXL Margin Available | Fully Stitched Ready to Wear</p>
<h3>FARSHI PANT DETAILS</h3>
<p>• Fabric : Heavy Pure Cambric Cotton<br>• Inner : Heavy Micro Cotton<br>• Length : 40-41 Inches<br>• Size : Fully Stitched Ready to Wear</p>
<h3>DUPATTA DETAILS</h3>
<p>• Fabric : Heavy Pure Cambric Cotton<br>• Length : 2.20 Meters</p>",Anjuclothing,Apparel & Accessories > Clothing > Traditional & Ceremonial Clothing,Shipping,"",true,Color,green,product.metafields.shopify.color-pattern,Size,m,product.metafields.shopify.size,,,,,0.0,shopify,62,deny,manual,1499.00,1999.00,true,false,,,,,"",https://cdn.shopify.com/s/files/1/1020/9912/4593/files/55427EFA-DBA3-43D0-9011-2914EFC56344.jpg?v=1782468546,1,"",false,,,'1,,adults,green; pink,,,cotton,v-neck,,,m; l; xl; 2xl,,long,female,,https://cdn.shopify.com/s/files/1/1020/9912/4593/files/55427EFA-DBA3-43D0-9011-2914EFC56344.jpg?v=1782468546,kg,,,active
summer-special-farshi-set,,,,,,,,,pink,,,m,,,,,,0.0,shopify,79,deny,manual,1499.00,1999.00,true,false,,,,,"",https://cdn.shopify.com/s/files/1/1020/9912/4593/files/E2366E67-A40B-4BCB-AAFD-CE9DA55D708A.jpg?v=1782468558,2,"",,,,,,,,,,,,,,,,,,,https://cdn.shopify.com/s/files/1/1020/9912/4593/files/4DE6AD8A-C05C-42C0-AD85-DE475EB0C192.jpg?v=1782129176,kg,,,
summer-special-farshi-set,,,,,,,,,green,,,l,,,,,,0.0,shopify,95,deny,manual,1499.00,1999.00,true,false,,,,,"",https://cdn.shopify.com/s/files/1/1020/9912/4593/files/DC161BB4-C87B-444B-8310-E3FF56EBB471.jpg?v=1782468546,3,"",,,,,,,,,,,,,,,,,,,https://cdn.shopify.com/s/files/1/1020/9912/4593/files/55427EFA-DBA3-43D0-9011-2914EFC56344.jpg?v=1782468546,kg,,,
summer-special-farshi-set,,,,,,,,,green,,,xl,,,,,,0.0,shopify,96,deny,manual,1499.00,1999.00,true,false,,,,,"",https://cdn.shopify.com/s/files/1/1020/9912/4593/files/7B89A445-01F0-48F1-89B2-4EC1CCEECF3B.jpg?v=1782468546,4,"",,,,,,,,,,,,,,,,,,,https://cdn.shopify.com/s/files/1/1020/9912/4593/files/55427EFA-DBA3-43D0-9011-2914EFC56344.jpg?v=1782468546,kg,,,
summer-special-farshi-set,,,,,,,,,green,,,2xl,,,,,,0.0,shopify,95,deny,manual,1499.00,1999.00,true,false,,,,,"",https://cdn.shopify.com/s/files/1/1020/9912/4593/files/WhatsAppImage2026-06-16at6.29.14PM_1.jpg?v=1781759816,5,"",,,,,,,,,,,,,,,,,,,https://cdn.shopify.com/s/files/1/1020/9912/4593/files/55427EFA-DBA3-43D0-9011-2914EFC56344.jpg?v=1782468546,kg,,,
summer-special-farshi-set,,,,,,,,,pink,,,l,,,,,,0.0,shopify,94,deny,manual,1499.00,1999.00,true,false,,,,,"",https://cdn.shopify.com/s/files/1/1020/9912/4593/files/WhatsAppImage2026-06-16at6.29.15PM.jpg?v=1781759816,6,"",,,,,,,,,,,,,,,,,,,https://cdn.shopify.com/s/files/1/1020/9912/4593/files/4DE6AD8A-C05C-42C0-AD85-DE475EB0C192.jpg?v=1782129176,kg,,,
summer-special-farshi-set,,,,,,,,,pink,,,xl,,,,,,0.0,shopify,97,deny,manual,1499.00,1999.00,true,false,,,,,"",https://cdn.shopify.com/s/files/1/1020/9912/4593/files/8F087E08-E2BE-4FC1-8E6E-AC8DBF48ACCE.jpg?v=1782468605,7,"",,,,,,,,,,,,,,,,,,,https://cdn.shopify.com/s/files/1/1020/9912/4593/files/4DE6AD8A-C05C-42C0-AD85-DE475EB0C192.jpg?v=1782129176,kg,,,
summer-special-farshi-set,,,,,,,,,pink,,,2xl,,,,,,0.0,shopify,99,deny,manual,1499.00,1999.00,true,false,,,,,"",https://cdn.shopify.com/s/files/1/1020/9912/4593/files/4DE6AD8A-C05C-42C0-AD85-DE475EB0C192.jpg?v=1782129176,8,"",,,,,,,,,,,,,,,,,,,https://cdn.shopify.com/s/files/1/1020/9912/4593/files/4DE6AD8A-C05C-42C0-AD85-DE475EB0C192.jpg?v=1782129176,kg,,,
summer-special-farshi-set,,,,,,,,,,,,,,,,,,,,,,,,,,,,,,,"",https://cdn.shopify.com/s/files/1/1020/9912/4593/files/937179DB-AD17-4853-A7E3-D8D8EDA87E85.jpg?v=1782129177,9,"",,,,,,,,,,,,,,,,,,,,,,,
summer-special-farshi-set,,,,,,,,,,,,,,,,,,,,,,,,,,,,,,,"",https://cdn.shopify.com/s/files/1/1020/9912/4593/files/51360EF6-D688-40FB-828C-CFDF72810D52.jpg?v=1782468605,10,"",,,,,,,,,,,,,,,,,,,,,,,
summer-special-farshi-set,,,,,,,,,,,,,,,,,,,,,,,,,,,,,,,"",https://cdn.shopify.com/s/files/1/1020/9912/4593/files/783A0A1A-E50F-48BF-B87A-8E1DE1373EA1.jpg?v=1782468546,11,"",,,,,,,,,,,,,,,,,,,,,,,
